interaction,x,y,score
num_amtrak_stations_80km & dest_metro_pop_weighted_sum,0,0,0.11255
num_amtrak_stations_80km & dest_metro_pop_weighted_sum,0,1,0.1149
num_amtrak_stations_80km & dest_metro_pop_weighted_sum,0,2,0.11983
num_amtrak_stations_80km & dest_metro_pop_weighted_sum,0,3,0.11891
num_amtrak_stations_80km & dest_metro_pop_weighted_sum,0,4,0.00865
num_amtrak_stations_80km & dest_metro_pop_weighted_sum,0,5,0.00845
num_amtrak_stations_80km & dest_metro_pop_weighted_sum,0,6,0.00648
num_amtrak_stations_80km & dest_metro_pop_weighted_sum,0,7,0.03166
num_amtrak_stations_80km & dest_metro_pop_weighted_sum,0,8,0.02969
num_amtrak_stations_80km & dest_metro_pop_weighted_sum,0,9,0.02165
num_amtrak_stations_80km & dest_metro_pop_weighted_sum,0,10,0.02157
num_amtrak_stations_80km & dest_metro_pop_weighted_sum,0,11,0.02138
num_amtrak_stations_80km & dest_metro_pop_weighted_sum,0,12,0.01933
num_amtrak_stations_80km & dest_metro_pop_weighted_sum,0,13,0.01893
num_amtrak_stations_80km & dest_metro_pop_weighted_sum,0,14,0.01761
num_amtrak_stations_80km & dest_metro_pop_weighted_sum,0,15,0.01673
num_amtrak_stations_80km & dest_metro_pop_weighted_sum,0,16,0.01252
num_amtrak_stations_80km & dest_metro_pop_weighted_sum,0,17,0.00346
num_amtrak_stations_80km & dest_metro_pop_weighted_sum,0,18,0.002
num_amtrak_stations_80km & dest_metro_pop_weighted_sum,0,19,0.00089
num_amtrak_stations_80km & dest_metro_pop_weighted_sum,0,20,-0.00498
num_amtrak_stations_80km & dest_metro_pop_weighted_sum,0,21,-0.00625
num_amtrak_stations_80km & dest_metro_pop_weighted_sum,0,22,-0.01282
num_amtrak_stations_80km & dest_metro_pop_weighted_sum,0,23,-0.0141
num_amtrak_stations_80km & dest_metro_pop_weighted_sum,0,24,-0.0161
num_amtrak_stations_80km & dest_metro_pop_weighted_sum,0,25,-0.01699
num_amtrak_stations_80km & dest_metro_pop_weighted_sum,0,26,-0.01732
num_amtrak_stations_80km & dest_metro_pop_weighted_sum,0,27,-0.01784
num_amtrak_stations_80km & dest_metro_pop_weighted_sum,0,28,-0.01811
num_amtrak_stations_80km & dest_metro_pop_weighted_sum,0,29,-0.02154
num_amtrak_stations_80km & dest_metro_pop_weighted_sum,0,30,-0.03422
num_amtrak_stations_80km & dest_metro_pop_weighted_sum,0,31,-0.03607
num_amtrak_stations_80km & dest_metro_pop_weighted_sum,0,32,-0.04065
num_amtrak_stations_80km & dest_metro_pop_weighted_sum,0,33,-0.0425
num_amtrak_stations_80km & dest_metro_pop_weighted_sum,0,34,-0.04316
num_amtrak_stations_80km & dest_metro_pop_weighted_sum,0,35,-0.04361
num_amtrak_stations_80km & dest_metro_pop_weighted_sum,0,36,-0.03074
num_amtrak_stations_80km & dest_metro_pop_weighted_sum,0,37,-0.03099
num_amtrak_stations_80km & dest_metro_pop_weighted_sum,0,38,-0.02949
num_amtrak_stations_80km & dest_metro_pop_weighted_sum,0,39,0.01627
num_amtrak_stations_80km & dest_metro_pop_weighted_sum,0,40,0.01615
num_amtrak_stations_80km & dest_metro_pop_weighted_sum,0,41,0.01409
num_amtrak_stations_80km & dest_metro_pop_weighted_sum,0,42,0.01393
num_amtrak_stations_80km & dest_metro_pop_weighted_sum,0,43,0.01389
num_amtrak_stations_80km & dest_metro_pop_weighted_sum,0,44,0.01368
num_amtrak_stations_80km & dest_metro_pop_weighted_sum,0,45,0.01385
num_amtrak_stations_80km & dest_metro_pop_weighted_sum,0,46,0.01342
num_amtrak_stations_80km & dest_metro_pop_weighted_sum,0,47,0.01394
num_amtrak_stations_80km & dest_metro_pop_weighted_sum,0,48,0.0153
num_amtrak_stations_80km & dest_metro_pop_weighted_sum,0,49,0.03554
num_amtrak_stations_80km & dest_metro_pop_weighted_sum,0,50,0.03544
num_amtrak_stations_80km & dest_metro_pop_weighted_sum,0,51,0.03916
num_amtrak_stations_80km & dest_metro_pop_weighted_sum,0,52,0.03938
num_amtrak_stations_80km & dest_metro_pop_weighted_sum,0,53,0.03481
num_amtrak_stations_80km & dest_metro_pop_weighted_sum,0,54,0.03132
num_amtrak_stations_80km & dest_metro_pop_weighted_sum,0,55,0.00389
num_amtrak_stations_80km & dest_metro_pop_weighted_sum,0,56,0.00362
num_amtrak_stations_80km & dest_metro_pop_weighted_sum,0,57,-0.0011
num_amtrak_stations_80km & dest_metro_pop_weighted_sum,0,58,-0.00121
num_amtrak_stations_80km & dest_metro_pop_weighted_sum,0,59,-0.00129
num_amtrak_stations_80km & dest_metro_pop_weighted_sum,0,60,-0.00106
num_amtrak_stations_80km & dest_metro_pop_weighted_sum,0,61,-0.00116
num_amtrak_stations_80km & dest_metro_pop_weighted_sum,1,0,0.13829
num_amtrak_stations_80km & dest_metro_pop_weighted_sum,1,1,0.14067
num_amtrak_stations_80km & dest_metro_pop_weighted_sum,1,2,0.14559
num_amtrak_stations_80km & dest_metro_pop_weighted_sum,1,3,0.14471
num_amtrak_stations_80km & dest_metro_pop_weighted_sum,1,4,0.03323
num_amtrak_stations_80km & dest_metro_pop_weighted_sum,1,5,0.03229
num_amtrak_stations_80km & dest_metro_pop_weighted_sum,1,6,0.0302
num_amtrak_stations_80km & dest_metro_pop_weighted_sum,1,7,0.02728
num_amtrak_stations_80km & dest_metro_pop_weighted_sum,1,8,0.0253
num_amtrak_stations_80km & dest_metro_pop_weighted_sum,1,9,0.01724
num_amtrak_stations_80km & dest_metro_pop_weighted_sum,1,10,0.01709
num_amtrak_stations_80km & dest_metro_pop_weighted_sum,1,11,0.01691
num_amtrak_stations_80km & dest_metro_pop_weighted_sum,1,12,0.01486
num_amtrak_stations_80km & dest_metro_pop_weighted_sum,1,13,0.01456
num_amtrak_stations_80km & dest_metro_pop_weighted_sum,1,14,0.01323
num_amtrak_stations_80km & dest_metro_pop_weighted_sum,1,15,0.01236
num_amtrak_stations_80km & dest_metro_pop_weighted_sum,1,16,0.00815
num_amtrak_stations_80km & dest_metro_pop_weighted_sum,1,17,-0.00066
num_amtrak_stations_80km & dest_metro_pop_weighted_sum,1,18,-0.00193
num_amtrak_stations_80km & dest_metro_pop_weighted_sum,1,19,-0.00283
num_amtrak_stations_80km & dest_metro_pop_weighted_sum,1,20,-0.0087
num_amtrak_stations_80km & dest_metro_pop_weighted_sum,1,21,-0.00983
num_amtrak_stations_80km & dest_metro_pop_weighted_sum,1,22,-0.01616
num_amtrak_stations_80km & dest_metro_pop_weighted_sum,1,23,-0.01724
num_amtrak_stations_80km & dest_metro_pop_weighted_sum,1,24,-0.01924
num_amtrak_stations_80km & dest_metro_pop_weighted_sum,1,25,-0.01993
num_amtrak_stations_80km & dest_metro_pop_weighted_sum,1,26,-0.02006
num_amtrak_stations_80km & dest_metro_pop_weighted_sum,1,27,-0.02058
num_amtrak_stations_80km & dest_metro_pop_weighted_sum,1,28,-0.02075
num_amtrak_stations_80km & dest_metro_pop_weighted_sum,1,29,-0.02418
num_amtrak_stations_80km & dest_metro_pop_weighted_sum,1,30,-0.03686
num_amtrak_stations_80km & dest_metro_pop_weighted_sum,1,31,-0.03858
num_amtrak_stations_80km & dest_metro_pop_weighted_sum,1,32,-0.04306
num_amtrak_stations_80km & dest_metro_pop_weighted_sum,1,33,-0.04485
num_amtrak_stations_80km & dest_metro_pop_weighted_sum,1,34,-0.04552
num_amtrak_stations_80km & dest_metro_pop_weighted_sum,1,35,-0.046
num_amtrak_stations_80km & dest_metro_pop_weighted_sum,1,36,-0.04643
num_amtrak_stations_80km & dest_metro_pop_weighted_sum,1,37,-0.04668
num_amtrak_stations_80km & dest_metro_pop_weighted_sum,1,38,-0.04517
num_amtrak_stations_80km & dest_metro_pop_weighted_sum,1,39,-0.00183
num_amtrak_stations_80km & dest_metro_pop_weighted_sum,1,40,-0.00208
num_amtrak_stations_80km & dest_metro_pop_weighted_sum,1,41,-0.00414
num_amtrak_stations_80km & dest_metro_pop_weighted_sum,1,42,-0.00438
num_amtrak_stations_80km & dest_metro_pop_weighted_sum,1,43,-0.00441
num_amtrak_stations_80km & dest_metro_pop_weighted_sum,1,44,-0.00472
num_amtrak_stations_80km & dest_metro_pop_weighted_sum,1,45,-0.00455
num_amtrak_stations_80km & dest_metro_pop_weighted_sum,1,46,-0.00469
num_amtrak_stations_80km & dest_metro_pop_weighted_sum,1,47,-0.00417
num_amtrak_stations_80km & dest_metro_pop_weighted_sum,1,48,-0.00281
num_amtrak_stations_80km & dest_metro_pop_weighted_sum,1,49,0.01743
num_amtrak_stations_80km & dest_metro_pop_weighted_sum,1,50,0.01733
num_amtrak_stations_80km & dest_metro_pop_weighted_sum,1,51,0.02104
num_amtrak_stations_80km & dest_metro_pop_weighted_sum,1,52,0.0213
num_amtrak_stations_80km & dest_metro_pop_weighted_sum,1,53,0.01671
num_amtrak_stations_80km & dest_metro_pop_weighted_sum,1,54,0.01324
num_amtrak_stations_80km & dest_metro_pop_weighted_sum,1,55,-0.01425
num_amtrak_stations_80km & dest_metro_pop_weighted_sum,1,56,-0.01451
num_amtrak_stations_80km & dest_metro_pop_weighted_sum,1,57,-0.01911
num_amtrak_stations_80km & dest_metro_pop_weighted_sum,1,58,-0.0192
num_amtrak_stations_80km & dest_metro_pop_weighted_sum,1,59,-0.01926
num_amtrak_stations_80km & dest_metro_pop_weighted_sum,1,60,-0.01893
num_amtrak_stations_80km & dest_metro_pop_weighted_sum,1,61,-0.01898
num_amtrak_stations_80km & dest_metro_pop_weighted_sum,2,0,0.14085
num_amtrak_stations_80km & dest_metro_pop_weighted_sum,2,1,0.14336
num_amtrak_stations_80km & dest_metro_pop_weighted_sum,2,2,0.14848
num_amtrak_stations_80km & dest_metro_pop_weighted_sum,2,3,0.148
num_amtrak_stations_80km & dest_metro_pop_weighted_sum,2,4,0.03749
num_amtrak_stations_80km & dest_metro_pop_weighted_sum,2,5,0.03656
num_amtrak_stations_80km & dest_metro_pop_weighted_sum,2,6,0.03447
num_amtrak_stations_80km & dest_metro_pop_weighted_sum,2,7,0.03164
num_amtrak_stations_80km & dest_metro_pop_weighted_sum,2,8,0.02979
num_amtrak_stations_80km & dest_metro_pop_weighted_sum,2,9,0.02418
num_amtrak_stations_80km & dest_metro_pop_weighted_sum,2,10,0.0242
num_amtrak_stations_80km & dest_metro_pop_weighted_sum,2,11,0.02402
num_amtrak_stations_80km & dest_metro_pop_weighted_sum,2,12,0.02225
num_amtrak_stations_80km & dest_metro_pop_weighted_sum,2,13,0.02195
num_amtrak_stations_80km & dest_metro_pop_weighted_sum,2,14,0.02083
num_amtrak_stations_80km & dest_metro_pop_weighted_sum,2,15,0.02017
num_amtrak_stations_80km & dest_metro_pop_weighted_sum,2,16,0.02041
num_amtrak_stations_80km & dest_metro_pop_weighted_sum,2,17,0.01242
num_amtrak_stations_80km & dest_metro_pop_weighted_sum,2,18,0.01159
num_amtrak_stations_80km & dest_metro_pop_weighted_sum,2,19,0.0107
num_amtrak_stations_80km & dest_metro_pop_weighted_sum,2,20,0.00683
num_amtrak_stations_80km & dest_metro_pop_weighted_sum,2,21,0.00593
num_amtrak_stations_80km & dest_metro_pop_weighted_sum,2,22,-0.00029
num_amtrak_stations_80km & dest_metro_pop_weighted_sum,2,23,-0.00118
num_amtrak_stations_80km & dest_metro_pop_weighted_sum,2,24,-0.00317
num_amtrak_stations_80km & dest_metro_pop_weighted_sum,2,25,-0.00363
num_amtrak_stations_80km & dest_metro_pop_weighted_sum,2,26,-0.00358
num_amtrak_stations_80km & dest_metro_pop_weighted_sum,2,27,-0.00356
num_amtrak_stations_80km & dest_metro_pop_weighted_sum,2,28,-0.00373
num_amtrak_stations_80km & dest_metro_pop_weighted_sum,2,29,-0.00683
num_amtrak_stations_80km & dest_metro_pop_weighted_sum,2,30,-0.01943
num_amtrak_stations_80km & dest_metro_pop_weighted_sum,2,31,-0.02115
num_amtrak_stations_80km & dest_metro_pop_weighted_sum,2,32,-0.02563
num_amtrak_stations_80km & dest_metro_pop_weighted_sum,2,33,-0.02708
num_amtrak_stations_80km & dest_metro_pop_weighted_sum,2,34,-0.02769
num_amtrak_stations_80km & dest_metro_pop_weighted_sum,2,35,-0.02817
num_amtrak_stations_80km & dest_metro_pop_weighted_sum,2,36,-0.0286
num_amtrak_stations_80km & dest_metro_pop_weighted_sum,2,37,-0.02889
num_amtrak_stations_80km & dest_metro_pop_weighted_sum,2,38,-0.02735
num_amtrak_stations_80km & dest_metro_pop_weighted_sum,2,39,0.00656
num_amtrak_stations_80km & dest_metro_pop_weighted_sum,2,40,0.00632
num_amtrak_stations_80km & dest_metro_pop_weighted_sum,2,41,0.00425
num_amtrak_stations_80km & dest_metro_pop_weighted_sum,2,42,0.00397
num_amtrak_stations_80km & dest_metro_pop_weighted_sum,2,43,0.00395
num_amtrak_stations_80km & dest_metro_pop_weighted_sum,2,44,0.00339
num_amtrak_stations_80km & dest_metro_pop_weighted_sum,2,45,0.00389
num_amtrak_stations_80km & dest_metro_pop_weighted_sum,2,46,0.00429
num_amtrak_stations_80km & dest_metro_pop_weighted_sum,2,47,0.00481
num_amtrak_stations_80km & dest_metro_pop_weighted_sum,2,48,0.00617
num_amtrak_stations_80km & dest_metro_pop_weighted_sum,2,49,0.0264
num_amtrak_stations_80km & dest_metro_pop_weighted_sum,2,50,0.02631
num_amtrak_stations_80km & dest_metro_pop_weighted_sum,2,51,0.03002
num_amtrak_stations_80km & dest_metro_pop_weighted_sum,2,52,0.0302
num_amtrak_stations_80km & dest_metro_pop_weighted_sum,2,53,0.02561
num_amtrak_stations_80km & dest_metro_pop_weighted_sum,2,54,0.02209
num_amtrak_stations_80km & dest_metro_pop_weighted_sum,2,55,-0.00776
num_amtrak_stations_80km & dest_metro_pop_weighted_sum,2,56,-0.00822
num_amtrak_stations_80km & dest_metro_pop_weighted_sum,2,57,-0.01282
num_amtrak_stations_80km & dest_metro_pop_weighted_sum,2,58,-0.01288
num_amtrak_stations_80km & dest_metro_pop_weighted_sum,2,59,-0.01295
num_amtrak_stations_80km & dest_metro_pop_weighted_sum,2,60,-0.01262
num_amtrak_stations_80km & dest_metro_pop_weighted_sum,2,61,-0.01268
num_amtrak_stations_80km & dest_metro_pop_weighted_sum,3,0,0.0311
num_amtrak_stations_80km & dest_metro_pop_weighted_sum,3,1,0.03386
num_amtrak_stations_80km & dest_metro_pop_weighted_sum,3,2,0.03898
num_amtrak_stations_80km & dest_metro_pop_weighted_sum,3,3,0.03891
num_amtrak_stations_80km & dest_metro_pop_weighted_sum,3,4,0.04321
num_amtrak_stations_80km & dest_metro_pop_weighted_sum,3,5,0.04279
num_amtrak_stations_80km & dest_metro_pop_weighted_sum,3,6,0.04435
num_amtrak_stations_80km & dest_metro_pop_weighted_sum,3,7,0.04153
num_amtrak_stations_80km & dest_metro_pop_weighted_sum,3,8,0.03967
num_amtrak_stations_80km & dest_metro_pop_weighted_sum,3,9,0.03668
num_amtrak_stations_80km & dest_metro_pop_weighted_sum,3,10,0.03691
num_amtrak_stations_80km & dest_metro_pop_weighted_sum,3,11,0.03674
num_amtrak_stations_80km & dest_metro_pop_weighted_sum,3,12,0.04267
num_amtrak_stations_80km & dest_metro_pop_weighted_sum,3,13,0.04246
num_amtrak_stations_80km & dest_metro_pop_weighted_sum,3,14,0.04194
num_amtrak_stations_80km & dest_metro_pop_weighted_sum,3,15,0.04128
num_amtrak_stations_80km & dest_metro_pop_weighted_sum,3,16,0.04152
num_amtrak_stations_80km & dest_metro_pop_weighted_sum,3,17,0.03392
num_amtrak_stations_80km & dest_metro_pop_weighted_sum,3,18,0.03345
num_amtrak_stations_80km & dest_metro_pop_weighted_sum,3,19,0.03256
num_amtrak_stations_80km & dest_metro_pop_weighted_sum,3,20,0.02881
num_amtrak_stations_80km & dest_metro_pop_weighted_sum,3,21,0.02801
num_amtrak_stations_80km & dest_metro_pop_weighted_sum,3,22,0.02279
num_amtrak_stations_80km & dest_metro_pop_weighted_sum,3,23,0.022
num_amtrak_stations_80km & dest_metro_pop_weighted_sum,3,24,0.02001
num_amtrak_stations_80km & dest_metro_pop_weighted_sum,3,25,0.01963
num_amtrak_stations_80km & dest_metro_pop_weighted_sum,3,26,0.01968
num_amtrak_stations_80km & dest_metro_pop_weighted_sum,3,27,0.01979
num_amtrak_stations_80km & dest_metro_pop_weighted_sum,3,28,0.01962
num_amtrak_stations_80km & dest_metro_pop_weighted_sum,3,29,0.01652
num_amtrak_stations_80km & dest_metro_pop_weighted_sum,3,30,0.00462
num_amtrak_stations_80km & dest_metro_pop_weighted_sum,3,31,0.00291
num_amtrak_stations_80km & dest_metro_pop_weighted_sum,3,32,-0.00152
num_amtrak_stations_80km & dest_metro_pop_weighted_sum,3,33,-0.00293
num_amtrak_stations_80km & dest_metro_pop_weighted_sum,3,34,-0.00346
num_amtrak_stations_80km & dest_metro_pop_weighted_sum,3,35,-0.00382
num_amtrak_stations_80km & dest_metro_pop_weighted_sum,3,36,-0.00404
num_amtrak_stations_80km & dest_metro_pop_weighted_sum,3,37,-0.00433
num_amtrak_stations_80km & dest_metro_pop_weighted_sum,3,38,-0.0028
num_amtrak_stations_80km & dest_metro_pop_weighted_sum,3,39,0.02004
num_amtrak_stations_80km & dest_metro_pop_weighted_sum,3,40,0.01979
num_amtrak_stations_80km & dest_metro_pop_weighted_sum,3,41,0.01759
num_amtrak_stations_80km & dest_metro_pop_weighted_sum,3,42,0.01731
num_amtrak_stations_80km & dest_metro_pop_weighted_sum,3,43,0.01724
num_amtrak_stations_80km & dest_metro_pop_weighted_sum,3,44,0.01667
num_amtrak_stations_80km & dest_metro_pop_weighted_sum,3,45,0.01711
num_amtrak_stations_80km & dest_metro_pop_weighted_sum,3,46,0.01752
num_amtrak_stations_80km & dest_metro_pop_weighted_sum,3,47,0.01804
num_amtrak_stations_80km & dest_metro_pop_weighted_sum,3,48,0.01939
num_amtrak_stations_80km & dest_metro_pop_weighted_sum,3,49,0.04936
num_amtrak_stations_80km & dest_metro_pop_weighted_sum,3,50,0.04927
num_amtrak_stations_80km & dest_metro_pop_weighted_sum,3,51,0.0531
num_amtrak_stations_80km & dest_metro_pop_weighted_sum,3,52,0.05328
num_amtrak_stations_80km & dest_metro_pop_weighted_sum,3,53,0.04879
num_amtrak_stations_80km & dest_metro_pop_weighted_sum,3,54,0.0454
num_amtrak_stations_80km & dest_metro_pop_weighted_sum,3,55,0.01586
num_amtrak_stations_80km & dest_metro_pop_weighted_sum,3,56,0.01516
num_amtrak_stations_80km & dest_metro_pop_weighted_sum,3,57,0.01048
num_amtrak_stations_80km & dest_metro_pop_weighted_sum,3,58,0.01044
num_amtrak_stations_80km & dest_metro_pop_weighted_sum,3,59,0.01037
num_amtrak_stations_80km & dest_metro_pop_weighted_sum,3,60,0.01078
num_amtrak_stations_80km & dest_metro_pop_weighted_sum,3,61,0.01072
num_amtrak_stations_80km & dest_metro_pop_weighted_sum,4,0,-0.07381
num_amtrak_stations_80km & dest_metro_pop_weighted_sum,4,1,-0.06214
num_amtrak_stations_80km & dest_metro_pop_weighted_sum,4,2,-0.05021
num_amtrak_stations_80km & dest_metro_pop_weighted_sum,4,3,-0.05028
num_amtrak_stations_80km & dest_metro_pop_weighted_sum,4,4,-0.04598
num_amtrak_stations_80km & dest_metro_pop_weighted_sum,4,5,-0.0464
num_amtrak_stations_80km & dest_metro_pop_weighted_sum,4,6,-0.04466
num_amtrak_stations_80km & dest_metro_pop_weighted_sum,4,7,-0.04692
num_amtrak_stations_80km & dest_metro_pop_weighted_sum,4,8,-0.04842
num_amtrak_stations_80km & dest_metro_pop_weighted_sum,4,9,-0.0447
num_amtrak_stations_80km & dest_metro_pop_weighted_sum,4,10,-0.04431
num_amtrak_stations_80km & dest_metro_pop_weighted_sum,4,11,-0.04429
num_amtrak_stations_80km & dest_metro_pop_weighted_sum,4,12,-0.0323
num_amtrak_stations_80km & dest_metro_pop_weighted_sum,4,13,-0.03222
num_amtrak_stations_80km & dest_metro_pop_weighted_sum,4,14,-0.03233
num_amtrak_stations_80km & dest_metro_pop_weighted_sum,4,15,-0.03272
num_amtrak_stations_80km & dest_metro_pop_weighted_sum,4,16,-0.03248
num_amtrak_stations_80km & dest_metro_pop_weighted_sum,4,17,-0.01719
num_amtrak_stations_80km & dest_metro_pop_weighted_sum,4,18,-0.01733
num_amtrak_stations_80km & dest_metro_pop_weighted_sum,4,19,-0.01357
num_amtrak_stations_80km & dest_metro_pop_weighted_sum,4,20,-0.00945
num_amtrak_stations_80km & dest_metro_pop_weighted_sum,4,21,-0.00991
num_amtrak_stations_80km & dest_metro_pop_weighted_sum,4,22,-0.0091
num_amtrak_stations_80km & dest_metro_pop_weighted_sum,4,23,-0.00955
num_amtrak_stations_80km & dest_metro_pop_weighted_sum,4,24,-0.00682
num_amtrak_stations_80km & dest_metro_pop_weighted_sum,4,25,-0.0068
num_amtrak_stations_80km & dest_metro_pop_weighted_sum,4,26,-0.00632
num_amtrak_stations_80km & dest_metro_pop_weighted_sum,4,27,-0.00621
num_amtrak_stations_80km & dest_metro_pop_weighted_sum,4,28,-0.00475
num_amtrak_stations_80km & dest_metro_pop_weighted_sum,4,29,-0.00784
num_amtrak_stations_80km & dest_metro_pop_weighted_sum,4,30,0.00197
num_amtrak_stations_80km & dest_metro_pop_weighted_sum,4,31,0.00026
num_amtrak_stations_80km & dest_metro_pop_weighted_sum,4,32,-0.00383
num_amtrak_stations_80km & dest_metro_pop_weighted_sum,4,33,-0.00524
num_amtrak_stations_80km & dest_metro_pop_weighted_sum,4,34,-0.00563
num_amtrak_stations_80km & dest_metro_pop_weighted_sum,4,35,-0.00574
num_amtrak_stations_80km & dest_metro_pop_weighted_sum,4,36,-0.00593
num_amtrak_stations_80km & dest_metro_pop_weighted_sum,4,37,-0.00612
num_amtrak_stations_80km & dest_metro_pop_weighted_sum,4,38,-0.00473
num_amtrak_stations_80km & dest_metro_pop_weighted_sum,4,39,0.01486
num_amtrak_stations_80km & dest_metro_pop_weighted_sum,4,40,0.01465
num_amtrak_stations_80km & dest_metro_pop_weighted_sum,4,41,0.01244
num_amtrak_stations_80km & dest_metro_pop_weighted_sum,4,42,0.01215
num_amtrak_stations_80km & dest_metro_pop_weighted_sum,4,43,0.01208
num_amtrak_stations_80km & dest_metro_pop_weighted_sum,4,44,0.01165
num_amtrak_stations_80km & dest_metro_pop_weighted_sum,4,45,0.01201
num_amtrak_stations_80km & dest_metro_pop_weighted_sum,4,46,0.01246
num_amtrak_stations_80km & dest_metro_pop_weighted_sum,4,47,0.0131
num_amtrak_stations_80km & dest_metro_pop_weighted_sum,4,48,0.01436
num_amtrak_stations_80km & dest_metro_pop_weighted_sum,4,49,0.04556
num_amtrak_stations_80km & dest_metro_pop_weighted_sum,4,50,0.04546
num_amtrak_stations_80km & dest_metro_pop_weighted_sum,4,51,0.0494
num_amtrak_stations_80km & dest_metro_pop_weighted_sum,4,52,0.04956
num_amtrak_stations_80km & dest_metro_pop_weighted_sum,4,53,0.04506
num_amtrak_stations_80km & dest_metro_pop_weighted_sum,4,54,0.04178
num_amtrak_stations_80km & dest_metro_pop_weighted_sum,4,55,0.01224
num_amtrak_stations_80km & dest_metro_pop_weighted_sum,4,56,0.01157
num_amtrak_stations_80km & dest_metro_pop_weighted_sum,4,57,0.00689
num_amtrak_stations_80km & dest_metro_pop_weighted_sum,4,58,0.00685
num_amtrak_stations_80km & dest_metro_pop_weighted_sum,4,59,0.00678
num_amtrak_stations_80km & dest_metro_pop_weighted_sum,4,60,0.00723
num_amtrak_stations_80km & dest_metro_pop_weighted_sum,4,61,0.00732
num_amtrak_stations_80km & dest_metro_pop_weighted_sum,5,0,-0.10994
num_amtrak_stations_80km & dest_metro_pop_weighted_sum,5,1,-0.09721
num_amtrak_stations_80km & dest_metro_pop_weighted_sum,5,2,-0.08516
num_amtrak_stations_80km & dest_metro_pop_weighted_sum,5,3,-0.08513
num_amtrak_stations_80km & dest_metro_pop_weighted_sum,5,4,-0.08008
num_amtrak_stations_80km & dest_metro_pop_weighted_sum,5,5,-0.08035
num_amtrak_stations_80km & dest_metro_pop_weighted_sum,5,6,-0.07862
num_amtrak_stations_80km & dest_metro_pop_weighted_sum,5,7,-0.08004
num_amtrak_stations_80km & dest_metro_pop_weighted_sum,5,8,-0.08125
num_amtrak_stations_80km & dest_metro_pop_weighted_sum,5,9,-0.07666
num_amtrak_stations_80km & dest_metro_pop_weighted_sum,5,10,-0.07628
num_amtrak_stations_80km & dest_metro_pop_weighted_sum,5,11,-0.07575
num_amtrak_stations_80km & dest_metro_pop_weighted_sum,5,12,-0.06375
num_amtrak_stations_80km & dest_metro_pop_weighted_sum,5,13,-0.0633
num_amtrak_stations_80km & dest_metro_pop_weighted_sum,5,14,-0.06273
num_amtrak_stations_80km & dest_metro_pop_weighted_sum,5,15,-0.06268
num_amtrak_stations_80km & dest_metro_pop_weighted_sum,5,16,-0.06243
num_amtrak_stations_80km & dest_metro_pop_weighted_sum,5,17,-0.04657
num_amtrak_stations_80km & dest_metro_pop_weighted_sum,5,18,-0.04623
num_amtrak_stations_80km & dest_metro_pop_weighted_sum,5,19,-0.04205
num_amtrak_stations_80km & dest_metro_pop_weighted_sum,5,20,-0.03677
num_amtrak_stations_80km & dest_metro_pop_weighted_sum,5,21,-0.03675
num_amtrak_stations_80km & dest_metro_pop_weighted_sum,5,22,-0.03256
num_amtrak_stations_80km & dest_metro_pop_weighted_sum,5,23,-0.03278
num_amtrak_stations_80km & dest_metro_pop_weighted_sum,5,24,-0.02953
num_amtrak_stations_80km & dest_metro_pop_weighted_sum,5,25,-0.02892
num_amtrak_stations_80km & dest_metro_pop_weighted_sum,5,26,-0.02844
num_amtrak_stations_80km & dest_metro_pop_weighted_sum,5,27,-0.0281
num_amtrak_stations_80km & dest_metro_pop_weighted_sum,5,28,-0.02664
num_amtrak_stations_80km & dest_metro_pop_weighted_sum,5,29,-0.01923
num_amtrak_stations_80km & dest_metro_pop_weighted_sum,5,30,0.00156
num_amtrak_stations_80km & dest_metro_pop_weighted_sum,5,31,0.00129
num_amtrak_stations_80km & dest_metro_pop_weighted_sum,5,32,0.00098
num_amtrak_stations_80km & dest_metro_pop_weighted_sum,5,33,0.0007
num_amtrak_stations_80km & dest_metro_pop_weighted_sum,5,34,0.00075
num_amtrak_stations_80km & dest_metro_pop_weighted_sum,5,35,0.00064
num_amtrak_stations_80km & dest_metro_pop_weighted_sum,5,36,0.00059
num_amtrak_stations_80km & dest_metro_pop_weighted_sum,5,37,0.00062
num_amtrak_stations_80km & dest_metro_pop_weighted_sum,5,38,0.00212
num_amtrak_stations_80km & dest_metro_pop_weighted_sum,5,39,0.02191
num_amtrak_stations_80km & dest_metro_pop_weighted_sum,5,40,0.02193
num_amtrak_stations_80km & dest_metro_pop_weighted_sum,5,41,0.0198
num_amtrak_stations_80km & dest_metro_pop_weighted_sum,5,42,0.01949
num_amtrak_stations_80km & dest_metro_pop_weighted_sum,5,43,0.01943
num_amtrak_stations_80km & dest_metro_pop_weighted_sum,5,44,0.01919
num_amtrak_stations_80km & dest_metro_pop_weighted_sum,5,45,0.01955
num_amtrak_stations_80km & dest_metro_pop_weighted_sum,5,46,0.01997
num_amtrak_stations_80km & dest_metro_pop_weighted_sum,5,47,0.02061
num_amtrak_stations_80km & dest_metro_pop_weighted_sum,5,48,0.02193
num_amtrak_stations_80km & dest_metro_pop_weighted_sum,5,49,0.05318
num_amtrak_stations_80km & dest_metro_pop_weighted_sum,5,50,0.05309
num_amtrak_stations_80km & dest_metro_pop_weighted_sum,5,51,0.05351
num_amtrak_stations_80km & dest_metro_pop_weighted_sum,5,52,0.05352
num_amtrak_stations_80km & dest_metro_pop_weighted_sum,5,53,0.04905
num_amtrak_stations_80km & dest_metro_pop_weighted_sum,5,54,0.04577
num_amtrak_stations_80km & dest_metro_pop_weighted_sum,5,55,0.01616
num_amtrak_stations_80km & dest_metro_pop_weighted_sum,5,56,0.01549
num_amtrak_stations_80km & dest_metro_pop_weighted_sum,5,57,0.01079
num_amtrak_stations_80km & dest_metro_pop_weighted_sum,5,58,0.01085
num_amtrak_stations_80km & dest_metro_pop_weighted_sum,5,59,0.01078
num_amtrak_stations_80km & dest_metro_pop_weighted_sum,5,60,0.01123
num_amtrak_stations_80km & dest_metro_pop_weighted_sum,5,61,0.01139
num_amtrak_stations_80km & dest_metro_pop_weighted_sum,6,0,-0.11451
num_amtrak_stations_80km & dest_metro_pop_weighted_sum,6,1,-0.10188
num_amtrak_stations_80km & dest_metro_pop_weighted_sum,6,2,-0.08991
num_amtrak_stations_80km & dest_metro_pop_weighted_sum,6,3,-0.08997
num_amtrak_stations_80km & dest_metro_pop_weighted_sum,6,4,-0.08493
num_amtrak_stations_80km & dest_metro_pop_weighted_sum,6,5,-0.08471
num_amtrak_stations_80km & dest_metro_pop_weighted_sum,6,6,-0.08298
num_amtrak_stations_80km & dest_metro_pop_weighted_sum,6,7,-0.08408
num_amtrak_stations_80km & dest_metro_pop_weighted_sum,6,8,-0.08529
num_amtrak_stations_80km & dest_metro_pop_weighted_sum,6,9,-0.0807
num_amtrak_stations_80km & dest_metro_pop_weighted_sum,6,10,-0.08018
num_amtrak_stations_80km & dest_metro_pop_weighted_sum,6,11,-0.07958
num_amtrak_stations_80km & dest_metro_pop_weighted_sum,6,12,-0.06699
num_amtrak_stations_80km & dest_metro_pop_weighted_sum,6,13,-0.06653
num_amtrak_stations_80km & dest_metro_pop_weighted_sum,6,14,-0.06592
num_amtrak_stations_80km & dest_metro_pop_weighted_sum,6,15,-0.06563
num_amtrak_stations_80km & dest_metro_pop_weighted_sum,6,16,-0.06508
num_amtrak_stations_80km & dest_metro_pop_weighted_sum,6,17,-0.04921
num_amtrak_stations_80km & dest_metro_pop_weighted_sum,6,18,-0.04872
num_amtrak_stations_80km & dest_metro_pop_weighted_sum,6,19,-0.04402
num_amtrak_stations_80km & dest_metro_pop_weighted_sum,6,20,-0.03875
num_amtrak_stations_80km & dest_metro_pop_weighted_sum,6,21,-0.03854
num_amtrak_stations_80km & dest_metro_pop_weighted_sum,6,22,-0.03395
num_amtrak_stations_80km & dest_metro_pop_weighted_sum,6,23,-0.03418
num_amtrak_stations_80km & dest_metro_pop_weighted_sum,6,24,-0.03093
num_amtrak_stations_80km & dest_metro_pop_weighted_sum,6,25,-0.03032
num_amtrak_stations_80km & dest_metro_pop_weighted_sum,6,26,-0.02984
num_amtrak_stations_80km & dest_metro_pop_weighted_sum,6,27,-0.02946
num_amtrak_stations_80km & dest_metro_pop_weighted_sum,6,28,-0.02799
num_amtrak_stations_80km & dest_metro_pop_weighted_sum,6,29,-0.02058
num_amtrak_stations_80km & dest_metro_pop_weighted_sum,6,30,0.00061
num_amtrak_stations_80km & dest_metro_pop_weighted_sum,6,31,0.00058
num_amtrak_stations_80km & dest_metro_pop_weighted_sum,6,32,0.00053
num_amtrak_stations_80km & dest_metro_pop_weighted_sum,6,33,0.00056
num_amtrak_stations_80km & dest_metro_pop_weighted_sum,6,34,0.00078
num_amtrak_stations_80km & dest_metro_pop_weighted_sum,6,35,0.00067
num_amtrak_stations_80km & dest_metro_pop_weighted_sum,6,36,0.00061
num_amtrak_stations_80km & dest_metro_pop_weighted_sum,6,37,0.00078
num_amtrak_stations_80km & dest_metro_pop_weighted_sum,6,38,0.00227
num_amtrak_stations_80km & dest_metro_pop_weighted_sum,6,39,0.02215
num_amtrak_stations_80km & dest_metro_pop_weighted_sum,6,40,0.02217
num_amtrak_stations_80km & dest_metro_pop_weighted_sum,6,41,0.02004
num_amtrak_stations_80km & dest_metro_pop_weighted_sum,6,42,0.01971
num_amtrak_stations_80km & dest_metro_pop_weighted_sum,6,43,0.01965
num_amtrak_stations_80km & dest_metro_pop_weighted_sum,6,44,0.01941
num_amtrak_stations_80km & dest_metro_pop_weighted_sum,6,45,0.01977
num_amtrak_stations_80km & dest_metro_pop_weighted_sum,6,46,0.02019
num_amtrak_stations_80km & dest_metro_pop_weighted_sum,6,47,0.02084
num_amtrak_stations_80km & dest_metro_pop_weighted_sum,6,48,0.02213
num_amtrak_stations_80km & dest_metro_pop_weighted_sum,6,49,0.05337
num_amtrak_stations_80km & dest_metro_pop_weighted_sum,6,50,0.05328
num_amtrak_stations_80km & dest_metro_pop_weighted_sum,6,51,0.0537
num_amtrak_stations_80km & dest_metro_pop_weighted_sum,6,52,0.05308
num_amtrak_stations_80km & dest_metro_pop_weighted_sum,6,53,0.04864
num_amtrak_stations_80km & dest_metro_pop_weighted_sum,6,54,0.04536
num_amtrak_stations_80km & dest_metro_pop_weighted_sum,6,55,0.01575
num_amtrak_stations_80km & dest_metro_pop_weighted_sum,6,56,0.01509
num_amtrak_stations_80km & dest_metro_pop_weighted_sum,6,57,0.01039
num_amtrak_stations_80km & dest_metro_pop_weighted_sum,6,58,0.01065
num_amtrak_stations_80km & dest_metro_pop_weighted_sum,6,59,0.01079
num_amtrak_stations_80km & dest_metro_pop_weighted_sum,6,60,0.01125
num_amtrak_stations_80km & dest_metro_pop_weighted_sum,6,61,0.01153
num_amtrak_stations_80km & dest_metro_pop_weighted_sum,7,0,-0.11983
num_amtrak_stations_80km & dest_metro_pop_weighted_sum,7,1,-0.10738
num_amtrak_stations_80km & dest_metro_pop_weighted_sum,7,2,-0.09618
num_amtrak_stations_80km & dest_metro_pop_weighted_sum,7,3,-0.09619
num_amtrak_stations_80km & dest_metro_pop_weighted_sum,7,4,-0.09114
num_amtrak_stations_80km & dest_metro_pop_weighted_sum,7,5,-0.09081
num_amtrak_stations_80km & dest_metro_pop_weighted_sum,7,6,-0.08905
num_amtrak_stations_80km & dest_metro_pop_weighted_sum,7,7,-0.08993
num_amtrak_stations_80km & dest_metro_pop_weighted_sum,7,8,-0.09114
num_amtrak_stations_80km & dest_metro_pop_weighted_sum,7,9,-0.08597
num_amtrak_stations_80km & dest_metro_pop_weighted_sum,7,10,-0.08544
num_amtrak_stations_80km & dest_metro_pop_weighted_sum,7,11,-0.08484
num_amtrak_stations_80km & dest_metro_pop_weighted_sum,7,12,-0.07225
num_amtrak_stations_80km & dest_metro_pop_weighted_sum,7,13,-0.0718
num_amtrak_stations_80km & dest_metro_pop_weighted_sum,7,14,-0.07054
num_amtrak_stations_80km & dest_metro_pop_weighted_sum,7,15,-0.06942
num_amtrak_stations_80km & dest_metro_pop_weighted_sum,7,16,-0.06868
num_amtrak_stations_80km & dest_metro_pop_weighted_sum,7,17,-0.05215
num_amtrak_stations_80km & dest_metro_pop_weighted_sum,7,18,-0.05141
num_amtrak_stations_80km & dest_metro_pop_weighted_sum,7,19,-0.04672
num_amtrak_stations_80km & dest_metro_pop_weighted_sum,7,20,-0.04098
num_amtrak_stations_80km & dest_metro_pop_weighted_sum,7,21,-0.04044
num_amtrak_stations_80km & dest_metro_pop_weighted_sum,7,22,-0.03586
num_amtrak_stations_80km & dest_metro_pop_weighted_sum,7,23,-0.03588
num_amtrak_stations_80km & dest_metro_pop_weighted_sum,7,24,-0.03243
num_amtrak_stations_80km & dest_metro_pop_weighted_sum,7,25,-0.03182
num_amtrak_stations_80km & dest_metro_pop_weighted_sum,7,26,-0.03082
num_amtrak_stations_80km & dest_metro_pop_weighted_sum,7,27,-0.03014
num_amtrak_stations_80km & dest_metro_pop_weighted_sum,7,28,-0.02868
num_amtrak_stations_80km & dest_metro_pop_weighted_sum,7,29,-0.02105
num_amtrak_stations_80km & dest_metro_pop_weighted_sum,7,30,0.00013
num_amtrak_stations_80km & dest_metro_pop_weighted_sum,7,31,0.00011
num_amtrak_stations_80km & dest_metro_pop_weighted_sum,7,32,0.00019
num_amtrak_stations_80km & dest_metro_pop_weighted_sum,7,33,0.00041
num_amtrak_stations_80km & dest_metro_pop_weighted_sum,7,34,0.00117
num_amtrak_stations_80km & dest_metro_pop_weighted_sum,7,35,0.00106
num_amtrak_stations_80km & dest_metro_pop_weighted_sum,7,36,0.00099
num_amtrak_stations_80km & dest_metro_pop_weighted_sum,7,37,0.00124
num_amtrak_stations_80km & dest_metro_pop_weighted_sum,7,38,0.00158
num_amtrak_stations_80km & dest_metro_pop_weighted_sum,7,39,0.00235
num_amtrak_stations_80km & dest_metro_pop_weighted_sum,7,40,0.00237
num_amtrak_stations_80km & dest_metro_pop_weighted_sum,7,41,0.00028
num_amtrak_stations_80km & dest_metro_pop_weighted_sum,7,42,-5e-05
num_amtrak_stations_80km & dest_metro_pop_weighted_sum,7,43,-0.00012
num_amtrak_stations_80km & dest_metro_pop_weighted_sum,7,44,-0.00035
num_amtrak_stations_80km & dest_metro_pop_weighted_sum,7,45,1e-05
num_amtrak_stations_80km & dest_metro_pop_weighted_sum,7,46,0.00045
num_amtrak_stations_80km & dest_metro_pop_weighted_sum,7,47,0.0011
num_amtrak_stations_80km & dest_metro_pop_weighted_sum,7,48,0.0024
num_amtrak_stations_80km & dest_metro_pop_weighted_sum,7,49,0.02516
num_amtrak_stations_80km & dest_metro_pop_weighted_sum,7,50,0.02518
num_amtrak_stations_80km & dest_metro_pop_weighted_sum,7,51,0.02561
num_amtrak_stations_80km & dest_metro_pop_weighted_sum,7,52,0.02504
num_amtrak_stations_80km & dest_metro_pop_weighted_sum,7,53,0.02061
num_amtrak_stations_80km & dest_metro_pop_weighted_sum,7,54,0.01732
num_amtrak_stations_80km & dest_metro_pop_weighted_sum,7,55,-0.01205
num_amtrak_stations_80km & dest_metro_pop_weighted_sum,7,56,-0.01271
num_amtrak_stations_80km & dest_metro_pop_weighted_sum,7,57,-0.017
num_amtrak_stations_80km & dest_metro_pop_weighted_sum,7,58,-0.01655
num_amtrak_stations_80km & dest_metro_pop_weighted_sum,7,59,-0.01641
num_amtrak_stations_80km & dest_metro_pop_weighted_sum,7,60,-0.01279
num_amtrak_stations_80km & dest_metro_pop_weighted_sum,7,61,-0.01205
num_amtrak_stations_80km & dest_metro_pop_weighted_sum,8,0,-0.1702
num_amtrak_stations_80km & dest_metro_pop_weighted_sum,8,1,-0.15721
num_amtrak_stations_80km & dest_metro_pop_weighted_sum,8,2,-0.146
num_amtrak_stations_80km & dest_metro_pop_weighted_sum,8,3,-0.14591
num_amtrak_stations_80km & dest_metro_pop_weighted_sum,8,4,-0.14073
num_amtrak_stations_80km & dest_metro_pop_weighted_sum,8,5,-0.13946
num_amtrak_stations_80km & dest_metro_pop_weighted_sum,8,6,-0.1373
num_amtrak_stations_80km & dest_metro_pop_weighted_sum,8,7,-0.13818
num_amtrak_stations_80km & dest_metro_pop_weighted_sum,8,8,-0.10131
num_amtrak_stations_80km & dest_metro_pop_weighted_sum,8,9,-0.09561
num_amtrak_stations_80km & dest_metro_pop_weighted_sum,8,10,-0.09508
num_amtrak_stations_80km & dest_metro_pop_weighted_sum,8,11,-0.09385
num_amtrak_stations_80km & dest_metro_pop_weighted_sum,8,12,-0.08113
num_amtrak_stations_80km & dest_metro_pop_weighted_sum,8,13,-0.08054
num_amtrak_stations_80km & dest_metro_pop_weighted_sum,8,14,-0.07879
num_amtrak_stations_80km & dest_metro_pop_weighted_sum,8,15,-0.07662
num_amtrak_stations_80km & dest_metro_pop_weighted_sum,8,16,-0.07535
num_amtrak_stations_80km & dest_metro_pop_weighted_sum,8,17,-0.05848
num_amtrak_stations_80km & dest_metro_pop_weighted_sum,8,18,-0.05774
num_amtrak_stations_80km & dest_metro_pop_weighted_sum,8,19,-0.05242
num_amtrak_stations_80km & dest_metro_pop_weighted_sum,8,20,-0.04668
num_amtrak_stations_80km & dest_metro_pop_weighted_sum,8,21,-0.04591
num_amtrak_stations_80km & dest_metro_pop_weighted_sum,8,22,-0.04123
num_amtrak_stations_80km & dest_metro_pop_weighted_sum,8,23,-0.04068
num_amtrak_stations_80km & dest_metro_pop_weighted_sum,8,24,-0.03693
num_amtrak_stations_80km & dest_metro_pop_weighted_sum,8,25,-0.03605
num_amtrak_stations_80km & dest_metro_pop_weighted_sum,8,26,-0.03485
num_amtrak_stations_80km & dest_metro_pop_weighted_sum,8,27,-0.03417
num_amtrak_stations_80km & dest_metro_pop_weighted_sum,8,28,-0.03245
num_amtrak_stations_80km & dest_metro_pop_weighted_sum,8,29,-0.02435
num_amtrak_stations_80km & dest_metro_pop_weighted_sum,8,30,-0.00316
num_amtrak_stations_80km & dest_metro_pop_weighted_sum,8,31,-0.00313
num_amtrak_stations_80km & dest_metro_pop_weighted_sum,8,32,-0.00263
num_amtrak_stations_80km & dest_metro_pop_weighted_sum,8,33,-0.00174
num_amtrak_stations_80km & dest_metro_pop_weighted_sum,8,34,-0.00062
num_amtrak_stations_80km & dest_metro_pop_weighted_sum,8,35,-0.00041
num_amtrak_stations_80km & dest_metro_pop_weighted_sum,8,36,-0.00041
num_amtrak_stations_80km & dest_metro_pop_weighted_sum,8,37,4e-05
num_amtrak_stations_80km & dest_metro_pop_weighted_sum,8,38,0.00038
num_amtrak_stations_80km & dest_metro_pop_weighted_sum,8,39,0.00118
num_amtrak_stations_80km & dest_metro_pop_weighted_sum,8,40,0.00152
num_amtrak_stations_80km & dest_metro_pop_weighted_sum,8,41,-0.00052
num_amtrak_stations_80km & dest_metro_pop_weighted_sum,8,42,-0.00081
num_amtrak_stations_80km & dest_metro_pop_weighted_sum,8,43,-0.00068
num_amtrak_stations_80km & dest_metro_pop_weighted_sum,8,44,-0.00074
num_amtrak_stations_80km & dest_metro_pop_weighted_sum,8,45,-0.00038
num_amtrak_stations_80km & dest_metro_pop_weighted_sum,8,46,0.00023
num_amtrak_stations_80km & dest_metro_pop_weighted_sum,8,47,0.00089
num_amtrak_stations_80km & dest_metro_pop_weighted_sum,8,48,0.00229
num_amtrak_stations_80km & dest_metro_pop_weighted_sum,8,49,0.02512
num_amtrak_stations_80km & dest_metro_pop_weighted_sum,8,50,0.02514
num_amtrak_stations_80km & dest_metro_pop_weighted_sum,8,51,0.02557
num_amtrak_stations_80km & dest_metro_pop_weighted_sum,8,52,0.02503
num_amtrak_stations_80km & dest_metro_pop_weighted_sum,8,53,0.0207
num_amtrak_stations_80km & dest_metro_pop_weighted_sum,8,54,0.01741
num_amtrak_stations_80km & dest_metro_pop_weighted_sum,8,55,-0.0036
num_amtrak_stations_80km & dest_metro_pop_weighted_sum,8,56,-0.00425
num_amtrak_stations_80km & dest_metro_pop_weighted_sum,8,57,-0.00358
num_amtrak_stations_80km & dest_metro_pop_weighted_sum,8,58,-0.00302
num_amtrak_stations_80km & dest_metro_pop_weighted_sum,8,59,-0.00288
num_amtrak_stations_80km & dest_metro_pop_weighted_sum,8,60,0.00112
num_amtrak_stations_80km & dest_metro_pop_weighted_sum,8,61,0.00194
num_amtrak_stations_80km & dest_metro_pop_weighted_sum,9,0,-0.20382
num_amtrak_stations_80km & dest_metro_pop_weighted_sum,9,1,-0.19093
num_amtrak_stations_80km & dest_metro_pop_weighted_sum,9,2,-0.17923
num_amtrak_stations_80km & dest_metro_pop_weighted_sum,9,3,-0.17809
num_amtrak_stations_80km & dest_metro_pop_weighted_sum,9,4,-0.17292
num_amtrak_stations_80km & dest_metro_pop_weighted_sum,9,5,-0.17082
num_amtrak_stations_80km & dest_metro_pop_weighted_sum,9,6,-0.16795
num_amtrak_stations_80km & dest_metro_pop_weighted_sum,9,7,-0.16883
num_amtrak_stations_80km & dest_metro_pop_weighted_sum,9,8,-0.13096
num_amtrak_stations_80km & dest_metro_pop_weighted_sum,9,9,-0.10827
num_amtrak_stations_80km & dest_metro_pop_weighted_sum,9,10,-0.10447
num_amtrak_stations_80km & dest_metro_pop_weighted_sum,9,11,-0.10219
num_amtrak_stations_80km & dest_metro_pop_weighted_sum,9,12,-0.08947
num_amtrak_stations_80km & dest_metro_pop_weighted_sum,9,13,-0.08838
num_amtrak_stations_80km & dest_metro_pop_weighted_sum,9,14,-0.08638
num_amtrak_stations_80km & dest_metro_pop_weighted_sum,9,15,-0.08374
num_amtrak_stations_80km & dest_metro_pop_weighted_sum,9,16,-0.08192
num_amtrak_stations_80km & dest_metro_pop_weighted_sum,9,17,-0.06505
num_amtrak_stations_80km & dest_metro_pop_weighted_sum,9,18,-0.0631
num_amtrak_stations_80km & dest_metro_pop_weighted_sum,9,19,-0.05779
num_amtrak_stations_80km & dest_metro_pop_weighted_sum,9,20,-0.05155
num_amtrak_stations_80km & dest_metro_pop_weighted_sum,9,21,-0.05049
num_amtrak_stations_80km & dest_metro_pop_weighted_sum,9,22,-0.04536
num_amtrak_stations_80km & dest_metro_pop_weighted_sum,9,23,-0.04324
num_amtrak_stations_80km & dest_metro_pop_weighted_sum,9,24,-0.03877
num_amtrak_stations_80km & dest_metro_pop_weighted_sum,9,25,-0.03789
num_amtrak_stations_80km & dest_metro_pop_weighted_sum,9,26,-0.03669
num_amtrak_stations_80km & dest_metro_pop_weighted_sum,9,27,-0.03601
num_amtrak_stations_80km & dest_metro_pop_weighted_sum,9,28,-0.03429
num_amtrak_stations_80km & dest_metro_pop_weighted_sum,9,29,-0.0256
num_amtrak_stations_80km & dest_metro_pop_weighted_sum,9,30,-0.00441
num_amtrak_stations_80km & dest_metro_pop_weighted_sum,9,31,-0.00398
num_amtrak_stations_80km & dest_metro_pop_weighted_sum,9,32,-0.00311
num_amtrak_stations_80km & dest_metro_pop_weighted_sum,9,33,-0.00194
num_amtrak_stations_80km & dest_metro_pop_weighted_sum,9,34,0.00096
num_amtrak_stations_80km & dest_metro_pop_weighted_sum,9,35,0.00161
num_amtrak_stations_80km & dest_metro_pop_weighted_sum,9,36,0.00114
num_amtrak_stations_80km & dest_metro_pop_weighted_sum,9,37,0.00158
num_amtrak_stations_80km & dest_metro_pop_weighted_sum,9,38,0.00191
num_amtrak_stations_80km & dest_metro_pop_weighted_sum,9,39,0.0028
num_amtrak_stations_80km & dest_metro_pop_weighted_sum,9,40,0.00312
num_amtrak_stations_80km & dest_metro_pop_weighted_sum,9,41,0.00111
num_amtrak_stations_80km & dest_metro_pop_weighted_sum,9,42,0.00081
num_amtrak_stations_80km & dest_metro_pop_weighted_sum,9,43,0.00095
num_amtrak_stations_80km & dest_metro_pop_weighted_sum,9,44,0.00089
num_amtrak_stations_80km & dest_metro_pop_weighted_sum,9,45,0.00125
num_amtrak_stations_80km & dest_metro_pop_weighted_sum,9,46,0.00213
num_amtrak_stations_80km & dest_metro_pop_weighted_sum,9,47,0.00323
num_amtrak_stations_80km & dest_metro_pop_weighted_sum,9,48,0.0012
num_amtrak_stations_80km & dest_metro_pop_weighted_sum,9,49,0.0202
num_amtrak_stations_80km & dest_metro_pop_weighted_sum,9,50,0.02022
num_amtrak_stations_80km & dest_metro_pop_weighted_sum,9,51,0.02075
num_amtrak_stations_80km & dest_metro_pop_weighted_sum,9,52,0.01954
num_amtrak_stations_80km & dest_metro_pop_weighted_sum,9,53,0.01528
num_amtrak_stations_80km & dest_metro_pop_weighted_sum,9,54,0.01202
num_amtrak_stations_80km & dest_metro_pop_weighted_sum,9,55,-0.00899
num_amtrak_stations_80km & dest_metro_pop_weighted_sum,9,56,-0.00964
num_amtrak_stations_80km & dest_metro_pop_weighted_sum,9,57,-0.00892
num_amtrak_stations_80km & dest_metro_pop_weighted_sum,9,58,-0.0083
num_amtrak_stations_80km & dest_metro_pop_weighted_sum,9,59,-0.00816
num_amtrak_stations_80km & dest_metro_pop_weighted_sum,9,60,-0.00377
num_amtrak_stations_80km & dest_metro_pop_weighted_sum,9,61,-0.00295
num_amtrak_stations_80km & dest_metro_pop_weighted_sum,10,0,-0.21841
num_amtrak_stations_80km & dest_metro_pop_weighted_sum,10,1,-0.20592
num_amtrak_stations_80km & dest_metro_pop_weighted_sum,10,2,-0.19373
num_amtrak_stations_80km & dest_metro_pop_weighted_sum,10,3,-0.19262
num_amtrak_stations_80km & dest_metro_pop_weighted_sum,10,4,-0.18745
num_amtrak_stations_80km & dest_metro_pop_weighted_sum,10,5,-0.18535
num_amtrak_stations_80km & dest_metro_pop_weighted_sum,10,6,-0.18163
num_amtrak_stations_80km & dest_metro_pop_weighted_sum,10,7,-0.18251
num_amtrak_stations_80km & dest_metro_pop_weighted_sum,10,8,-0.14464
num_amtrak_stations_80km & dest_metro_pop_weighted_sum,10,9,-0.12001
num_amtrak_stations_80km & dest_metro_pop_weighted_sum,10,10,-0.11558
num_amtrak_stations_80km & dest_metro_pop_weighted_sum,10,11,-0.11274
num_amtrak_stations_80km & dest_metro_pop_weighted_sum,10,12,-0.10002
num_amtrak_stations_80km & dest_metro_pop_weighted_sum,10,13,-0.09839
num_amtrak_stations_80km & dest_metro_pop_weighted_sum,10,14,-0.09595
num_amtrak_stations_80km & dest_metro_pop_weighted_sum,10,15,-0.09287
num_amtrak_stations_80km & dest_metro_pop_weighted_sum,10,16,-0.09057
num_amtrak_stations_80km & dest_metro_pop_weighted_sum,10,17,-0.0737
num_amtrak_stations_80km & dest_metro_pop_weighted_sum,10,18,-0.07085
num_amtrak_stations_80km & dest_metro_pop_weighted_sum,10,19,-0.06475
num_amtrak_stations_80km & dest_metro_pop_weighted_sum,10,20,-0.05851
num_amtrak_stations_80km & dest_metro_pop_weighted_sum,10,21,-0.05691
num_amtrak_stations_80km & dest_metro_pop_weighted_sum,10,22,-0.05177
num_amtrak_stations_80km & dest_metro_pop_weighted_sum,10,23,-0.04965
num_amtrak_stations_80km & dest_metro_pop_weighted_sum,10,24,-0.04516
num_amtrak_stations_80km & dest_metro_pop_weighted_sum,10,25,-0.04347
num_amtrak_stations_80km & dest_metro_pop_weighted_sum,10,26,-0.04227
num_amtrak_stations_80km & dest_metro_pop_weighted_sum,10,27,-0.04159
num_amtrak_stations_80km & dest_metro_pop_weighted_sum,10,28,-0.03987
num_amtrak_stations_80km & dest_metro_pop_weighted_sum,10,29,-0.03119
num_amtrak_stations_80km & dest_metro_pop_weighted_sum,10,30,-0.01
num_amtrak_stations_80km & dest_metro_pop_weighted_sum,10,31,-0.00956
num_amtrak_stations_80km & dest_metro_pop_weighted_sum,10,32,-0.00869
num_amtrak_stations_80km & dest_metro_pop_weighted_sum,10,33,-0.00723
num_amtrak_stations_80km & dest_metro_pop_weighted_sum,10,34,-0.00413
num_amtrak_stations_80km & dest_metro_pop_weighted_sum,10,35,-0.00348
num_amtrak_stations_80km & dest_metro_pop_weighted_sum,10,36,-0.00273
num_amtrak_stations_80km & dest_metro_pop_weighted_sum,10,37,-0.00206
num_amtrak_stations_80km & dest_metro_pop_weighted_sum,10,38,-0.00173
num_amtrak_stations_80km & dest_metro_pop_weighted_sum,10,39,-0.00074
num_amtrak_stations_80km & dest_metro_pop_weighted_sum,10,40,-6e-05
num_amtrak_stations_80km & dest_metro_pop_weighted_sum,10,41,-0.00207
num_amtrak_stations_80km & dest_metro_pop_weighted_sum,10,42,-0.00227
num_amtrak_stations_80km & dest_metro_pop_weighted_sum,10,43,-0.00204
num_amtrak_stations_80km & dest_metro_pop_weighted_sum,10,44,-0.00207
num_amtrak_stations_80km & dest_metro_pop_weighted_sum,10,45,-0.00143
num_amtrak_stations_80km & dest_metro_pop_weighted_sum,10,46,-3e-05
num_amtrak_stations_80km & dest_metro_pop_weighted_sum,10,47,0.00182
num_amtrak_stations_80km & dest_metro_pop_weighted_sum,10,48,5e-05
num_amtrak_stations_80km & dest_metro_pop_weighted_sum,10,49,0.01913
num_amtrak_stations_80km & dest_metro_pop_weighted_sum,10,50,0.01918
num_amtrak_stations_80km & dest_metro_pop_weighted_sum,10,51,0.02002
num_amtrak_stations_80km & dest_metro_pop_weighted_sum,10,52,0.01881
num_amtrak_stations_80km & dest_metro_pop_weighted_sum,10,53,0.01464
num_amtrak_stations_80km & dest_metro_pop_weighted_sum,10,54,0.01138
num_amtrak_stations_80km & dest_metro_pop_weighted_sum,10,55,-0.00958
num_amtrak_stations_80km & dest_metro_pop_weighted_sum,10,56,-0.0102
num_amtrak_stations_80km & dest_metro_pop_weighted_sum,10,57,-0.00951
num_amtrak_stations_80km & dest_metro_pop_weighted_sum,10,58,-0.00881
num_amtrak_stations_80km & dest_metro_pop_weighted_sum,10,59,-0.0086
num_amtrak_stations_80km & dest_metro_pop_weighted_sum,10,60,-0.00418
num_amtrak_stations_80km & dest_metro_pop_weighted_sum,10,61,-0.00337
num_amtrak_stations_80km & dest_metro_pop_weighted_sum,11,0,-0.29514
num_amtrak_stations_80km & dest_metro_pop_weighted_sum,11,1,-0.28265
num_amtrak_stations_80km & dest_metro_pop_weighted_sum,11,2,-0.27046
num_amtrak_stations_80km & dest_metro_pop_weighted_sum,11,3,-0.26929
num_amtrak_stations_80km & dest_metro_pop_weighted_sum,11,4,-0.26408
num_amtrak_stations_80km & dest_metro_pop_weighted_sum,11,5,-0.26203
num_amtrak_stations_80km & dest_metro_pop_weighted_sum,11,6,-0.25833
num_amtrak_stations_80km & dest_metro_pop_weighted_sum,11,7,-0.25923
num_amtrak_stations_80km & dest_metro_pop_weighted_sum,11,8,-0.21878
num_amtrak_stations_80km & dest_metro_pop_weighted_sum,11,9,-0.19261
num_amtrak_stations_80km & dest_metro_pop_weighted_sum,11,10,-0.1854
num_amtrak_stations_80km & dest_metro_pop_weighted_sum,11,11,-0.18073
num_amtrak_stations_80km & dest_metro_pop_weighted_sum,11,12,-0.16801
num_amtrak_stations_80km & dest_metro_pop_weighted_sum,11,13,-0.16638
num_amtrak_stations_80km & dest_metro_pop_weighted_sum,11,14,-0.1631
num_amtrak_stations_80km & dest_metro_pop_weighted_sum,11,15,-0.1596
num_amtrak_stations_80km & dest_metro_pop_weighted_sum,11,16,-0.15686
num_amtrak_stations_80km & dest_metro_pop_weighted_sum,11,17,-0.13999
num_amtrak_stations_80km & dest_metro_pop_weighted_sum,11,18,-0.13619
num_amtrak_stations_80km & dest_metro_pop_weighted_sum,11,19,-0.12998
num_amtrak_stations_80km & dest_metro_pop_weighted_sum,11,20,-0.12333
num_amtrak_stations_80km & dest_metro_pop_weighted_sum,11,21,-0.12094
num_amtrak_stations_80km & dest_metro_pop_weighted_sum,11,22,-0.11532
num_amtrak_stations_80km & dest_metro_pop_weighted_sum,11,23,-0.11301
num_amtrak_stations_80km & dest_metro_pop_weighted_sum,11,24,-0.10797
num_amtrak_stations_80km & dest_metro_pop_weighted_sum,11,25,-0.10628
num_amtrak_stations_80km & dest_metro_pop_weighted_sum,11,26,-0.10461
num_amtrak_stations_80km & dest_metro_pop_weighted_sum,11,27,-0.10367
num_amtrak_stations_80km & dest_metro_pop_weighted_sum,11,28,-0.10162
num_amtrak_stations_80km & dest_metro_pop_weighted_sum,11,29,-0.09218
num_amtrak_stations_80km & dest_metro_pop_weighted_sum,11,30,-0.071
num_amtrak_stations_80km & dest_metro_pop_weighted_sum,11,31,-0.06974
num_amtrak_stations_80km & dest_metro_pop_weighted_sum,11,32,-0.06792
num_amtrak_stations_80km & dest_metro_pop_weighted_sum,11,33,-0.06574
num_amtrak_stations_80km & dest_metro_pop_weighted_sum,11,34,-0.06217
num_amtrak_stations_80km & dest_metro_pop_weighted_sum,11,35,-0.05979
num_amtrak_stations_80km & dest_metro_pop_weighted_sum,11,36,-0.05904
num_amtrak_stations_80km & dest_metro_pop_weighted_sum,11,37,-0.05677
num_amtrak_stations_80km & dest_metro_pop_weighted_sum,11,38,-0.0562
num_amtrak_stations_80km & dest_metro_pop_weighted_sum,11,39,-0.05476
num_amtrak_stations_80km & dest_metro_pop_weighted_sum,11,40,-0.05408
num_amtrak_stations_80km & dest_metro_pop_weighted_sum,11,41,-0.0535
num_amtrak_stations_80km & dest_metro_pop_weighted_sum,11,42,-0.05357
num_amtrak_stations_80km & dest_metro_pop_weighted_sum,11,43,-0.05091
num_amtrak_stations_80km & dest_metro_pop_weighted_sum,11,44,-0.04637
num_amtrak_stations_80km & dest_metro_pop_weighted_sum,11,45,-0.04547
num_amtrak_stations_80km & dest_metro_pop_weighted_sum,11,46,-0.04385
num_amtrak_stations_80km & dest_metro_pop_weighted_sum,11,47,-0.04048
num_amtrak_stations_80km & dest_metro_pop_weighted_sum,11,48,-0.04222
num_amtrak_stations_80km & dest_metro_pop_weighted_sum,11,49,-0.00836
num_amtrak_stations_80km & dest_metro_pop_weighted_sum,11,50,-0.0083
num_amtrak_stations_80km & dest_metro_pop_weighted_sum,11,51,-0.00729
num_amtrak_stations_80km & dest_metro_pop_weighted_sum,11,52,-0.00826
num_amtrak_stations_80km & dest_metro_pop_weighted_sum,11,53,-0.00767
num_amtrak_stations_80km & dest_metro_pop_weighted_sum,11,54,-0.01093
num_amtrak_stations_80km & dest_metro_pop_weighted_sum,11,55,-0.01235
num_amtrak_stations_80km & dest_metro_pop_weighted_sum,11,56,-0.01271
num_amtrak_stations_80km & dest_metro_pop_weighted_sum,11,57,-0.01174
num_amtrak_stations_80km & dest_metro_pop_weighted_sum,11,58,0.03594
num_amtrak_stations_80km & dest_metro_pop_weighted_sum,11,59,0.04109
num_amtrak_stations_80km & dest_metro_pop_weighted_sum,11,60,0.04576
num_amtrak_stations_80km & dest_metro_pop_weighted_sum,11,61,0.04652
num_amtrak_stations_80km & dest_metro_pop_weighted_sum,12,0,-0.33155
num_amtrak_stations_80km & dest_metro_pop_weighted_sum,12,1,-0.31971
num_amtrak_stations_80km & dest_metro_pop_weighted_sum,12,2,-0.30761
num_amtrak_stations_80km & dest_metro_pop_weighted_sum,12,3,-0.30641
num_amtrak_stations_80km & dest_metro_pop_weighted_sum,12,4,-0.30121
num_amtrak_stations_80km & dest_metro_pop_weighted_sum,12,5,-0.29915
num_amtrak_stations_80km & dest_metro_pop_weighted_sum,12,6,-0.29546
num_amtrak_stations_80km & dest_metro_pop_weighted_sum,12,7,-0.29637
num_amtrak_stations_80km & dest_metro_pop_weighted_sum,12,8,-0.25438
num_amtrak_stations_80km & dest_metro_pop_weighted_sum,12,9,-0.22128
num_amtrak_stations_80km & dest_metro_pop_weighted_sum,12,10,-0.21292
num_amtrak_stations_80km & dest_metro_pop_weighted_sum,12,11,-0.20825
num_amtrak_stations_80km & dest_metro_pop_weighted_sum,12,12,-0.19553
num_amtrak_stations_80km & dest_metro_pop_weighted_sum,12,13,-0.19365
num_amtrak_stations_80km & dest_metro_pop_weighted_sum,12,14,-0.19037
num_amtrak_stations_80km & dest_metro_pop_weighted_sum,12,15,-0.18687
num_amtrak_stations_80km & dest_metro_pop_weighted_sum,12,16,-0.18413
num_amtrak_stations_80km & dest_metro_pop_weighted_sum,12,17,-0.16726
num_amtrak_stations_80km & dest_metro_pop_weighted_sum,12,18,-0.16271
num_amtrak_stations_80km & dest_metro_pop_weighted_sum,12,19,-0.15579
num_amtrak_stations_80km & dest_metro_pop_weighted_sum,12,20,-0.14877
num_amtrak_stations_80km & dest_metro_pop_weighted_sum,12,21,-0.14508
num_amtrak_stations_80km & dest_metro_pop_weighted_sum,12,22,-0.13863
num_amtrak_stations_80km & dest_metro_pop_weighted_sum,12,23,-0.13595
num_amtrak_stations_80km & dest_metro_pop_weighted_sum,12,24,-0.13083
num_amtrak_stations_80km & dest_metro_pop_weighted_sum,12,25,-0.12888
num_amtrak_stations_80km & dest_metro_pop_weighted_sum,12,26,-0.12684
num_amtrak_stations_80km & dest_metro_pop_weighted_sum,12,27,-0.1252
num_amtrak_stations_80km & dest_metro_pop_weighted_sum,12,28,-0.12286
num_amtrak_stations_80km & dest_metro_pop_weighted_sum,12,29,-0.11331
num_amtrak_stations_80km & dest_metro_pop_weighted_sum,12,30,-0.09212
num_amtrak_stations_80km & dest_metro_pop_weighted_sum,12,31,-0.09086
num_amtrak_stations_80km & dest_metro_pop_weighted_sum,12,32,-0.0886
num_amtrak_stations_80km & dest_metro_pop_weighted_sum,12,33,-0.08641
num_amtrak_stations_80km & dest_metro_pop_weighted_sum,12,34,-0.08269
num_amtrak_stations_80km & dest_metro_pop_weighted_sum,12,35,-0.0803
num_amtrak_stations_80km & dest_metro_pop_weighted_sum,12,36,-0.07898
num_amtrak_stations_80km & dest_metro_pop_weighted_sum,12,37,-0.07671
num_amtrak_stations_80km & dest_metro_pop_weighted_sum,12,38,-0.07615
num_amtrak_stations_80km & dest_metro_pop_weighted_sum,12,39,-0.0747
num_amtrak_stations_80km & dest_metro_pop_weighted_sum,12,40,-0.07367
num_amtrak_stations_80km & dest_metro_pop_weighted_sum,12,41,-0.05943
num_amtrak_stations_80km & dest_metro_pop_weighted_sum,12,42,-0.0576
num_amtrak_stations_80km & dest_metro_pop_weighted_sum,12,43,-0.05448
num_amtrak_stations_80km & dest_metro_pop_weighted_sum,12,44,-0.04994
num_amtrak_stations_80km & dest_metro_pop_weighted_sum,12,45,-0.04904
num_amtrak_stations_80km & dest_metro_pop_weighted_sum,12,46,-0.04742
num_amtrak_stations_80km & dest_metro_pop_weighted_sum,12,47,-0.04364
num_amtrak_stations_80km & dest_metro_pop_weighted_sum,12,48,-0.04482
num_amtrak_stations_80km & dest_metro_pop_weighted_sum,12,49,-0.01096
num_amtrak_stations_80km & dest_metro_pop_weighted_sum,12,50,-0.0109
num_amtrak_stations_80km & dest_metro_pop_weighted_sum,12,51,-0.0097
num_amtrak_stations_80km & dest_metro_pop_weighted_sum,12,52,-0.01067
num_amtrak_stations_80km & dest_metro_pop_weighted_sum,12,53,-0.00465
num_amtrak_stations_80km & dest_metro_pop_weighted_sum,12,54,-0.00791
num_amtrak_stations_80km & dest_metro_pop_weighted_sum,12,55,-0.00758
num_amtrak_stations_80km & dest_metro_pop_weighted_sum,12,56,-0.00777
num_amtrak_stations_80km & dest_metro_pop_weighted_sum,12,57,-0.0068
num_amtrak_stations_80km & dest_metro_pop_weighted_sum,12,58,0.04088
num_amtrak_stations_80km & dest_metro_pop_weighted_sum,12,59,0.04611
num_amtrak_stations_80km & dest_metro_pop_weighted_sum,12,60,0.05083
num_amtrak_stations_80km & dest_metro_pop_weighted_sum,12,61,0.05156
num_amtrak_stations_80km & dest_metro_pop_weighted_sum,13,0,-0.34061
num_amtrak_stations_80km & dest_metro_pop_weighted_sum,13,1,-0.32903
num_amtrak_stations_80km & dest_metro_pop_weighted_sum,13,2,-0.31709
num_amtrak_stations_80km & dest_metro_pop_weighted_sum,13,3,-0.3159
num_amtrak_stations_80km & dest_metro_pop_weighted_sum,13,4,-0.31067
num_amtrak_stations_80km & dest_metro_pop_weighted_sum,13,5,-0.30861
num_amtrak_stations_80km & dest_metro_pop_weighted_sum,13,6,-0.30498
num_amtrak_stations_80km & dest_metro_pop_weighted_sum,13,7,-0.30589
num_amtrak_stations_80km & dest_metro_pop_weighted_sum,13,8,-0.2639
num_amtrak_stations_80km & dest_metro_pop_weighted_sum,13,9,-0.23081
num_amtrak_stations_80km & dest_metro_pop_weighted_sum,13,10,-0.22245
num_amtrak_stations_80km & dest_metro_pop_weighted_sum,13,11,-0.21778
num_amtrak_stations_80km & dest_metro_pop_weighted_sum,13,12,-0.20484
num_amtrak_stations_80km & dest_metro_pop_weighted_sum,13,13,-0.20295
num_amtrak_stations_80km & dest_metro_pop_weighted_sum,13,14,-0.19967
num_amtrak_stations_80km & dest_metro_pop_weighted_sum,13,15,-0.19617
num_amtrak_stations_80km & dest_metro_pop_weighted_sum,13,16,-0.19343
num_amtrak_stations_80km & dest_metro_pop_weighted_sum,13,17,-0.17617
num_amtrak_stations_80km & dest_metro_pop_weighted_sum,13,18,-0.17162
num_amtrak_stations_80km & dest_metro_pop_weighted_sum,13,19,-0.16446
num_amtrak_stations_80km & dest_metro_pop_weighted_sum,13,20,-0.15744
num_amtrak_stations_80km & dest_metro_pop_weighted_sum,13,21,-0.15373
num_amtrak_stations_80km & dest_metro_pop_weighted_sum,13,22,-0.147
num_amtrak_stations_80km & dest_metro_pop_weighted_sum,13,23,-0.14417
num_amtrak_stations_80km & dest_metro_pop_weighted_sum,13,24,-0.13873
num_amtrak_stations_80km & dest_metro_pop_weighted_sum,13,25,-0.13659
num_amtrak_stations_80km & dest_metro_pop_weighted_sum,13,26,-0.13429
num_amtrak_stations_80km & dest_metro_pop_weighted_sum,13,27,-0.13265
num_amtrak_stations_80km & dest_metro_pop_weighted_sum,13,28,-0.13009
num_amtrak_stations_80km & dest_metro_pop_weighted_sum,13,29,-0.12006
num_amtrak_stations_80km & dest_metro_pop_weighted_sum,13,30,-0.09859
num_amtrak_stations_80km & dest_metro_pop_weighted_sum,13,31,-0.09702
num_amtrak_stations_80km & dest_metro_pop_weighted_sum,13,32,-0.09399
num_amtrak_stations_80km & dest_metro_pop_weighted_sum,13,33,-0.0918
num_amtrak_stations_80km & dest_metro_pop_weighted_sum,13,34,-0.08752
num_amtrak_stations_80km & dest_metro_pop_weighted_sum,13,35,-0.08514
num_amtrak_stations_80km & dest_metro_pop_weighted_sum,13,36,-0.08382
num_amtrak_stations_80km & dest_metro_pop_weighted_sum,13,37,-0.08127
num_amtrak_stations_80km & dest_metro_pop_weighted_sum,13,38,-0.08041
num_amtrak_stations_80km & dest_metro_pop_weighted_sum,13,39,-0.07881
num_amtrak_stations_80km & dest_metro_pop_weighted_sum,13,40,-0.0775
num_amtrak_stations_80km & dest_metro_pop_weighted_sum,13,41,-0.06239
num_amtrak_stations_80km & dest_metro_pop_weighted_sum,13,42,-0.06029
num_amtrak_stations_80km & dest_metro_pop_weighted_sum,13,43,-0.05718
num_amtrak_stations_80km & dest_metro_pop_weighted_sum,13,44,-0.05263
num_amtrak_stations_80km & dest_metro_pop_weighted_sum,13,45,-0.0511
num_amtrak_stations_80km & dest_metro_pop_weighted_sum,13,46,-0.04938
num_amtrak_stations_80km & dest_metro_pop_weighted_sum,13,47,-0.0456
num_amtrak_stations_80km & dest_metro_pop_weighted_sum,13,48,-0.04678
num_amtrak_stations_80km & dest_metro_pop_weighted_sum,13,49,-0.01285
num_amtrak_stations_80km & dest_metro_pop_weighted_sum,13,50,-0.01267
num_amtrak_stations_80km & dest_metro_pop_weighted_sum,13,51,-0.01108
num_amtrak_stations_80km & dest_metro_pop_weighted_sum,13,52,-0.01205
num_amtrak_stations_80km & dest_metro_pop_weighted_sum,13,53,-0.00597
num_amtrak_stations_80km & dest_metro_pop_weighted_sum,13,54,-0.00923
num_amtrak_stations_80km & dest_metro_pop_weighted_sum,13,55,-0.00871
num_amtrak_stations_80km & dest_metro_pop_weighted_sum,13,56,-0.00888
num_amtrak_stations_80km & dest_metro_pop_weighted_sum,13,57,-0.00791
num_amtrak_stations_80km & dest_metro_pop_weighted_sum,13,58,0.03977
num_amtrak_stations_80km & dest_metro_pop_weighted_sum,13,59,0.04523
num_amtrak_stations_80km & dest_metro_pop_weighted_sum,13,60,0.05002
num_amtrak_stations_80km & dest_metro_pop_weighted_sum,13,61,0.05076
num_amtrak_stations_80km & dest_metro_pop_weighted_sum,14,0,-0.35459
num_amtrak_stations_80km & dest_metro_pop_weighted_sum,14,1,-0.34301
num_amtrak_stations_80km & dest_metro_pop_weighted_sum,14,2,-0.33107
num_amtrak_stations_80km & dest_metro_pop_weighted_sum,14,3,-0.32995
num_amtrak_stations_80km & dest_metro_pop_weighted_sum,14,4,-0.32473
num_amtrak_stations_80km & dest_metro_pop_weighted_sum,14,5,-0.32266
num_amtrak_stations_80km & dest_metro_pop_weighted_sum,14,6,-0.31903
num_amtrak_stations_80km & dest_metro_pop_weighted_sum,14,7,-0.31997
num_amtrak_stations_80km & dest_metro_pop_weighted_sum,14,8,-0.27799
num_amtrak_stations_80km & dest_metro_pop_weighted_sum,14,9,-0.24499
num_amtrak_stations_80km & dest_metro_pop_weighted_sum,14,10,-0.23663
num_amtrak_stations_80km & dest_metro_pop_weighted_sum,14,11,-0.232
num_amtrak_stations_80km & dest_metro_pop_weighted_sum,14,12,-0.219
num_amtrak_stations_80km & dest_metro_pop_weighted_sum,14,13,-0.21712
num_amtrak_stations_80km & dest_metro_pop_weighted_sum,14,14,-0.21358
num_amtrak_stations_80km & dest_metro_pop_weighted_sum,14,15,-0.21008
num_amtrak_stations_80km & dest_metro_pop_weighted_sum,14,16,-0.20718
num_amtrak_stations_80km & dest_metro_pop_weighted_sum,14,17,-0.18953
num_amtrak_stations_80km & dest_metro_pop_weighted_sum,14,18,-0.18489
num_amtrak_stations_80km & dest_metro_pop_weighted_sum,14,19,-0.17761
num_amtrak_stations_80km & dest_metro_pop_weighted_sum,14,20,-0.17023
num_amtrak_stations_80km & dest_metro_pop_weighted_sum,14,21,-0.16629
num_amtrak_stations_80km & dest_metro_pop_weighted_sum,14,22,-0.15936
num_amtrak_stations_80km & dest_metro_pop_weighted_sum,14,23,-0.15641
num_amtrak_stations_80km & dest_metro_pop_weighted_sum,14,24,-0.15043
num_amtrak_stations_80km & dest_metro_pop_weighted_sum,14,25,-0.14829
num_amtrak_stations_80km & dest_metro_pop_weighted_sum,14,26,-0.14584
num_amtrak_stations_80km & dest_metro_pop_weighted_sum,14,27,-0.14396
num_amtrak_stations_80km & dest_metro_pop_weighted_sum,14,28,-0.14115
num_amtrak_stations_80km & dest_metro_pop_weighted_sum,14,29,-0.13088
num_amtrak_stations_80km & dest_metro_pop_weighted_sum,14,30,-0.10907
num_amtrak_stations_80km & dest_metro_pop_weighted_sum,14,31,-0.10595
num_amtrak_stations_80km & dest_metro_pop_weighted_sum,14,32,-0.10263
num_amtrak_stations_80km & dest_metro_pop_weighted_sum,14,33,-0.10045
num_amtrak_stations_80km & dest_metro_pop_weighted_sum,14,34,-0.09617
num_amtrak_stations_80km & dest_metro_pop_weighted_sum,14,35,-0.09343
num_amtrak_stations_80km & dest_metro_pop_weighted_sum,14,36,-0.09169
num_amtrak_stations_80km & dest_metro_pop_weighted_sum,14,37,-0.08806
num_amtrak_stations_80km & dest_metro_pop_weighted_sum,14,38,-0.0868
num_amtrak_stations_80km & dest_metro_pop_weighted_sum,14,39,-0.0852
num_amtrak_stations_80km & dest_metro_pop_weighted_sum,14,40,-0.08362
num_amtrak_stations_80km & dest_metro_pop_weighted_sum,14,41,-0.06841
num_amtrak_stations_80km & dest_metro_pop_weighted_sum,14,42,-0.06584
num_amtrak_stations_80km & dest_metro_pop_weighted_sum,14,43,-0.06221
num_amtrak_stations_80km & dest_metro_pop_weighted_sum,14,44,-0.05766
num_amtrak_stations_80km & dest_metro_pop_weighted_sum,14,45,-0.05591
num_amtrak_stations_80km & dest_metro_pop_weighted_sum,14,46,-0.05373
num_amtrak_stations_80km & dest_metro_pop_weighted_sum,14,47,-0.04948
num_amtrak_stations_80km & dest_metro_pop_weighted_sum,14,48,-0.0504
num_amtrak_stations_80km & dest_metro_pop_weighted_sum,14,49,-0.01618
num_amtrak_stations_80km & dest_metro_pop_weighted_sum,14,50,-0.01561
num_amtrak_stations_80km & dest_metro_pop_weighted_sum,14,51,-0.01403
num_amtrak_stations_80km & dest_metro_pop_weighted_sum,14,52,-0.015
num_amtrak_stations_80km & dest_metro_pop_weighted_sum,14,53,-0.00844
num_amtrak_stations_80km & dest_metro_pop_weighted_sum,14,54,-0.01153
num_amtrak_stations_80km & dest_metro_pop_weighted_sum,14,55,-0.01096
num_amtrak_stations_80km & dest_metro_pop_weighted_sum,14,56,-0.01102
num_amtrak_stations_80km & dest_metro_pop_weighted_sum,14,57,-0.01004
num_amtrak_stations_80km & dest_metro_pop_weighted_sum,14,58,0.03764
num_amtrak_stations_80km & dest_metro_pop_weighted_sum,14,59,0.04309
num_amtrak_stations_80km & dest_metro_pop_weighted_sum,14,60,0.04792
num_amtrak_stations_80km & dest_metro_pop_weighted_sum,14,61,0.04872
num_amtrak_stations_80km & dest_metro_pop_weighted_sum,15,0,-0.41442
num_amtrak_stations_80km & dest_metro_pop_weighted_sum,15,1,-0.40292
num_amtrak_stations_80km & dest_metro_pop_weighted_sum,15,2,-0.39098
num_amtrak_stations_80km & dest_metro_pop_weighted_sum,15,3,-0.38988
num_amtrak_stations_80km & dest_metro_pop_weighted_sum,15,4,-0.38466
num_amtrak_stations_80km & dest_metro_pop_weighted_sum,15,5,-0.38259
num_amtrak_stations_80km & dest_metro_pop_weighted_sum,15,6,-0.379
num_amtrak_stations_80km & dest_metro_pop_weighted_sum,15,7,-0.38002
num_amtrak_stations_80km & dest_metro_pop_weighted_sum,15,8,-0.33804
num_amtrak_stations_80km & dest_metro_pop_weighted_sum,15,9,-0.30509
num_amtrak_stations_80km & dest_metro_pop_weighted_sum,15,10,-0.29673
num_amtrak_stations_80km & dest_metro_pop_weighted_sum,15,11,-0.29212
num_amtrak_stations_80km & dest_metro_pop_weighted_sum,15,12,-0.27913
num_amtrak_stations_80km & dest_metro_pop_weighted_sum,15,13,-0.27724
num_amtrak_stations_80km & dest_metro_pop_weighted_sum,15,14,-0.2737
num_amtrak_stations_80km & dest_metro_pop_weighted_sum,15,15,-0.26974
num_amtrak_stations_80km & dest_metro_pop_weighted_sum,15,16,-0.26685
num_amtrak_stations_80km & dest_metro_pop_weighted_sum,15,17,-0.24897
num_amtrak_stations_80km & dest_metro_pop_weighted_sum,15,18,-0.24412
num_amtrak_stations_80km & dest_metro_pop_weighted_sum,15,19,-0.23669
num_amtrak_stations_80km & dest_metro_pop_weighted_sum,15,20,-0.22916
num_amtrak_stations_80km & dest_metro_pop_weighted_sum,15,21,-0.22496
num_amtrak_stations_80km & dest_metro_pop_weighted_sum,15,22,-0.21761
num_amtrak_stations_80km & dest_metro_pop_weighted_sum,15,23,-0.2145
num_amtrak_stations_80km & dest_metro_pop_weighted_sum,15,24,-0.20827
num_amtrak_stations_80km & dest_metro_pop_weighted_sum,15,25,-0.20608
num_amtrak_stations_80km & dest_metro_pop_weighted_sum,15,26,-0.20335
num_amtrak_stations_80km & dest_metro_pop_weighted_sum,15,27,-0.20148
num_amtrak_stations_80km & dest_metro_pop_weighted_sum,15,28,-0.19867
num_amtrak_stations_80km & dest_metro_pop_weighted_sum,15,29,-0.18798
num_amtrak_stations_80km & dest_metro_pop_weighted_sum,15,30,-0.16523
num_amtrak_stations_80km & dest_metro_pop_weighted_sum,15,31,-0.16211
num_amtrak_stations_80km & dest_metro_pop_weighted_sum,15,32,-0.15856
num_amtrak_stations_80km & dest_metro_pop_weighted_sum,15,33,-0.15598
num_amtrak_stations_80km & dest_metro_pop_weighted_sum,15,34,-0.15148
num_amtrak_stations_80km & dest_metro_pop_weighted_sum,15,35,-0.14875
num_amtrak_stations_80km & dest_metro_pop_weighted_sum,15,36,-0.14661
num_amtrak_stations_80km & dest_metro_pop_weighted_sum,15,37,-0.14297
num_amtrak_stations_80km & dest_metro_pop_weighted_sum,15,38,-0.1409
num_amtrak_stations_80km & dest_metro_pop_weighted_sum,15,39,-0.1393
num_amtrak_stations_80km & dest_metro_pop_weighted_sum,15,40,-0.1373
num_amtrak_stations_80km & dest_metro_pop_weighted_sum,15,41,-0.11819
num_amtrak_stations_80km & dest_metro_pop_weighted_sum,15,42,-0.07788
num_amtrak_stations_80km & dest_metro_pop_weighted_sum,15,43,-0.07399
num_amtrak_stations_80km & dest_metro_pop_weighted_sum,15,44,-0.06869
num_amtrak_stations_80km & dest_metro_pop_weighted_sum,15,45,-0.06588
num_amtrak_stations_80km & dest_metro_pop_weighted_sum,15,46,-0.06319
num_amtrak_stations_80km & dest_metro_pop_weighted_sum,15,47,-0.05746
num_amtrak_stations_80km & dest_metro_pop_weighted_sum,15,48,-0.05794
num_amtrak_stations_80km & dest_metro_pop_weighted_sum,15,49,-0.02648
num_amtrak_stations_80km & dest_metro_pop_weighted_sum,15,50,-0.02564
num_amtrak_stations_80km & dest_metro_pop_weighted_sum,15,51,-0.02405
num_amtrak_stations_80km & dest_metro_pop_weighted_sum,15,52,-0.02486
num_amtrak_stations_80km & dest_metro_pop_weighted_sum,15,53,-0.01817
num_amtrak_stations_80km & dest_metro_pop_weighted_sum,15,54,-0.02119
num_amtrak_stations_80km & dest_metro_pop_weighted_sum,15,55,-0.02062
num_amtrak_stations_80km & dest_metro_pop_weighted_sum,15,56,-0.02061
num_amtrak_stations_80km & dest_metro_pop_weighted_sum,15,57,-0.01955
num_amtrak_stations_80km & dest_metro_pop_weighted_sum,15,58,0.0283
num_amtrak_stations_80km & dest_metro_pop_weighted_sum,15,59,0.03391
num_amtrak_stations_80km & dest_metro_pop_weighted_sum,15,60,0.03874
num_amtrak_stations_80km & dest_metro_pop_weighted_sum,15,61,0.03958
num_amtrak_stations_80km & dest_metro_pop_weighted_sum,16,0,-0.59571
num_amtrak_stations_80km & dest_metro_pop_weighted_sum,16,1,-0.58421
num_amtrak_stations_80km & dest_metro_pop_weighted_sum,16,2,-0.5724
num_amtrak_stations_80km & dest_metro_pop_weighted_sum,16,3,-0.5713
num_amtrak_stations_80km & dest_metro_pop_weighted_sum,16,4,-0.56593
num_amtrak_stations_80km & dest_metro_pop_weighted_sum,16,5,-0.56386
num_amtrak_stations_80km & dest_metro_pop_weighted_sum,16,6,-0.5603
num_amtrak_stations_80km & dest_metro_pop_weighted_sum,16,7,-0.56135
num_amtrak_stations_80km & dest_metro_pop_weighted_sum,16,8,-0.51938
num_amtrak_stations_80km & dest_metro_pop_weighted_sum,16,9,-0.48647
num_amtrak_stations_80km & dest_metro_pop_weighted_sum,16,10,-0.4782
num_amtrak_stations_80km & dest_metro_pop_weighted_sum,16,11,-0.47372
num_amtrak_stations_80km & dest_metro_pop_weighted_sum,16,12,-0.46075
num_amtrak_stations_80km & dest_metro_pop_weighted_sum,16,13,-0.45894
num_amtrak_stations_80km & dest_metro_pop_weighted_sum,16,14,-0.45548
num_amtrak_stations_80km & dest_metro_pop_weighted_sum,16,15,-0.45152
num_amtrak_stations_80km & dest_metro_pop_weighted_sum,16,16,-0.44863
num_amtrak_stations_80km & dest_metro_pop_weighted_sum,16,17,-0.43075
num_amtrak_stations_80km & dest_metro_pop_weighted_sum,16,18,-0.4259
num_amtrak_stations_80km & dest_metro_pop_weighted_sum,16,19,-0.41861
num_amtrak_stations_80km & dest_metro_pop_weighted_sum,16,20,-0.41109
num_amtrak_stations_80km & dest_metro_pop_weighted_sum,16,21,-0.40688
num_amtrak_stations_80km & dest_metro_pop_weighted_sum,16,22,-0.39953
num_amtrak_stations_80km & dest_metro_pop_weighted_sum,16,23,-0.39644
num_amtrak_stations_80km & dest_metro_pop_weighted_sum,16,24,-0.39021
num_amtrak_stations_80km & dest_metro_pop_weighted_sum,16,25,-0.38809
num_amtrak_stations_80km & dest_metro_pop_weighted_sum,16,26,-0.38548
num_amtrak_stations_80km & dest_metro_pop_weighted_sum,16,27,-0.38373
num_amtrak_stations_80km & dest_metro_pop_weighted_sum,16,28,-0.38092
num_amtrak_stations_80km & dest_metro_pop_weighted_sum,16,29,-0.36927
num_amtrak_stations_80km & dest_metro_pop_weighted_sum,16,30,-0.34386
num_amtrak_stations_80km & dest_metro_pop_weighted_sum,16,31,-0.33886
num_amtrak_stations_80km & dest_metro_pop_weighted_sum,16,32,-0.33385
num_amtrak_stations_80km & dest_metro_pop_weighted_sum,16,33,-0.3304
num_amtrak_stations_80km & dest_metro_pop_weighted_sum,16,34,-0.3239
num_amtrak_stations_80km & dest_metro_pop_weighted_sum,16,35,-0.31969
num_amtrak_stations_80km & dest_metro_pop_weighted_sum,16,36,-0.31559
num_amtrak_stations_80km & dest_metro_pop_weighted_sum,16,37,-0.30888
num_amtrak_stations_80km & dest_metro_pop_weighted_sum,16,38,-0.30432
num_amtrak_stations_80km & dest_metro_pop_weighted_sum,16,39,-0.30101
num_amtrak_stations_80km & dest_metro_pop_weighted_sum,16,40,-0.29901
num_amtrak_stations_80km & dest_metro_pop_weighted_sum,16,41,-0.2799
num_amtrak_stations_80km & dest_metro_pop_weighted_sum,16,42,-0.23839
num_amtrak_stations_80km & dest_metro_pop_weighted_sum,16,43,-0.23241
num_amtrak_stations_80km & dest_metro_pop_weighted_sum,16,44,-0.22711
num_amtrak_stations_80km & dest_metro_pop_weighted_sum,16,45,-0.22429
num_amtrak_stations_80km & dest_metro_pop_weighted_sum,16,46,-0.22065
num_amtrak_stations_80km & dest_metro_pop_weighted_sum,16,47,-0.21492
num_amtrak_stations_80km & dest_metro_pop_weighted_sum,16,48,-0.20364
num_amtrak_stations_80km & dest_metro_pop_weighted_sum,16,49,-0.06343
num_amtrak_stations_80km & dest_metro_pop_weighted_sum,16,50,-0.05308
num_amtrak_stations_80km & dest_metro_pop_weighted_sum,16,51,-0.05132
num_amtrak_stations_80km & dest_metro_pop_weighted_sum,16,52,-0.05175
num_amtrak_stations_80km & dest_metro_pop_weighted_sum,16,53,-0.04505
num_amtrak_stations_80km & dest_metro_pop_weighted_sum,16,54,-0.02272
num_amtrak_stations_80km & dest_metro_pop_weighted_sum,16,55,-0.02207
num_amtrak_stations_80km & dest_metro_pop_weighted_sum,16,56,-0.02181
num_amtrak_stations_80km & dest_metro_pop_weighted_sum,16,57,-0.02076
num_amtrak_stations_80km & dest_metro_pop_weighted_sum,16,58,0.02709
num_amtrak_stations_80km & dest_metro_pop_weighted_sum,16,59,0.03271
num_amtrak_stations_80km & dest_metro_pop_weighted_sum,16,60,0.03754
num_amtrak_stations_80km & dest_metro_pop_weighted_sum,16,61,0.03838
num_amtrak_stations_80km & dest_metro_pop_weighted_sum,17,0,-0.61059
num_amtrak_stations_80km & dest_metro_pop_weighted_sum,17,1,-0.59921
num_amtrak_stations_80km & dest_metro_pop_weighted_sum,17,2,-0.5875
num_amtrak_stations_80km & dest_metro_pop_weighted_sum,17,3,-0.58644
num_amtrak_stations_80km & dest_metro_pop_weighted_sum,17,4,-0.58095
num_amtrak_stations_80km & dest_metro_pop_weighted_sum,17,5,-0.57888
num_amtrak_stations_80km & dest_metro_pop_weighted_sum,17,6,-0.57536
num_amtrak_stations_80km & dest_metro_pop_weighted_sum,17,7,-0.5764
num_amtrak_stations_80km & dest_metro_pop_weighted_sum,17,8,-0.53443
num_amtrak_stations_80km & dest_metro_pop_weighted_sum,17,9,-0.50158
num_amtrak_stations_80km & dest_metro_pop_weighted_sum,17,10,-0.49339
num_amtrak_stations_80km & dest_metro_pop_weighted_sum,17,11,-0.48891
num_amtrak_stations_80km & dest_metro_pop_weighted_sum,17,12,-0.47594
num_amtrak_stations_80km & dest_metro_pop_weighted_sum,17,13,-0.47416
num_amtrak_stations_80km & dest_metro_pop_weighted_sum,17,14,-0.4707
num_amtrak_stations_80km & dest_metro_pop_weighted_sum,17,15,-0.46675
num_amtrak_stations_80km & dest_metro_pop_weighted_sum,17,16,-0.46385
num_amtrak_stations_80km & dest_metro_pop_weighted_sum,17,17,-0.44599
num_amtrak_stations_80km & dest_metro_pop_weighted_sum,17,18,-0.44113
num_amtrak_stations_80km & dest_metro_pop_weighted_sum,17,19,-0.43391
num_amtrak_stations_80km & dest_metro_pop_weighted_sum,17,20,-0.42639
num_amtrak_stations_80km & dest_metro_pop_weighted_sum,17,21,-0.42218
num_amtrak_stations_80km & dest_metro_pop_weighted_sum,17,22,-0.41484
num_amtrak_stations_80km & dest_metro_pop_weighted_sum,17,23,-0.4118
num_amtrak_stations_80km & dest_metro_pop_weighted_sum,17,24,-0.40562
num_amtrak_stations_80km & dest_metro_pop_weighted_sum,17,25,-0.4035
num_amtrak_stations_80km & dest_metro_pop_weighted_sum,17,26,-0.40093
num_amtrak_stations_80km & dest_metro_pop_weighted_sum,17,27,-0.39918
num_amtrak_stations_80km & dest_metro_pop_weighted_sum,17,28,-0.3964
num_amtrak_stations_80km & dest_metro_pop_weighted_sum,17,29,-0.3848
num_amtrak_stations_80km & dest_metro_pop_weighted_sum,17,30,-0.35939
num_amtrak_stations_80km & dest_metro_pop_weighted_sum,17,31,-0.35441
num_amtrak_stations_80km & dest_metro_pop_weighted_sum,17,32,-0.34951
num_amtrak_stations_80km & dest_metro_pop_weighted_sum,17,33,-0.34605
num_amtrak_stations_80km & dest_metro_pop_weighted_sum,17,34,-0.33957
num_amtrak_stations_80km & dest_metro_pop_weighted_sum,17,35,-0.33541
num_amtrak_stations_80km & dest_metro_pop_weighted_sum,17,36,-0.33131
num_amtrak_stations_80km & dest_metro_pop_weighted_sum,17,37,-0.32466
num_amtrak_stations_80km & dest_metro_pop_weighted_sum,17,38,-0.32014
num_amtrak_stations_80km & dest_metro_pop_weighted_sum,17,39,-0.31693
num_amtrak_stations_80km & dest_metro_pop_weighted_sum,17,40,-0.31493
num_amtrak_stations_80km & dest_metro_pop_weighted_sum,17,41,-0.29354
num_amtrak_stations_80km & dest_metro_pop_weighted_sum,17,42,-0.2493
num_amtrak_stations_80km & dest_metro_pop_weighted_sum,17,43,-0.24096
num_amtrak_stations_80km & dest_metro_pop_weighted_sum,17,44,-0.23406
num_amtrak_stations_80km & dest_metro_pop_weighted_sum,17,45,-0.22973
num_amtrak_stations_80km & dest_metro_pop_weighted_sum,17,46,-0.22442
num_amtrak_stations_80km & dest_metro_pop_weighted_sum,17,47,-0.21869
num_amtrak_stations_80km & dest_metro_pop_weighted_sum,17,48,-0.20675
num_amtrak_stations_80km & dest_metro_pop_weighted_sum,17,49,-0.06655
num_amtrak_stations_80km & dest_metro_pop_weighted_sum,17,50,-0.05557
num_amtrak_stations_80km & dest_metro_pop_weighted_sum,17,51,-0.05381
num_amtrak_stations_80km & dest_metro_pop_weighted_sum,17,52,-0.05401
num_amtrak_stations_80km & dest_metro_pop_weighted_sum,17,53,-0.04707
num_amtrak_stations_80km & dest_metro_pop_weighted_sum,17,54,-0.02456
num_amtrak_stations_80km & dest_metro_pop_weighted_sum,17,55,-0.0239
num_amtrak_stations_80km & dest_metro_pop_weighted_sum,17,56,-0.02365
num_amtrak_stations_80km & dest_metro_pop_weighted_sum,17,57,-0.02259
num_amtrak_stations_80km & dest_metro_pop_weighted_sum,17,58,0.02526
num_amtrak_stations_80km & dest_metro_pop_weighted_sum,17,59,0.03087
num_amtrak_stations_80km & dest_metro_pop_weighted_sum,17,60,0.03581
num_amtrak_stations_80km & dest_metro_pop_weighted_sum,17,61,0.03665
num_amtrak_stations_80km & dest_metro_pop_weighted_sum,18,0,-0.61559
num_amtrak_stations_80km & dest_metro_pop_weighted_sum,18,1,-0.60429
num_amtrak_stations_80km & dest_metro_pop_weighted_sum,18,2,-0.59277
num_amtrak_stations_80km & dest_metro_pop_weighted_sum,18,3,-0.59172
num_amtrak_stations_80km & dest_metro_pop_weighted_sum,18,4,-0.58591
num_amtrak_stations_80km & dest_metro_pop_weighted_sum,18,5,-0.58384
num_amtrak_stations_80km & dest_metro_pop_weighted_sum,18,6,-0.58026
num_amtrak_stations_80km & dest_metro_pop_weighted_sum,18,7,-0.5812
num_amtrak_stations_80km & dest_metro_pop_weighted_sum,18,8,-0.53917
num_amtrak_stations_80km & dest_metro_pop_weighted_sum,18,9,-0.50629
num_amtrak_stations_80km & dest_metro_pop_weighted_sum,18,10,-0.4981
num_amtrak_stations_80km & dest_metro_pop_weighted_sum,18,11,-0.49362
num_amtrak_stations_80km & dest_metro_pop_weighted_sum,18,12,-0.48068
num_amtrak_stations_80km & dest_metro_pop_weighted_sum,18,13,-0.47891
num_amtrak_stations_80km & dest_metro_pop_weighted_sum,18,14,-0.47541
num_amtrak_stations_80km & dest_metro_pop_weighted_sum,18,15,-0.47143
num_amtrak_stations_80km & dest_metro_pop_weighted_sum,18,16,-0.46853
num_amtrak_stations_80km & dest_metro_pop_weighted_sum,18,17,-0.45067
num_amtrak_stations_80km & dest_metro_pop_weighted_sum,18,18,-0.4458
num_amtrak_stations_80km & dest_metro_pop_weighted_sum,18,19,-0.43856
num_amtrak_stations_80km & dest_metro_pop_weighted_sum,18,20,-0.43104
num_amtrak_stations_80km & dest_metro_pop_weighted_sum,18,21,-0.4268
num_amtrak_stations_80km & dest_metro_pop_weighted_sum,18,22,-0.41943
num_amtrak_stations_80km & dest_metro_pop_weighted_sum,18,23,-0.41631
num_amtrak_stations_80km & dest_metro_pop_weighted_sum,18,24,-0.41016
num_amtrak_stations_80km & dest_metro_pop_weighted_sum,18,25,-0.40803
num_amtrak_stations_80km & dest_metro_pop_weighted_sum,18,26,-0.40546
num_amtrak_stations_80km & dest_metro_pop_weighted_sum,18,27,-0.40371
num_amtrak_stations_80km & dest_metro_pop_weighted_sum,18,28,-0.40094
num_amtrak_stations_80km & dest_metro_pop_weighted_sum,18,29,-0.38934
num_amtrak_stations_80km & dest_metro_pop_weighted_sum,18,30,-0.36389
num_amtrak_stations_80km & dest_metro_pop_weighted_sum,18,31,-0.35889
num_amtrak_stations_80km & dest_metro_pop_weighted_sum,18,32,-0.35399
num_amtrak_stations_80km & dest_metro_pop_weighted_sum,18,33,-0.35053
num_amtrak_stations_80km & dest_metro_pop_weighted_sum,18,34,-0.34411
num_amtrak_stations_80km & dest_metro_pop_weighted_sum,18,35,-0.33996
num_amtrak_stations_80km & dest_metro_pop_weighted_sum,18,36,-0.33586
num_amtrak_stations_80km & dest_metro_pop_weighted_sum,18,37,-0.3292
num_amtrak_stations_80km & dest_metro_pop_weighted_sum,18,38,-0.32468
num_amtrak_stations_80km & dest_metro_pop_weighted_sum,18,39,-0.32147
num_amtrak_stations_80km & dest_metro_pop_weighted_sum,18,40,-0.31947
num_amtrak_stations_80km & dest_metro_pop_weighted_sum,18,41,-0.29809
num_amtrak_stations_80km & dest_metro_pop_weighted_sum,18,42,-0.25242
num_amtrak_stations_80km & dest_metro_pop_weighted_sum,18,43,-0.24249
num_amtrak_stations_80km & dest_metro_pop_weighted_sum,18,44,-0.23558
num_amtrak_stations_80km & dest_metro_pop_weighted_sum,18,45,-0.23126
num_amtrak_stations_80km & dest_metro_pop_weighted_sum,18,46,-0.22595
num_amtrak_stations_80km & dest_metro_pop_weighted_sum,18,47,-0.22022
num_amtrak_stations_80km & dest_metro_pop_weighted_sum,18,48,-0.20782
num_amtrak_stations_80km & dest_metro_pop_weighted_sum,18,49,-0.06723
num_amtrak_stations_80km & dest_metro_pop_weighted_sum,18,50,-0.05625
num_amtrak_stations_80km & dest_metro_pop_weighted_sum,18,51,-0.05449
num_amtrak_stations_80km & dest_metro_pop_weighted_sum,18,52,-0.05469
num_amtrak_stations_80km & dest_metro_pop_weighted_sum,18,53,-0.04709
num_amtrak_stations_80km & dest_metro_pop_weighted_sum,18,54,-0.02449
num_amtrak_stations_80km & dest_metro_pop_weighted_sum,18,55,-0.02371
num_amtrak_stations_80km & dest_metro_pop_weighted_sum,18,56,-0.02346
num_amtrak_stations_80km & dest_metro_pop_weighted_sum,18,57,-0.02228
num_amtrak_stations_80km & dest_metro_pop_weighted_sum,18,58,0.02557
num_amtrak_stations_80km & dest_metro_pop_weighted_sum,18,59,0.03119
num_amtrak_stations_80km & dest_metro_pop_weighted_sum,18,60,0.03612
num_amtrak_stations_80km & dest_metro_pop_weighted_sum,18,61,0.037
num_amtrak_stations_80km & dest_metro_pop_weighted_sum,19,0,-0.61215
num_amtrak_stations_80km & dest_metro_pop_weighted_sum,19,1,-0.60085
num_amtrak_stations_80km & dest_metro_pop_weighted_sum,19,2,-0.58542
num_amtrak_stations_80km & dest_metro_pop_weighted_sum,19,3,-0.58438
num_amtrak_stations_80km & dest_metro_pop_weighted_sum,19,4,-0.57843
num_amtrak_stations_80km & dest_metro_pop_weighted_sum,19,5,-0.57631
num_amtrak_stations_80km & dest_metro_pop_weighted_sum,19,6,-0.57263
num_amtrak_stations_80km & dest_metro_pop_weighted_sum,19,7,-0.57339
num_amtrak_stations_80km & dest_metro_pop_weighted_sum,19,8,-0.53124
num_amtrak_stations_80km & dest_metro_pop_weighted_sum,19,9,-0.49836
num_amtrak_stations_80km & dest_metro_pop_weighted_sum,19,10,-0.4901
num_amtrak_stations_80km & dest_metro_pop_weighted_sum,19,11,-0.48562
num_amtrak_stations_80km & dest_metro_pop_weighted_sum,19,12,-0.47262
num_amtrak_stations_80km & dest_metro_pop_weighted_sum,19,13,-0.47084
num_amtrak_stations_80km & dest_metro_pop_weighted_sum,19,14,-0.46723
num_amtrak_stations_80km & dest_metro_pop_weighted_sum,19,15,-0.46325
num_amtrak_stations_80km & dest_metro_pop_weighted_sum,19,16,-0.46001
num_amtrak_stations_80km & dest_metro_pop_weighted_sum,19,17,-0.44216
num_amtrak_stations_80km & dest_metro_pop_weighted_sum,19,18,-0.43722
num_amtrak_stations_80km & dest_metro_pop_weighted_sum,19,19,-0.42999
num_amtrak_stations_80km & dest_metro_pop_weighted_sum,19,20,-0.42221
num_amtrak_stations_80km & dest_metro_pop_weighted_sum,19,21,-0.41797
num_amtrak_stations_80km & dest_metro_pop_weighted_sum,19,22,-0.4106
num_amtrak_stations_80km & dest_metro_pop_weighted_sum,19,23,-0.40738
num_amtrak_stations_80km & dest_metro_pop_weighted_sum,19,24,-0.40118
num_amtrak_stations_80km & dest_metro_pop_weighted_sum,19,25,-0.39905
num_amtrak_stations_80km & dest_metro_pop_weighted_sum,19,26,-0.39643
num_amtrak_stations_80km & dest_metro_pop_weighted_sum,19,27,-0.3946
num_amtrak_stations_80km & dest_metro_pop_weighted_sum,19,28,-0.39178
num_amtrak_stations_80km & dest_metro_pop_weighted_sum,19,29,-0.38013
num_amtrak_stations_80km & dest_metro_pop_weighted_sum,19,30,-0.35462
num_amtrak_stations_80km & dest_metro_pop_weighted_sum,19,31,-0.34962
num_amtrak_stations_80km & dest_metro_pop_weighted_sum,19,32,-0.34472
num_amtrak_stations_80km & dest_metro_pop_weighted_sum,19,33,-0.34122
num_amtrak_stations_80km & dest_metro_pop_weighted_sum,19,34,-0.33468
num_amtrak_stations_80km & dest_metro_pop_weighted_sum,19,35,-0.33052
num_amtrak_stations_80km & dest_metro_pop_weighted_sum,19,36,-0.32638
num_amtrak_stations_80km & dest_metro_pop_weighted_sum,19,37,-0.31972
num_amtrak_stations_80km & dest_metro_pop_weighted_sum,19,38,-0.3152
num_amtrak_stations_80km & dest_metro_pop_weighted_sum,19,39,-0.31201
num_amtrak_stations_80km & dest_metro_pop_weighted_sum,19,40,-0.30992
num_amtrak_stations_80km & dest_metro_pop_weighted_sum,19,41,-0.28854
num_amtrak_stations_80km & dest_metro_pop_weighted_sum,19,42,-0.24284
num_amtrak_stations_80km & dest_metro_pop_weighted_sum,19,43,-0.23278
num_amtrak_stations_80km & dest_metro_pop_weighted_sum,19,44,-0.22574
num_amtrak_stations_80km & dest_metro_pop_weighted_sum,19,45,-0.22131
num_amtrak_stations_80km & dest_metro_pop_weighted_sum,19,46,-0.21594
num_amtrak_stations_80km & dest_metro_pop_weighted_sum,19,47,-0.21021
num_amtrak_stations_80km & dest_metro_pop_weighted_sum,19,48,-0.19807
num_amtrak_stations_80km & dest_metro_pop_weighted_sum,19,49,-0.05762
num_amtrak_stations_80km & dest_metro_pop_weighted_sum,19,50,-0.04671
num_amtrak_stations_80km & dest_metro_pop_weighted_sum,19,51,-0.04495
num_amtrak_stations_80km & dest_metro_pop_weighted_sum,19,52,-0.04515
num_amtrak_stations_80km & dest_metro_pop_weighted_sum,19,53,-0.03755
num_amtrak_stations_80km & dest_metro_pop_weighted_sum,19,54,-0.01495
num_amtrak_stations_80km & dest_metro_pop_weighted_sum,19,55,-0.01399
num_amtrak_stations_80km & dest_metro_pop_weighted_sum,19,56,-0.01373
num_amtrak_stations_80km & dest_metro_pop_weighted_sum,19,57,-0.01274
num_amtrak_stations_80km & dest_metro_pop_weighted_sum,19,58,0.03506
num_amtrak_stations_80km & dest_metro_pop_weighted_sum,19,59,0.04062
num_amtrak_stations_80km & dest_metro_pop_weighted_sum,19,60,0.04555
num_amtrak_stations_80km & dest_metro_pop_weighted_sum,19,61,0.04629
num_amtrak_stations_80km & dest_metro_pop_weighted_sum,20,0,-0.61145
num_amtrak_stations_80km & dest_metro_pop_weighted_sum,20,1,-0.60023
num_amtrak_stations_80km & dest_metro_pop_weighted_sum,20,2,-0.5848
num_amtrak_stations_80km & dest_metro_pop_weighted_sum,20,3,-0.58317
num_amtrak_stations_80km & dest_metro_pop_weighted_sum,20,4,-0.57692
num_amtrak_stations_80km & dest_metro_pop_weighted_sum,20,5,-0.5748
num_amtrak_stations_80km & dest_metro_pop_weighted_sum,20,6,-0.57112
num_amtrak_stations_80km & dest_metro_pop_weighted_sum,20,7,-0.57166
num_amtrak_stations_80km & dest_metro_pop_weighted_sum,20,8,-0.52951
num_amtrak_stations_80km & dest_metro_pop_weighted_sum,20,9,-0.49643
num_amtrak_stations_80km & dest_metro_pop_weighted_sum,20,10,-0.48795
num_amtrak_stations_80km & dest_metro_pop_weighted_sum,20,11,-0.48346
num_amtrak_stations_80km & dest_metro_pop_weighted_sum,20,12,-0.47014
num_amtrak_stations_80km & dest_metro_pop_weighted_sum,20,13,-0.46836
num_amtrak_stations_80km & dest_metro_pop_weighted_sum,20,14,-0.46439
num_amtrak_stations_80km & dest_metro_pop_weighted_sum,20,15,-0.46041
num_amtrak_stations_80km & dest_metro_pop_weighted_sum,20,16,-0.45709
num_amtrak_stations_80km & dest_metro_pop_weighted_sum,20,17,-0.4388
num_amtrak_stations_80km & dest_metro_pop_weighted_sum,20,18,-0.43387
num_amtrak_stations_80km & dest_metro_pop_weighted_sum,20,19,-0.42656
num_amtrak_stations_80km & dest_metro_pop_weighted_sum,20,20,-0.41857
num_amtrak_stations_80km & dest_metro_pop_weighted_sum,20,21,-0.41433
num_amtrak_stations_80km & dest_metro_pop_weighted_sum,20,22,-0.40657
num_amtrak_stations_80km & dest_metro_pop_weighted_sum,20,23,-0.40275
num_amtrak_stations_80km & dest_metro_pop_weighted_sum,20,24,-0.39635
num_amtrak_stations_80km & dest_metro_pop_weighted_sum,20,25,-0.39422
num_amtrak_stations_80km & dest_metro_pop_weighted_sum,20,26,-0.39133
num_amtrak_stations_80km & dest_metro_pop_weighted_sum,20,27,-0.38951
num_amtrak_stations_80km & dest_metro_pop_weighted_sum,20,28,-0.38631
num_amtrak_stations_80km & dest_metro_pop_weighted_sum,20,29,-0.37467
num_amtrak_stations_80km & dest_metro_pop_weighted_sum,20,30,-0.34915
num_amtrak_stations_80km & dest_metro_pop_weighted_sum,20,31,-0.34396
num_amtrak_stations_80km & dest_metro_pop_weighted_sum,20,32,-0.33882
num_amtrak_stations_80km & dest_metro_pop_weighted_sum,20,33,-0.33533
num_amtrak_stations_80km & dest_metro_pop_weighted_sum,20,34,-0.32871
num_amtrak_stations_80km & dest_metro_pop_weighted_sum,20,35,-0.32448
num_amtrak_stations_80km & dest_metro_pop_weighted_sum,20,36,-0.32033
num_amtrak_stations_80km & dest_metro_pop_weighted_sum,20,37,-0.31367
num_amtrak_stations_80km & dest_metro_pop_weighted_sum,20,38,-0.30908
num_amtrak_stations_80km & dest_metro_pop_weighted_sum,20,39,-0.30589
num_amtrak_stations_80km & dest_metro_pop_weighted_sum,20,40,-0.30345
num_amtrak_stations_80km & dest_metro_pop_weighted_sum,20,41,-0.28207
num_amtrak_stations_80km & dest_metro_pop_weighted_sum,20,42,-0.23622
num_amtrak_stations_80km & dest_metro_pop_weighted_sum,20,43,-0.22602
num_amtrak_stations_80km & dest_metro_pop_weighted_sum,20,44,-0.21889
num_amtrak_stations_80km & dest_metro_pop_weighted_sum,20,45,-0.2143
num_amtrak_stations_80km & dest_metro_pop_weighted_sum,20,46,-0.20884
num_amtrak_stations_80km & dest_metro_pop_weighted_sum,20,47,-0.20286
num_amtrak_stations_80km & dest_metro_pop_weighted_sum,20,48,-0.19071
num_amtrak_stations_80km & dest_metro_pop_weighted_sum,20,49,-0.05026
num_amtrak_stations_80km & dest_metro_pop_weighted_sum,20,50,-0.03936
num_amtrak_stations_80km & dest_metro_pop_weighted_sum,20,51,-0.03745
num_amtrak_stations_80km & dest_metro_pop_weighted_sum,20,52,-0.03765
num_amtrak_stations_80km & dest_metro_pop_weighted_sum,20,53,-0.03004
num_amtrak_stations_80km & dest_metro_pop_weighted_sum,20,54,-0.00744
num_amtrak_stations_80km & dest_metro_pop_weighted_sum,20,55,-0.00648
num_amtrak_stations_80km & dest_metro_pop_weighted_sum,20,56,-0.00623
num_amtrak_stations_80km & dest_metro_pop_weighted_sum,20,57,-0.00585
num_amtrak_stations_80km & dest_metro_pop_weighted_sum,20,58,0.04194
num_amtrak_stations_80km & dest_metro_pop_weighted_sum,20,59,0.0475
num_amtrak_stations_80km & dest_metro_pop_weighted_sum,20,60,0.05195
num_amtrak_stations_80km & dest_metro_pop_weighted_sum,20,61,0.05253
service_span_hours & dest_metro_pop_weighted_sum,0,0,0.01128
service_span_hours & dest_metro_pop_weighted_sum,0,1,0.01288
service_span_hours & dest_metro_pop_weighted_sum,0,2,0.13898
service_span_hours & dest_metro_pop_weighted_sum,0,3,0.17661
service_span_hours & dest_metro_pop_weighted_sum,0,4,0.17448
service_span_hours & dest_metro_pop_weighted_sum,0,5,0.17319
service_span_hours & dest_metro_pop_weighted_sum,0,6,0.17127
service_span_hours & dest_metro_pop_weighted_sum,0,7,0.16914
service_span_hours & dest_metro_pop_weighted_sum,0,8,0.16703
service_span_hours & dest_metro_pop_weighted_sum,0,9,0.16519
service_span_hours & dest_metro_pop_weighted_sum,0,10,0.15858
service_span_hours & dest_metro_pop_weighted_sum,0,11,0.10908
service_span_hours & dest_metro_pop_weighted_sum,0,12,0.1011
service_span_hours & dest_metro_pop_weighted_sum,0,13,0.09207
service_span_hours & dest_metro_pop_weighted_sum,0,14,0.04069
service_span_hours & dest_metro_pop_weighted_sum,0,15,0.03272
service_span_hours & dest_metro_pop_weighted_sum,0,16,-0.02297
service_span_hours & dest_metro_pop_weighted_sum,0,17,-0.02638
service_span_hours & dest_metro_pop_weighted_sum,0,18,-0.03049
service_span_hours & dest_metro_pop_weighted_sum,0,19,-0.03516
service_span_hours & dest_metro_pop_weighted_sum,0,20,-0.03683
service_span_hours & dest_metro_pop_weighted_sum,0,21,-0.03834
service_span_hours & dest_metro_pop_weighted_sum,0,22,-0.04771
service_span_hours & dest_metro_pop_weighted_sum,0,23,-0.04926
service_span_hours & dest_metro_pop_weighted_sum,0,24,-0.0776
service_span_hours & dest_metro_pop_weighted_sum,0,25,-0.07878
service_span_hours & dest_metro_pop_weighted_sum,0,26,-0.06016
service_span_hours & dest_metro_pop_weighted_sum,0,27,-0.0616
service_span_hours & dest_metro_pop_weighted_sum,0,28,-0.06003
service_span_hours & dest_metro_pop_weighted_sum,0,29,-0.06165
service_span_hours & dest_metro_pop_weighted_sum,0,30,-0.0527
service_span_hours & dest_metro_pop_weighted_sum,0,31,-0.05148
service_span_hours & dest_metro_pop_weighted_sum,0,32,-0.05003
service_span_hours & dest_metro_pop_weighted_sum,0,33,-0.0507
service_span_hours & dest_metro_pop_weighted_sum,0,34,-0.05324
service_span_hours & dest_metro_pop_weighted_sum,0,35,-0.06252
service_span_hours & dest_metro_pop_weighted_sum,0,36,-0.06537
service_span_hours & dest_metro_pop_weighted_sum,0,37,-0.06824
service_span_hours & dest_metro_pop_weighted_sum,0,38,-0.08872
service_span_hours & dest_metro_pop_weighted_sum,0,39,-0.10368
service_span_hours & dest_metro_pop_weighted_sum,0,40,-0.10615
service_span_hours & dest_metro_pop_weighted_sum,0,41,-0.11204
service_span_hours & dest_metro_pop_weighted_sum,0,42,-0.1205
service_span_hours & dest_metro_pop_weighted_sum,0,43,-0.13304
service_span_hours & dest_metro_pop_weighted_sum,0,44,-0.14149
service_span_hours & dest_metro_pop_weighted_sum,0,45,-0.09895
service_span_hours & dest_metro_pop_weighted_sum,0,46,-0.09683
service_span_hours & dest_metro_pop_weighted_sum,0,47,-0.10407
service_span_hours & dest_metro_pop_weighted_sum,0,48,-0.10346
service_span_hours & dest_metro_pop_weighted_sum,0,49,-0.07852
service_span_hours & dest_metro_pop_weighted_sum,0,50,-0.05704
service_span_hours & dest_metro_pop_weighted_sum,0,51,-0.05681
service_span_hours & dest_metro_pop_weighted_sum,0,52,-0.05841
service_span_hours & dest_metro_pop_weighted_sum,0,53,-0.07519
service_span_hours & dest_metro_pop_weighted_sum,0,54,-0.11021
service_span_hours & dest_metro_pop_weighted_sum,0,55,-0.11707
service_span_hours & dest_metro_pop_weighted_sum,0,56,-0.12012
service_span_hours & dest_metro_pop_weighted_sum,0,57,-0.12062
service_span_hours & dest_metro_pop_weighted_sum,0,58,-0.11168
service_span_hours & dest_metro_pop_weighted_sum,0,59,-0.10915
service_span_hours & dest_metro_pop_weighted_sum,0,60,-0.07924
service_span_hours & dest_metro_pop_weighted_sum,0,61,-0.07877
service_span_hours & dest_metro_pop_weighted_sum,1,0,0.01231
service_span_hours & dest_metro_pop_weighted_sum,1,1,0.01391
service_span_hours & dest_metro_pop_weighted_sum,1,2,0.14
service_span_hours & dest_metro_pop_weighted_sum,1,3,0.17763
service_span_hours & dest_metro_pop_weighted_sum,1,4,0.1755
service_span_hours & dest_metro_pop_weighted_sum,1,5,0.17422
service_span_hours & dest_metro_pop_weighted_sum,1,6,0.17233
service_span_hours & dest_metro_pop_weighted_sum,1,7,0.1702
service_span_hours & dest_metro_pop_weighted_sum,1,8,0.16809
service_span_hours & dest_metro_pop_weighted_sum,1,9,0.16625
service_span_hours & dest_metro_pop_weighted_sum,1,10,0.15974
service_span_hours & dest_metro_pop_weighted_sum,1,11,0.11033
service_span_hours & dest_metro_pop_weighted_sum,1,12,0.10245
service_span_hours & dest_metro_pop_weighted_sum,1,13,0.09342
service_span_hours & dest_metro_pop_weighted_sum,1,14,0.04203
service_span_hours & dest_metro_pop_weighted_sum,1,15,0.03406
service_span_hours & dest_metro_pop_weighted_sum,1,16,-0.02126
service_span_hours & dest_metro_pop_weighted_sum,1,17,-0.02466
service_span_hours & dest_metro_pop_weighted_sum,1,18,-0.02854
service_span_hours & dest_metro_pop_weighted_sum,1,19,-0.03321
service_span_hours & dest_metro_pop_weighted_sum,1,20,-0.03488
service_span_hours & dest_metro_pop_weighted_sum,1,21,-0.0364
service_span_hours & dest_metro_pop_weighted_sum,1,22,-0.04577
service_span_hours & dest_metro_pop_weighted_sum,1,23,-0.04732
service_span_hours & dest_metro_pop_weighted_sum,1,24,-0.07566
service_span_hours & dest_metro_pop_weighted_sum,1,25,-0.07628
service_span_hours & dest_metro_pop_weighted_sum,1,26,-0.05767
service_span_hours & dest_metro_pop_weighted_sum,1,27,-0.05852
service_span_hours & dest_metro_pop_weighted_sum,1,28,-0.05694
service_span_hours & dest_metro_pop_weighted_sum,1,29,-0.05856
service_span_hours & dest_metro_pop_weighted_sum,1,30,-0.04906
service_span_hours & dest_metro_pop_weighted_sum,1,31,-0.04643
service_span_hours & dest_metro_pop_weighted_sum,1,32,-0.04443
service_span_hours & dest_metro_pop_weighted_sum,1,33,-0.0451
service_span_hours & dest_metro_pop_weighted_sum,1,34,-0.04764
service_span_hours & dest_metro_pop_weighted_sum,1,35,-0.05691
service_span_hours & dest_metro_pop_weighted_sum,1,36,-0.05977
service_span_hours & dest_metro_pop_weighted_sum,1,37,-0.06263
service_span_hours & dest_metro_pop_weighted_sum,1,38,-0.0822
service_span_hours & dest_metro_pop_weighted_sum,1,39,-0.09716
service_span_hours & dest_metro_pop_weighted_sum,1,40,-0.09909
service_span_hours & dest_metro_pop_weighted_sum,1,41,-0.10413
service_span_hours & dest_metro_pop_weighted_sum,1,42,-0.11259
service_span_hours & dest_metro_pop_weighted_sum,1,43,-0.12462
service_span_hours & dest_metro_pop_weighted_sum,1,44,-0.13252
service_span_hours & dest_metro_pop_weighted_sum,1,45,-0.08998
service_span_hours & dest_metro_pop_weighted_sum,1,46,-0.08786
service_span_hours & dest_metro_pop_weighted_sum,1,47,-0.0955
service_span_hours & dest_metro_pop_weighted_sum,1,48,-0.09525
service_span_hours & dest_metro_pop_weighted_sum,1,49,-0.07031
service_span_hours & dest_metro_pop_weighted_sum,1,50,-0.04887
service_span_hours & dest_metro_pop_weighted_sum,1,51,-0.04863
service_span_hours & dest_metro_pop_weighted_sum,1,52,-0.05024
service_span_hours & dest_metro_pop_weighted_sum,1,53,-0.0673
service_span_hours & dest_metro_pop_weighted_sum,1,54,-0.10243
service_span_hours & dest_metro_pop_weighted_sum,1,55,-0.1093
service_span_hours & dest_metro_pop_weighted_sum,1,56,-0.11235
service_span_hours & dest_metro_pop_weighted_sum,1,57,-0.11285
service_span_hours & dest_metro_pop_weighted_sum,1,58,-0.10391
service_span_hours & dest_metro_pop_weighted_sum,1,59,-0.10138
service_span_hours & dest_metro_pop_weighted_sum,1,60,-0.0715
service_span_hours & dest_metro_pop_weighted_sum,1,61,-0.07103
service_span_hours & dest_metro_pop_weighted_sum,2,0,0.01111
service_span_hours & dest_metro_pop_weighted_sum,2,1,0.01271
service_span_hours & dest_metro_pop_weighted_sum,2,2,0.13881
service_span_hours & dest_metro_pop_weighted_sum,2,3,0.17649
service_span_hours & dest_metro_pop_weighted_sum,2,4,0.1743
service_span_hours & dest_metro_pop_weighted_sum,2,5,0.17301
service_span_hours & dest_metro_pop_weighted_sum,2,6,0.17112
service_span_hours & dest_metro_pop_weighted_sum,2,7,0.16899
service_span_hours & dest_metro_pop_weighted_sum,2,8,0.16688
service_span_hours & dest_metro_pop_weighted_sum,2,9,0.16504
service_span_hours & dest_metro_pop_weighted_sum,2,10,0.15884
service_span_hours & dest_metro_pop_weighted_sum,2,11,0.10943
service_span_hours & dest_metro_pop_weighted_sum,2,12,0.10155
service_span_hours & dest_metro_pop_weighted_sum,2,13,0.09252
service_span_hours & dest_metro_pop_weighted_sum,2,14,0.04163
service_span_hours & dest_metro_pop_weighted_sum,2,15,0.03366
service_span_hours & dest_metro_pop_weighted_sum,2,16,-0.02166
service_span_hours & dest_metro_pop_weighted_sum,2,17,-0.02463
service_span_hours & dest_metro_pop_weighted_sum,2,18,-0.02851
service_span_hours & dest_metro_pop_weighted_sum,2,19,-0.03263
service_span_hours & dest_metro_pop_weighted_sum,2,20,-0.0343
service_span_hours & dest_metro_pop_weighted_sum,2,21,-0.03581
service_span_hours & dest_metro_pop_weighted_sum,2,22,-0.04518
service_span_hours & dest_metro_pop_weighted_sum,2,23,-0.04642
service_span_hours & dest_metro_pop_weighted_sum,2,24,-0.07419
service_span_hours & dest_metro_pop_weighted_sum,2,25,-0.07482
service_span_hours & dest_metro_pop_weighted_sum,2,26,-0.0562
service_span_hours & dest_metro_pop_weighted_sum,2,27,-0.05706
service_span_hours & dest_metro_pop_weighted_sum,2,28,-0.05548
service_span_hours & dest_metro_pop_weighted_sum,2,29,-0.0571
service_span_hours & dest_metro_pop_weighted_sum,2,30,-0.0476
service_span_hours & dest_metro_pop_weighted_sum,2,31,-0.04497
service_span_hours & dest_metro_pop_weighted_sum,2,32,-0.04297
service_span_hours & dest_metro_pop_weighted_sum,2,33,-0.04364
service_span_hours & dest_metro_pop_weighted_sum,2,34,-0.04538
service_span_hours & dest_metro_pop_weighted_sum,2,35,-0.05465
service_span_hours & dest_metro_pop_weighted_sum,2,36,-0.05658
service_span_hours & dest_metro_pop_weighted_sum,2,37,-0.05844
service_span_hours & dest_metro_pop_weighted_sum,2,38,-0.07801
service_span_hours & dest_metro_pop_weighted_sum,2,39,-0.09297
service_span_hours & dest_metro_pop_weighted_sum,2,40,-0.0949
service_span_hours & dest_metro_pop_weighted_sum,2,41,-0.09994
service_span_hours & dest_metro_pop_weighted_sum,2,42,-0.1084
service_span_hours & dest_metro_pop_weighted_sum,2,43,-0.12043
service_span_hours & dest_metro_pop_weighted_sum,2,44,-0.12748
service_span_hours & dest_metro_pop_weighted_sum,2,45,-0.085
service_span_hours & dest_metro_pop_weighted_sum,2,46,-0.08288
service_span_hours & dest_metro_pop_weighted_sum,2,47,-0.09051
service_span_hours & dest_metro_pop_weighted_sum,2,48,-0.09026
service_span_hours & dest_metro_pop_weighted_sum,2,49,-0.06533
service_span_hours & dest_metro_pop_weighted_sum,2,50,-0.04385
service_span_hours & dest_metro_pop_weighted_sum,2,51,-0.04362
service_span_hours & dest_metro_pop_weighted_sum,2,52,-0.04522
service_span_hours & dest_metro_pop_weighted_sum,2,53,-0.06228
service_span_hours & dest_metro_pop_weighted_sum,2,54,-0.09742
service_span_hours & dest_metro_pop_weighted_sum,2,55,-0.10428
service_span_hours & dest_metro_pop_weighted_sum,2,56,-0.1073
service_span_hours & dest_metro_pop_weighted_sum,2,57,-0.1078
service_span_hours & dest_metro_pop_weighted_sum,2,58,-0.09883
service_span_hours & dest_metro_pop_weighted_sum,2,59,-0.09623
service_span_hours & dest_metro_pop_weighted_sum,2,60,-0.06635
service_span_hours & dest_metro_pop_weighted_sum,2,61,-0.06588
service_span_hours & dest_metro_pop_weighted_sum,3,0,0.01257
service_span_hours & dest_metro_pop_weighted_sum,3,1,0.01417
service_span_hours & dest_metro_pop_weighted_sum,3,2,0.14027
service_span_hours & dest_metro_pop_weighted_sum,3,3,0.1779
service_span_hours & dest_metro_pop_weighted_sum,3,4,0.17571
service_span_hours & dest_metro_pop_weighted_sum,3,5,0.17443
service_span_hours & dest_metro_pop_weighted_sum,3,6,0.17254
service_span_hours & dest_metro_pop_weighted_sum,3,7,0.1704
service_span_hours & dest_metro_pop_weighted_sum,3,8,0.16842
service_span_hours & dest_metro_pop_weighted_sum,3,9,0.16658
service_span_hours & dest_metro_pop_weighted_sum,3,10,0.16093
service_span_hours & dest_metro_pop_weighted_sum,3,11,0.11152
service_span_hours & dest_metro_pop_weighted_sum,3,12,0.10364
service_span_hours & dest_metro_pop_weighted_sum,3,13,0.09461
service_span_hours & dest_metro_pop_weighted_sum,3,14,0.04399
service_span_hours & dest_metro_pop_weighted_sum,3,15,0.03602
service_span_hours & dest_metro_pop_weighted_sum,3,16,-0.0193
service_span_hours & dest_metro_pop_weighted_sum,3,17,-0.02207
service_span_hours & dest_metro_pop_weighted_sum,3,18,-0.02561
service_span_hours & dest_metro_pop_weighted_sum,3,19,-0.02973
service_span_hours & dest_metro_pop_weighted_sum,3,20,-0.0314
service_span_hours & dest_metro_pop_weighted_sum,3,21,-0.03279
service_span_hours & dest_metro_pop_weighted_sum,3,22,-0.04217
service_span_hours & dest_metro_pop_weighted_sum,3,23,-0.04341
service_span_hours & dest_metro_pop_weighted_sum,3,24,-0.06018
service_span_hours & dest_metro_pop_weighted_sum,3,25,-0.06081
service_span_hours & dest_metro_pop_weighted_sum,3,26,-0.04184
service_span_hours & dest_metro_pop_weighted_sum,3,27,-0.04241
service_span_hours & dest_metro_pop_weighted_sum,3,28,-0.04083
service_span_hours & dest_metro_pop_weighted_sum,3,29,-0.04199
service_span_hours & dest_metro_pop_weighted_sum,3,30,-0.03249
service_span_hours & dest_metro_pop_weighted_sum,3,31,-0.02986
service_span_hours & dest_metro_pop_weighted_sum,3,32,-0.02786
service_span_hours & dest_metro_pop_weighted_sum,3,33,-0.0281
service_span_hours & dest_metro_pop_weighted_sum,3,34,-0.02984
service_span_hours & dest_metro_pop_weighted_sum,3,35,-0.03912
service_span_hours & dest_metro_pop_weighted_sum,3,36,-0.0408
service_span_hours & dest_metro_pop_weighted_sum,3,37,-0.04266
service_span_hours & dest_metro_pop_weighted_sum,3,38,-0.06191
service_span_hours & dest_metro_pop_weighted_sum,3,39,-0.07688
service_span_hours & dest_metro_pop_weighted_sum,3,40,-0.07881
service_span_hours & dest_metro_pop_weighted_sum,3,41,-0.08358
service_span_hours & dest_metro_pop_weighted_sum,3,42,-0.09204
service_span_hours & dest_metro_pop_weighted_sum,3,43,-0.10407
service_span_hours & dest_metro_pop_weighted_sum,3,44,-0.11112
service_span_hours & dest_metro_pop_weighted_sum,3,45,-0.06865
service_span_hours & dest_metro_pop_weighted_sum,3,46,-0.06656
service_span_hours & dest_metro_pop_weighted_sum,3,47,-0.07419
service_span_hours & dest_metro_pop_weighted_sum,3,48,-0.07394
service_span_hours & dest_metro_pop_weighted_sum,3,49,-0.04898
service_span_hours & dest_metro_pop_weighted_sum,3,50,-0.0275
service_span_hours & dest_metro_pop_weighted_sum,3,51,-0.02728
service_span_hours & dest_metro_pop_weighted_sum,3,52,-0.02889
service_span_hours & dest_metro_pop_weighted_sum,3,53,-0.04602
service_span_hours & dest_metro_pop_weighted_sum,3,54,-0.08115
service_span_hours & dest_metro_pop_weighted_sum,3,55,-0.09027
service_span_hours & dest_metro_pop_weighted_sum,3,56,-0.09329
service_span_hours & dest_metro_pop_weighted_sum,3,57,-0.09384
service_span_hours & dest_metro_pop_weighted_sum,3,58,-0.08487
service_span_hours & dest_metro_pop_weighted_sum,3,59,-0.08227
service_span_hours & dest_metro_pop_weighted_sum,3,60,-0.05239
service_span_hours & dest_metro_pop_weighted_sum,3,61,-0.05192
service_span_hours & dest_metro_pop_weighted_sum,4,0,0.00947
service_span_hours & dest_metro_pop_weighted_sum,4,1,0.01106
service_span_hours & dest_metro_pop_weighted_sum,4,2,0.13716
service_span_hours & dest_metro_pop_weighted_sum,4,3,0.1748
service_span_hours & dest_metro_pop_weighted_sum,4,4,0.17261
service_span_hours & dest_metro_pop_weighted_sum,4,5,0.17132
service_span_hours & dest_metro_pop_weighted_sum,4,6,0.16944
service_span_hours & dest_metro_pop_weighted_sum,4,7,0.16729
service_span_hours & dest_metro_pop_weighted_sum,4,8,0.16532
service_span_hours & dest_metro_pop_weighted_sum,4,9,0.16383
service_span_hours & dest_metro_pop_weighted_sum,4,10,0.15887
service_span_hours & dest_metro_pop_weighted_sum,4,11,0.1102
service_span_hours & dest_metro_pop_weighted_sum,4,12,0.10232
service_span_hours & dest_metro_pop_weighted_sum,4,13,0.09329
service_span_hours & dest_metro_pop_weighted_sum,4,14,0.04329
service_span_hours & dest_metro_pop_weighted_sum,4,15,0.03615
service_span_hours & dest_metro_pop_weighted_sum,4,16,-0.01917
service_span_hours & dest_metro_pop_weighted_sum,4,17,-0.02194
service_span_hours & dest_metro_pop_weighted_sum,4,18,-0.02522
service_span_hours & dest_metro_pop_weighted_sum,4,19,-0.02934
service_span_hours & dest_metro_pop_weighted_sum,4,20,-0.03101
service_span_hours & dest_metro_pop_weighted_sum,4,21,-0.0324
service_span_hours & dest_metro_pop_weighted_sum,4,22,-0.0414
service_span_hours & dest_metro_pop_weighted_sum,4,23,-0.04256
service_span_hours & dest_metro_pop_weighted_sum,4,24,-0.05115
service_span_hours & dest_metro_pop_weighted_sum,4,25,-0.05178
service_span_hours & dest_metro_pop_weighted_sum,4,26,-0.03252
service_span_hours & dest_metro_pop_weighted_sum,4,27,-0.03309
service_span_hours & dest_metro_pop_weighted_sum,4,28,-0.0309
service_span_hours & dest_metro_pop_weighted_sum,4,29,-0.03163
service_span_hours & dest_metro_pop_weighted_sum,4,30,-0.02213
service_span_hours & dest_metro_pop_weighted_sum,4,31,-0.0195
service_span_hours & dest_metro_pop_weighted_sum,4,32,-0.0172
service_span_hours & dest_metro_pop_weighted_sum,4,33,-0.01744
service_span_hours & dest_metro_pop_weighted_sum,4,34,-0.01918
service_span_hours & dest_metro_pop_weighted_sum,4,35,-0.02846
service_span_hours & dest_metro_pop_weighted_sum,4,36,-0.0298
service_span_hours & dest_metro_pop_weighted_sum,4,37,-0.03166
service_span_hours & dest_metro_pop_weighted_sum,4,38,-0.05092
service_span_hours & dest_metro_pop_weighted_sum,4,39,-0.06588
service_span_hours & dest_metro_pop_weighted_sum,4,40,-0.06781
service_span_hours & dest_metro_pop_weighted_sum,4,41,-0.07259
service_span_hours & dest_metro_pop_weighted_sum,4,42,-0.08069
service_span_hours & dest_metro_pop_weighted_sum,4,43,-0.09273
service_span_hours & dest_metro_pop_weighted_sum,4,44,-0.09926
service_span_hours & dest_metro_pop_weighted_sum,4,45,-0.05679
service_span_hours & dest_metro_pop_weighted_sum,4,46,-0.05473
service_span_hours & dest_metro_pop_weighted_sum,4,47,-0.06231
service_span_hours & dest_metro_pop_weighted_sum,4,48,-0.06204
service_span_hours & dest_metro_pop_weighted_sum,4,49,-0.03707
service_span_hours & dest_metro_pop_weighted_sum,4,50,-0.01559
service_span_hours & dest_metro_pop_weighted_sum,4,51,-0.01536
service_span_hours & dest_metro_pop_weighted_sum,4,52,-0.01697
service_span_hours & dest_metro_pop_weighted_sum,4,53,-0.0341
service_span_hours & dest_metro_pop_weighted_sum,4,54,-0.06933
service_span_hours & dest_metro_pop_weighted_sum,4,55,-0.07845
service_span_hours & dest_metro_pop_weighted_sum,4,56,-0.08146
service_span_hours & dest_metro_pop_weighted_sum,4,57,-0.08201
service_span_hours & dest_metro_pop_weighted_sum,4,58,-0.07302
service_span_hours & dest_metro_pop_weighted_sum,4,59,-0.07043
service_span_hours & dest_metro_pop_weighted_sum,4,60,-0.04055
service_span_hours & dest_metro_pop_weighted_sum,4,61,-0.04011
service_span_hours & dest_metro_pop_weighted_sum,5,0,0.00671
service_span_hours & dest_metro_pop_weighted_sum,5,1,0.00831
service_span_hours & dest_metro_pop_weighted_sum,5,2,0.13441
service_span_hours & dest_metro_pop_weighted_sum,5,3,0.17205
service_span_hours & dest_metro_pop_weighted_sum,5,4,0.16975
service_span_hours & dest_metro_pop_weighted_sum,5,5,0.16847
service_span_hours & dest_metro_pop_weighted_sum,5,6,0.16658
service_span_hours & dest_metro_pop_weighted_sum,5,7,0.16521
service_span_hours & dest_metro_pop_weighted_sum,5,8,0.16323
service_span_hours & dest_metro_pop_weighted_sum,5,9,0.16174
service_span_hours & dest_metro_pop_weighted_sum,5,10,0.15679
service_span_hours & dest_metro_pop_weighted_sum,5,11,0.10812
service_span_hours & dest_metro_pop_weighted_sum,5,12,0.10023
service_span_hours & dest_metro_pop_weighted_sum,5,13,0.0912
service_span_hours & dest_metro_pop_weighted_sum,5,14,0.04121
service_span_hours & dest_metro_pop_weighted_sum,5,15,0.03447
service_span_hours & dest_metro_pop_weighted_sum,5,16,-0.02085
service_span_hours & dest_metro_pop_weighted_sum,5,17,-0.0231
service_span_hours & dest_metro_pop_weighted_sum,5,18,-0.02638
service_span_hours & dest_metro_pop_weighted_sum,5,19,-0.0305
service_span_hours & dest_metro_pop_weighted_sum,5,20,-0.0317
service_span_hours & dest_metro_pop_weighted_sum,5,21,-0.03287
service_span_hours & dest_metro_pop_weighted_sum,5,22,-0.04187
service_span_hours & dest_metro_pop_weighted_sum,5,23,-0.04302
service_span_hours & dest_metro_pop_weighted_sum,5,24,-0.04381
service_span_hours & dest_metro_pop_weighted_sum,5,25,-0.04443
service_span_hours & dest_metro_pop_weighted_sum,5,26,-0.02518
service_span_hours & dest_metro_pop_weighted_sum,5,27,-0.02574
service_span_hours & dest_metro_pop_weighted_sum,5,28,-0.02356
service_span_hours & dest_metro_pop_weighted_sum,5,29,-0.02427
service_span_hours & dest_metro_pop_weighted_sum,5,30,-0.01443
service_span_hours & dest_metro_pop_weighted_sum,5,31,-0.0118
service_span_hours & dest_metro_pop_weighted_sum,5,32,-0.00949
service_span_hours & dest_metro_pop_weighted_sum,5,33,-0.00973
service_span_hours & dest_metro_pop_weighted_sum,5,34,-0.01097
service_span_hours & dest_metro_pop_weighted_sum,5,35,-0.02025
service_span_hours & dest_metro_pop_weighted_sum,5,36,-0.02159
service_span_hours & dest_metro_pop_weighted_sum,5,37,-0.02346
service_span_hours & dest_metro_pop_weighted_sum,5,38,-0.02502
service_span_hours & dest_metro_pop_weighted_sum,5,39,-0.02673
service_span_hours & dest_metro_pop_weighted_sum,5,40,-0.0285
service_span_hours & dest_metro_pop_weighted_sum,5,41,-0.03008
service_span_hours & dest_metro_pop_weighted_sum,5,42,-0.03082
service_span_hours & dest_metro_pop_weighted_sum,5,43,-0.04286
service_span_hours & dest_metro_pop_weighted_sum,5,44,-0.04939
service_span_hours & dest_metro_pop_weighted_sum,5,45,-0.00692
service_span_hours & dest_metro_pop_weighted_sum,5,46,-0.00486
service_span_hours & dest_metro_pop_weighted_sum,5,47,-0.01244
service_span_hours & dest_metro_pop_weighted_sum,5,48,-0.01217
service_span_hours & dest_metro_pop_weighted_sum,5,49,0.0128
service_span_hours & dest_metro_pop_weighted_sum,5,50,0.03429
service_span_hours & dest_metro_pop_weighted_sum,5,51,0.03452
service_span_hours & dest_metro_pop_weighted_sum,5,52,0.03291
service_span_hours & dest_metro_pop_weighted_sum,5,53,0.01578
service_span_hours & dest_metro_pop_weighted_sum,5,54,-0.01945
service_span_hours & dest_metro_pop_weighted_sum,5,55,-0.02857
service_span_hours & dest_metro_pop_weighted_sum,5,56,-0.03158
service_span_hours & dest_metro_pop_weighted_sum,5,57,-0.03213
service_span_hours & dest_metro_pop_weighted_sum,5,58,-0.02314
service_span_hours & dest_metro_pop_weighted_sum,5,59,-0.02055
service_span_hours & dest_metro_pop_weighted_sum,5,60,0.00934
service_span_hours & dest_metro_pop_weighted_sum,5,61,0.00977
service_span_hours & dest_metro_pop_weighted_sum,6,0,0.0058
service_span_hours & dest_metro_pop_weighted_sum,6,1,0.00748
service_span_hours & dest_metro_pop_weighted_sum,6,2,0.13358
service_span_hours & dest_metro_pop_weighted_sum,6,3,0.17121
service_span_hours & dest_metro_pop_weighted_sum,6,4,0.16885
service_span_hours & dest_metro_pop_weighted_sum,6,5,0.16665
service_span_hours & dest_metro_pop_weighted_sum,6,6,0.16476
service_span_hours & dest_metro_pop_weighted_sum,6,7,0.16339
service_span_hours & dest_metro_pop_weighted_sum,6,8,0.16194
service_span_hours & dest_metro_pop_weighted_sum,6,9,0.16045
service_span_hours & dest_metro_pop_weighted_sum,6,10,0.15605
service_span_hours & dest_metro_pop_weighted_sum,6,11,0.10738
service_span_hours & dest_metro_pop_weighted_sum,6,12,0.09984
service_span_hours & dest_metro_pop_weighted_sum,6,13,0.09081
service_span_hours & dest_metro_pop_weighted_sum,6,14,0.04082
service_span_hours & dest_metro_pop_weighted_sum,6,15,0.03483
service_span_hours & dest_metro_pop_weighted_sum,6,16,-0.02049
service_span_hours & dest_metro_pop_weighted_sum,6,17,-0.02246
service_span_hours & dest_metro_pop_weighted_sum,6,18,-0.02574
service_span_hours & dest_metro_pop_weighted_sum,6,19,-0.02965
service_span_hours & dest_metro_pop_weighted_sum,6,20,-0.03085
service_span_hours & dest_metro_pop_weighted_sum,6,21,-0.03171
service_span_hours & dest_metro_pop_weighted_sum,6,22,-0.04071
service_span_hours & dest_metro_pop_weighted_sum,6,23,-0.04187
service_span_hours & dest_metro_pop_weighted_sum,6,24,-0.04265
service_span_hours & dest_metro_pop_weighted_sum,6,25,-0.04328
service_span_hours & dest_metro_pop_weighted_sum,6,26,-0.02402
service_span_hours & dest_metro_pop_weighted_sum,6,27,-0.02459
service_span_hours & dest_metro_pop_weighted_sum,6,28,-0.02241
service_span_hours & dest_metro_pop_weighted_sum,6,29,-0.02312
service_span_hours & dest_metro_pop_weighted_sum,6,30,-0.01311
service_span_hours & dest_metro_pop_weighted_sum,6,31,-0.01047
service_span_hours & dest_metro_pop_weighted_sum,6,32,-0.00817
service_span_hours & dest_metro_pop_weighted_sum,6,33,-0.00895
service_span_hours & dest_metro_pop_weighted_sum,6,34,-0.01018
service_span_hours & dest_metro_pop_weighted_sum,6,35,-0.01946
service_span_hours & dest_metro_pop_weighted_sum,6,36,-0.02081
service_span_hours & dest_metro_pop_weighted_sum,6,37,-0.02267
service_span_hours & dest_metro_pop_weighted_sum,6,38,-0.0242
service_span_hours & dest_metro_pop_weighted_sum,6,39,-0.02566
service_span_hours & dest_metro_pop_weighted_sum,6,40,-0.02717
service_span_hours & dest_metro_pop_weighted_sum,6,41,-0.02874
service_span_hours & dest_metro_pop_weighted_sum,6,42,-0.02949
service_span_hours & dest_metro_pop_weighted_sum,6,43,-0.04152
service_span_hours & dest_metro_pop_weighted_sum,6,44,-0.04794
service_span_hours & dest_metro_pop_weighted_sum,6,45,-0.00547
service_span_hours & dest_metro_pop_weighted_sum,6,46,-0.00341
service_span_hours & dest_metro_pop_weighted_sum,6,47,-0.01099
service_span_hours & dest_metro_pop_weighted_sum,6,48,-0.01073
service_span_hours & dest_metro_pop_weighted_sum,6,49,0.01432
service_span_hours & dest_metro_pop_weighted_sum,6,50,0.0358
service_span_hours & dest_metro_pop_weighted_sum,6,51,0.03603
service_span_hours & dest_metro_pop_weighted_sum,6,52,0.03439
service_span_hours & dest_metro_pop_weighted_sum,6,53,0.01719
service_span_hours & dest_metro_pop_weighted_sum,6,54,-0.01811
service_span_hours & dest_metro_pop_weighted_sum,6,55,-0.02723
service_span_hours & dest_metro_pop_weighted_sum,6,56,-0.03024
service_span_hours & dest_metro_pop_weighted_sum,6,57,-0.03079
service_span_hours & dest_metro_pop_weighted_sum,6,58,-0.0218
service_span_hours & dest_metro_pop_weighted_sum,6,59,-0.0192
service_span_hours & dest_metro_pop_weighted_sum,6,60,0.01069
service_span_hours & dest_metro_pop_weighted_sum,6,61,0.01113
service_span_hours & dest_metro_pop_weighted_sum,7,0,0.00507
service_span_hours & dest_metro_pop_weighted_sum,7,1,0.00675
service_span_hours & dest_metro_pop_weighted_sum,7,2,0.13285
service_span_hours & dest_metro_pop_weighted_sum,7,3,0.17049
service_span_hours & dest_metro_pop_weighted_sum,7,4,0.16813
service_span_hours & dest_metro_pop_weighted_sum,7,5,0.16592
service_span_hours & dest_metro_pop_weighted_sum,7,6,0.16404
service_span_hours & dest_metro_pop_weighted_sum,7,7,0.16267
service_span_hours & dest_metro_pop_weighted_sum,7,8,0.16122
service_span_hours & dest_metro_pop_weighted_sum,7,9,0.15973
service_span_hours & dest_metro_pop_weighted_sum,7,10,0.15566
service_span_hours & dest_metro_pop_weighted_sum,7,11,0.10699
service_span_hours & dest_metro_pop_weighted_sum,7,12,0.09945
service_span_hours & dest_metro_pop_weighted_sum,7,13,0.09042
service_span_hours & dest_metro_pop_weighted_sum,7,14,0.04088
service_span_hours & dest_metro_pop_weighted_sum,7,15,0.0349
service_span_hours & dest_metro_pop_weighted_sum,7,16,-0.02033
service_span_hours & dest_metro_pop_weighted_sum,7,17,-0.02231
service_span_hours & dest_metro_pop_weighted_sum,7,18,-0.02558
service_span_hours & dest_metro_pop_weighted_sum,7,19,-0.0295
service_span_hours & dest_metro_pop_weighted_sum,7,20,-0.0307
service_span_hours & dest_metro_pop_weighted_sum,7,21,-0.03141
service_span_hours & dest_metro_pop_weighted_sum,7,22,-0.04041
service_span_hours & dest_metro_pop_weighted_sum,7,23,-0.04157
service_span_hours & dest_metro_pop_weighted_sum,7,24,-0.04235
service_span_hours & dest_metro_pop_weighted_sum,7,25,-0.04298
service_span_hours & dest_metro_pop_weighted_sum,7,26,-0.0235
service_span_hours & dest_metro_pop_weighted_sum,7,27,-0.02406
service_span_hours & dest_metro_pop_weighted_sum,7,28,-0.02188
service_span_hours & dest_metro_pop_weighted_sum,7,29,-0.02259
service_span_hours & dest_metro_pop_weighted_sum,7,30,-0.01258
service_span_hours & dest_metro_pop_weighted_sum,7,31,-0.00994
service_span_hours & dest_metro_pop_weighted_sum,7,32,-0.00764
service_span_hours & dest_metro_pop_weighted_sum,7,33,-0.00842
service_span_hours & dest_metro_pop_weighted_sum,7,34,-0.00965
service_span_hours & dest_metro_pop_weighted_sum,7,35,-0.01877
service_span_hours & dest_metro_pop_weighted_sum,7,36,-0.02011
service_span_hours & dest_metro_pop_weighted_sum,7,37,-0.02198
service_span_hours & dest_metro_pop_weighted_sum,7,38,-0.02351
service_span_hours & dest_metro_pop_weighted_sum,7,39,-0.02497
service_span_hours & dest_metro_pop_weighted_sum,7,40,-0.0263
service_span_hours & dest_metro_pop_weighted_sum,7,41,-0.02788
service_span_hours & dest_metro_pop_weighted_sum,7,42,-0.02863
service_span_hours & dest_metro_pop_weighted_sum,7,43,-0.04066
service_span_hours & dest_metro_pop_weighted_sum,7,44,-0.04686
service_span_hours & dest_metro_pop_weighted_sum,7,45,-0.00439
service_span_hours & dest_metro_pop_weighted_sum,7,46,-0.00278
service_span_hours & dest_metro_pop_weighted_sum,7,47,-0.01036
service_span_hours & dest_metro_pop_weighted_sum,7,48,-0.0101
service_span_hours & dest_metro_pop_weighted_sum,7,49,0.01495
service_span_hours & dest_metro_pop_weighted_sum,7,50,0.03643
service_span_hours & dest_metro_pop_weighted_sum,7,51,0.03666
service_span_hours & dest_metro_pop_weighted_sum,7,52,0.03497
service_span_hours & dest_metro_pop_weighted_sum,7,53,0.01777
service_span_hours & dest_metro_pop_weighted_sum,7,54,-0.01753
service_span_hours & dest_metro_pop_weighted_sum,7,55,-0.02665
service_span_hours & dest_metro_pop_weighted_sum,7,56,-0.02966
service_span_hours & dest_metro_pop_weighted_sum,7,57,-0.03022
service_span_hours & dest_metro_pop_weighted_sum,7,58,-0.02123
service_span_hours & dest_metro_pop_weighted_sum,7,59,-0.01863
service_span_hours & dest_metro_pop_weighted_sum,7,60,0.01126
service_span_hours & dest_metro_pop_weighted_sum,7,61,0.01169
service_span_hours & dest_metro_pop_weighted_sum,8,0,0.00281
service_span_hours & dest_metro_pop_weighted_sum,8,1,0.00449
service_span_hours & dest_metro_pop_weighted_sum,8,2,0.13059
service_span_hours & dest_metro_pop_weighted_sum,8,3,0.16823
service_span_hours & dest_metro_pop_weighted_sum,8,4,0.16586
service_span_hours & dest_metro_pop_weighted_sum,8,5,0.16366
service_span_hours & dest_metro_pop_weighted_sum,8,6,0.16178
service_span_hours & dest_metro_pop_weighted_sum,8,7,0.1604
service_span_hours & dest_metro_pop_weighted_sum,8,8,0.15942
service_span_hours & dest_metro_pop_weighted_sum,8,9,0.15829
service_span_hours & dest_metro_pop_weighted_sum,8,10,0.15422
service_span_hours & dest_metro_pop_weighted_sum,8,11,0.10555
service_span_hours & dest_metro_pop_weighted_sum,8,12,0.09824
service_span_hours & dest_metro_pop_weighted_sum,8,13,0.08922
service_span_hours & dest_metro_pop_weighted_sum,8,14,0.03968
service_span_hours & dest_metro_pop_weighted_sum,8,15,0.03369
service_span_hours & dest_metro_pop_weighted_sum,8,16,-0.02154
service_span_hours & dest_metro_pop_weighted_sum,8,17,-0.02351
service_span_hours & dest_metro_pop_weighted_sum,8,18,-0.02679
service_span_hours & dest_metro_pop_weighted_sum,8,19,-0.0307
service_span_hours & dest_metro_pop_weighted_sum,8,20,-0.0319
service_span_hours & dest_metro_pop_weighted_sum,8,21,-0.03262
service_span_hours & dest_metro_pop_weighted_sum,8,22,-0.04162
service_span_hours & dest_metro_pop_weighted_sum,8,23,-0.04278
service_span_hours & dest_metro_pop_weighted_sum,8,24,-0.04356
service_span_hours & dest_metro_pop_weighted_sum,8,25,-0.04418
service_span_hours & dest_metro_pop_weighted_sum,8,26,-0.0247
service_span_hours & dest_metro_pop_weighted_sum,8,27,-0.02527
service_span_hours & dest_metro_pop_weighted_sum,8,28,-0.02308
service_span_hours & dest_metro_pop_weighted_sum,8,29,-0.02365
service_span_hours & dest_metro_pop_weighted_sum,8,30,-0.01364
service_span_hours & dest_metro_pop_weighted_sum,8,31,-0.011
service_span_hours & dest_metro_pop_weighted_sum,8,32,-0.0087
service_span_hours & dest_metro_pop_weighted_sum,8,33,-0.00948
service_span_hours & dest_metro_pop_weighted_sum,8,34,-0.01068
service_span_hours & dest_metro_pop_weighted_sum,8,35,-0.01979
service_span_hours & dest_metro_pop_weighted_sum,8,36,-0.02114
service_span_hours & dest_metro_pop_weighted_sum,8,37,-0.023
service_span_hours & dest_metro_pop_weighted_sum,8,38,-0.02454
service_span_hours & dest_metro_pop_weighted_sum,8,39,-0.02544
service_span_hours & dest_metro_pop_weighted_sum,8,40,-0.02596
service_span_hours & dest_metro_pop_weighted_sum,8,41,-0.02729
service_span_hours & dest_metro_pop_weighted_sum,8,42,-0.02804
service_span_hours & dest_metro_pop_weighted_sum,8,43,-0.03074
service_span_hours & dest_metro_pop_weighted_sum,8,44,-0.03694
service_span_hours & dest_metro_pop_weighted_sum,8,45,0.00553
service_span_hours & dest_metro_pop_weighted_sum,8,46,0.0064
service_span_hours & dest_metro_pop_weighted_sum,8,47,-0.00118
service_span_hours & dest_metro_pop_weighted_sum,8,48,-0.00092
service_span_hours & dest_metro_pop_weighted_sum,8,49,0.02413
service_span_hours & dest_metro_pop_weighted_sum,8,50,0.04562
service_span_hours & dest_metro_pop_weighted_sum,8,51,0.04585
service_span_hours & dest_metro_pop_weighted_sum,8,52,0.04416
service_span_hours & dest_metro_pop_weighted_sum,8,53,0.02695
service_span_hours & dest_metro_pop_weighted_sum,8,54,-0.00843
service_span_hours & dest_metro_pop_weighted_sum,8,55,-0.01755
service_span_hours & dest_metro_pop_weighted_sum,8,56,-0.02056
service_span_hours & dest_metro_pop_weighted_sum,8,57,-0.02112
service_span_hours & dest_metro_pop_weighted_sum,8,58,-0.01213
service_span_hours & dest_metro_pop_weighted_sum,8,59,-0.00953
service_span_hours & dest_metro_pop_weighted_sum,8,60,0.02037
service_span_hours & dest_metro_pop_weighted_sum,8,61,0.0208
service_span_hours & dest_metro_pop_weighted_sum,9,0,-0.0
service_span_hours & dest_metro_pop_weighted_sum,9,1,0.00167
service_span_hours & dest_metro_pop_weighted_sum,9,2,0.12777
service_span_hours & dest_metro_pop_weighted_sum,9,3,0.16533
service_span_hours & dest_metro_pop_weighted_sum,9,4,0.16329
service_span_hours & dest_metro_pop_weighted_sum,9,5,0.16178
service_span_hours & dest_metro_pop_weighted_sum,9,6,0.15989
service_span_hours & dest_metro_pop_weighted_sum,9,7,0.15852
service_span_hours & dest_metro_pop_weighted_sum,9,8,0.15754
service_span_hours & dest_metro_pop_weighted_sum,9,9,0.15675
service_span_hours & dest_metro_pop_weighted_sum,9,10,0.15267
service_span_hours & dest_metro_pop_weighted_sum,9,11,0.104
service_span_hours & dest_metro_pop_weighted_sum,9,12,0.09723
service_span_hours & dest_metro_pop_weighted_sum,9,13,0.0882
service_span_hours & dest_metro_pop_weighted_sum,9,14,0.0392
service_span_hours & dest_metro_pop_weighted_sum,9,15,0.03321
service_span_hours & dest_metro_pop_weighted_sum,9,16,-0.02202
service_span_hours & dest_metro_pop_weighted_sum,9,17,-0.02399
service_span_hours & dest_metro_pop_weighted_sum,9,18,-0.02727
service_span_hours & dest_metro_pop_weighted_sum,9,19,-0.03118
service_span_hours & dest_metro_pop_weighted_sum,9,20,-0.03238
service_span_hours & dest_metro_pop_weighted_sum,9,21,-0.0331
service_span_hours & dest_metro_pop_weighted_sum,9,22,-0.0421
service_span_hours & dest_metro_pop_weighted_sum,9,23,-0.04326
service_span_hours & dest_metro_pop_weighted_sum,9,24,-0.04404
service_span_hours & dest_metro_pop_weighted_sum,9,25,-0.04466
service_span_hours & dest_metro_pop_weighted_sum,9,26,-0.02518
service_span_hours & dest_metro_pop_weighted_sum,9,27,-0.02575
service_span_hours & dest_metro_pop_weighted_sum,9,28,-0.02356
service_span_hours & dest_metro_pop_weighted_sum,9,29,-0.02413
service_span_hours & dest_metro_pop_weighted_sum,9,30,-0.01385
service_span_hours & dest_metro_pop_weighted_sum,9,31,-0.01121
service_span_hours & dest_metro_pop_weighted_sum,9,32,-0.00891
service_span_hours & dest_metro_pop_weighted_sum,9,33,-0.00969
service_span_hours & dest_metro_pop_weighted_sum,9,34,-0.01029
service_span_hours & dest_metro_pop_weighted_sum,9,35,-0.0194
service_span_hours & dest_metro_pop_weighted_sum,9,36,-0.02074
service_span_hours & dest_metro_pop_weighted_sum,9,37,-0.02243
service_span_hours & dest_metro_pop_weighted_sum,9,38,-0.02332
service_span_hours & dest_metro_pop_weighted_sum,9,39,-0.02423
service_span_hours & dest_metro_pop_weighted_sum,9,40,-0.02475
service_span_hours & dest_metro_pop_weighted_sum,9,41,-0.02608
service_span_hours & dest_metro_pop_weighted_sum,9,42,-0.02662
service_span_hours & dest_metro_pop_weighted_sum,9,43,-0.02742
service_span_hours & dest_metro_pop_weighted_sum,9,44,-0.03362
service_span_hours & dest_metro_pop_weighted_sum,9,45,0.00885
service_span_hours & dest_metro_pop_weighted_sum,9,46,0.00972
service_span_hours & dest_metro_pop_weighted_sum,9,47,0.00183
service_span_hours & dest_metro_pop_weighted_sum,9,48,0.00209
service_span_hours & dest_metro_pop_weighted_sum,9,49,0.02715
service_span_hours & dest_metro_pop_weighted_sum,9,50,0.04865
service_span_hours & dest_metro_pop_weighted_sum,9,51,0.04887
service_span_hours & dest_metro_pop_weighted_sum,9,52,0.04718
service_span_hours & dest_metro_pop_weighted_sum,9,53,0.02998
service_span_hours & dest_metro_pop_weighted_sum,9,54,-0.00541
service_span_hours & dest_metro_pop_weighted_sum,9,55,-0.01453
service_span_hours & dest_metro_pop_weighted_sum,9,56,-0.01754
service_span_hours & dest_metro_pop_weighted_sum,9,57,-0.0181
service_span_hours & dest_metro_pop_weighted_sum,9,58,-0.00908
service_span_hours & dest_metro_pop_weighted_sum,9,59,-0.00648
service_span_hours & dest_metro_pop_weighted_sum,9,60,0.02342
service_span_hours & dest_metro_pop_weighted_sum,9,61,0.02385
service_span_hours & dest_metro_pop_weighted_sum,10,0,0.00206
service_span_hours & dest_metro_pop_weighted_sum,10,1,0.00374
service_span_hours & dest_metro_pop_weighted_sum,10,2,0.12984
service_span_hours & dest_metro_pop_weighted_sum,10,3,0.16721
service_span_hours & dest_metro_pop_weighted_sum,10,4,0.16517
service_span_hours & dest_metro_pop_weighted_sum,10,5,0.16366
service_span_hours & dest_metro_pop_weighted_sum,10,6,0.16205
service_span_hours & dest_metro_pop_weighted_sum,10,7,0.16068
service_span_hours & dest_metro_pop_weighted_sum,10,8,0.1597
service_span_hours & dest_metro_pop_weighted_sum,10,9,0.1589
service_span_hours & dest_metro_pop_weighted_sum,10,10,0.15483
service_span_hours & dest_metro_pop_weighted_sum,10,11,0.10616
service_span_hours & dest_metro_pop_weighted_sum,10,12,0.09939
service_span_hours & dest_metro_pop_weighted_sum,10,13,0.09036
service_span_hours & dest_metro_pop_weighted_sum,10,14,0.04136
service_span_hours & dest_metro_pop_weighted_sum,10,15,0.03541
service_span_hours & dest_metro_pop_weighted_sum,10,16,-0.01965
service_span_hours & dest_metro_pop_weighted_sum,10,17,-0.02146
service_span_hours & dest_metro_pop_weighted_sum,10,18,-0.02473
service_span_hours & dest_metro_pop_weighted_sum,10,19,-0.02865
service_span_hours & dest_metro_pop_weighted_sum,10,20,-0.02975
service_span_hours & dest_metro_pop_weighted_sum,10,21,-0.03037
service_span_hours & dest_metro_pop_weighted_sum,10,22,-0.03937
service_span_hours & dest_metro_pop_weighted_sum,10,23,-0.04045
service_span_hours & dest_metro_pop_weighted_sum,10,24,-0.04124
service_span_hours & dest_metro_pop_weighted_sum,10,25,-0.04187
service_span_hours & dest_metro_pop_weighted_sum,10,26,-0.02761
service_span_hours & dest_metro_pop_weighted_sum,10,27,-0.02818
service_span_hours & dest_metro_pop_weighted_sum,10,28,-0.02599
service_span_hours & dest_metro_pop_weighted_sum,10,29,-0.02656
service_span_hours & dest_metro_pop_weighted_sum,10,30,-0.01629
service_span_hours & dest_metro_pop_weighted_sum,10,31,-0.01365
service_span_hours & dest_metro_pop_weighted_sum,10,32,-0.01134
service_span_hours & dest_metro_pop_weighted_sum,10,33,-0.01213
service_span_hours & dest_metro_pop_weighted_sum,10,34,-0.0127
service_span_hours & dest_metro_pop_weighted_sum,10,35,-0.02181
service_span_hours & dest_metro_pop_weighted_sum,10,36,-0.02313
service_span_hours & dest_metro_pop_weighted_sum,10,37,-0.02481
service_span_hours & dest_metro_pop_weighted_sum,10,38,-0.02571
service_span_hours & dest_metro_pop_weighted_sum,10,39,-0.02661
service_span_hours & dest_metro_pop_weighted_sum,10,40,-0.02706
service_span_hours & dest_metro_pop_weighted_sum,10,41,-0.02839
service_span_hours & dest_metro_pop_weighted_sum,10,42,-0.02892
service_span_hours & dest_metro_pop_weighted_sum,10,43,-0.02973
service_span_hours & dest_metro_pop_weighted_sum,10,44,-0.03571
service_span_hours & dest_metro_pop_weighted_sum,10,45,0.00643
service_span_hours & dest_metro_pop_weighted_sum,10,46,0.007
service_span_hours & dest_metro_pop_weighted_sum,10,47,-0.00088
service_span_hours & dest_metro_pop_weighted_sum,10,48,-0.00062
service_span_hours & dest_metro_pop_weighted_sum,10,49,0.02452
service_span_hours & dest_metro_pop_weighted_sum,10,50,0.04602
service_span_hours & dest_metro_pop_weighted_sum,10,51,0.04625
service_span_hours & dest_metro_pop_weighted_sum,10,52,0.04455
service_span_hours & dest_metro_pop_weighted_sum,10,53,0.02735
service_span_hours & dest_metro_pop_weighted_sum,10,54,-0.00804
service_span_hours & dest_metro_pop_weighted_sum,10,55,-0.01718
service_span_hours & dest_metro_pop_weighted_sum,10,56,-0.0202
service_span_hours & dest_metro_pop_weighted_sum,10,57,-0.02075
service_span_hours & dest_metro_pop_weighted_sum,10,58,-0.01174
service_span_hours & dest_metro_pop_weighted_sum,10,59,-0.00908
service_span_hours & dest_metro_pop_weighted_sum,10,60,0.02082
service_span_hours & dest_metro_pop_weighted_sum,10,61,0.0213
service_span_hours & dest_metro_pop_weighted_sum,11,0,0.04751
service_span_hours & dest_metro_pop_weighted_sum,11,1,0.04919
service_span_hours & dest_metro_pop_weighted_sum,11,2,0.17522
service_span_hours & dest_metro_pop_weighted_sum,11,3,0.17022
service_span_hours & dest_metro_pop_weighted_sum,11,4,0.16818
service_span_hours & dest_metro_pop_weighted_sum,11,5,0.16667
service_span_hours & dest_metro_pop_weighted_sum,11,6,0.16505
service_span_hours & dest_metro_pop_weighted_sum,11,7,0.16368
service_span_hours & dest_metro_pop_weighted_sum,11,8,0.16323
service_span_hours & dest_metro_pop_weighted_sum,11,9,0.16244
service_span_hours & dest_metro_pop_weighted_sum,11,10,0.15836
service_span_hours & dest_metro_pop_weighted_sum,11,11,0.10969
service_span_hours & dest_metro_pop_weighted_sum,11,12,0.10341
service_span_hours & dest_metro_pop_weighted_sum,11,13,0.09446
service_span_hours & dest_metro_pop_weighted_sum,11,14,0.04545
service_span_hours & dest_metro_pop_weighted_sum,11,15,0.03999
service_span_hours & dest_metro_pop_weighted_sum,11,16,-0.01506
service_span_hours & dest_metro_pop_weighted_sum,11,17,-0.01687
service_span_hours & dest_metro_pop_weighted_sum,11,18,-0.02003
service_span_hours & dest_metro_pop_weighted_sum,11,19,-0.02341
service_span_hours & dest_metro_pop_weighted_sum,11,20,-0.02451
service_span_hours & dest_metro_pop_weighted_sum,11,21,-0.02509
service_span_hours & dest_metro_pop_weighted_sum,11,22,-0.03402
service_span_hours & dest_metro_pop_weighted_sum,11,23,-0.03509
service_span_hours & dest_metro_pop_weighted_sum,11,24,-0.03589
service_span_hours & dest_metro_pop_weighted_sum,11,25,-0.03627
service_span_hours & dest_metro_pop_weighted_sum,11,26,-0.03422
service_span_hours & dest_metro_pop_weighted_sum,11,27,-0.03478
service_span_hours & dest_metro_pop_weighted_sum,11,28,-0.0326
service_span_hours & dest_metro_pop_weighted_sum,11,29,-0.03316
service_span_hours & dest_metro_pop_weighted_sum,11,30,-0.0227
service_span_hours & dest_metro_pop_weighted_sum,11,31,-0.02006
service_span_hours & dest_metro_pop_weighted_sum,11,32,-0.01775
service_span_hours & dest_metro_pop_weighted_sum,11,33,-0.01854
service_span_hours & dest_metro_pop_weighted_sum,11,34,-0.01911
service_span_hours & dest_metro_pop_weighted_sum,11,35,-0.02822
service_span_hours & dest_metro_pop_weighted_sum,11,36,-0.02947
service_span_hours & dest_metro_pop_weighted_sum,11,37,-0.03107
service_span_hours & dest_metro_pop_weighted_sum,11,38,-0.03196
service_span_hours & dest_metro_pop_weighted_sum,11,39,-0.03287
service_span_hours & dest_metro_pop_weighted_sum,11,40,-0.03331
service_span_hours & dest_metro_pop_weighted_sum,11,41,-0.03464
service_span_hours & dest_metro_pop_weighted_sum,11,42,-0.03518
service_span_hours & dest_metro_pop_weighted_sum,11,43,-0.03598
service_span_hours & dest_metro_pop_weighted_sum,11,44,-0.04197
service_span_hours & dest_metro_pop_weighted_sum,11,45,0.00018
service_span_hours & dest_metro_pop_weighted_sum,11,46,0.00075
service_span_hours & dest_metro_pop_weighted_sum,11,47,-0.00714
service_span_hours & dest_metro_pop_weighted_sum,11,48,-0.00679
service_span_hours & dest_metro_pop_weighted_sum,11,49,0.01835
service_span_hours & dest_metro_pop_weighted_sum,11,50,0.03985
service_span_hours & dest_metro_pop_weighted_sum,11,51,0.04008
service_span_hours & dest_metro_pop_weighted_sum,11,52,0.03838
service_span_hours & dest_metro_pop_weighted_sum,11,53,0.02121
service_span_hours & dest_metro_pop_weighted_sum,11,54,-0.0141
service_span_hours & dest_metro_pop_weighted_sum,11,55,-0.02325
service_span_hours & dest_metro_pop_weighted_sum,11,56,-0.02626
service_span_hours & dest_metro_pop_weighted_sum,11,57,-0.02682
service_span_hours & dest_metro_pop_weighted_sum,11,58,-0.0178
service_span_hours & dest_metro_pop_weighted_sum,11,59,-0.01515
service_span_hours & dest_metro_pop_weighted_sum,11,60,0.01486
service_span_hours & dest_metro_pop_weighted_sum,11,61,0.01534
service_span_hours & dest_metro_pop_weighted_sum,12,0,-0.01117
service_span_hours & dest_metro_pop_weighted_sum,12,1,-0.00949
service_span_hours & dest_metro_pop_weighted_sum,12,2,0.10405
service_span_hours & dest_metro_pop_weighted_sum,12,3,0.09905
service_span_hours & dest_metro_pop_weighted_sum,12,4,0.09701
service_span_hours & dest_metro_pop_weighted_sum,12,5,0.0955
service_span_hours & dest_metro_pop_weighted_sum,12,6,0.09435
service_span_hours & dest_metro_pop_weighted_sum,12,7,0.09298
service_span_hours & dest_metro_pop_weighted_sum,12,8,0.09253
service_span_hours & dest_metro_pop_weighted_sum,12,9,0.09233
service_span_hours & dest_metro_pop_weighted_sum,12,10,0.08826
service_span_hours & dest_metro_pop_weighted_sum,12,11,0.07229
service_span_hours & dest_metro_pop_weighted_sum,12,12,0.06612
service_span_hours & dest_metro_pop_weighted_sum,12,13,0.05717
service_span_hours & dest_metro_pop_weighted_sum,12,14,0.01333
service_span_hours & dest_metro_pop_weighted_sum,12,15,0.00787
service_span_hours & dest_metro_pop_weighted_sum,12,16,-0.02067
service_span_hours & dest_metro_pop_weighted_sum,12,17,-0.02228
service_span_hours & dest_metro_pop_weighted_sum,12,18,-0.02544
service_span_hours & dest_metro_pop_weighted_sum,12,19,-0.02475
service_span_hours & dest_metro_pop_weighted_sum,12,20,-0.02585
service_span_hours & dest_metro_pop_weighted_sum,12,21,-0.02644
service_span_hours & dest_metro_pop_weighted_sum,12,22,-0.03489
service_span_hours & dest_metro_pop_weighted_sum,12,23,-0.03597
service_span_hours & dest_metro_pop_weighted_sum,12,24,-0.03676
service_span_hours & dest_metro_pop_weighted_sum,12,25,-0.03714
service_span_hours & dest_metro_pop_weighted_sum,12,26,-0.03509
service_span_hours & dest_metro_pop_weighted_sum,12,27,-0.03541
service_span_hours & dest_metro_pop_weighted_sum,12,28,-0.03323
service_span_hours & dest_metro_pop_weighted_sum,12,29,-0.03379
service_span_hours & dest_metro_pop_weighted_sum,12,30,-0.02333
service_span_hours & dest_metro_pop_weighted_sum,12,31,-0.02069
service_span_hours & dest_metro_pop_weighted_sum,12,32,-0.01843
service_span_hours & dest_metro_pop_weighted_sum,12,33,-0.01921
service_span_hours & dest_metro_pop_weighted_sum,12,34,-0.01948
service_span_hours & dest_metro_pop_weighted_sum,12,35,-0.02859
service_span_hours & dest_metro_pop_weighted_sum,12,36,-0.02983
service_span_hours & dest_metro_pop_weighted_sum,12,37,-0.03143
service_span_hours & dest_metro_pop_weighted_sum,12,38,-0.03233
service_span_hours & dest_metro_pop_weighted_sum,12,39,-0.0331
service_span_hours & dest_metro_pop_weighted_sum,12,40,-0.03355
service_span_hours & dest_metro_pop_weighted_sum,12,41,-0.03487
service_span_hours & dest_metro_pop_weighted_sum,12,42,-0.03541
service_span_hours & dest_metro_pop_weighted_sum,12,43,-0.03622
service_span_hours & dest_metro_pop_weighted_sum,12,44,-0.0422
service_span_hours & dest_metro_pop_weighted_sum,12,45,-0.00028
service_span_hours & dest_metro_pop_weighted_sum,12,46,0.00029
service_span_hours & dest_metro_pop_weighted_sum,12,47,-0.00782
service_span_hours & dest_metro_pop_weighted_sum,12,48,-0.00748
service_span_hours & dest_metro_pop_weighted_sum,12,49,0.01767
service_span_hours & dest_metro_pop_weighted_sum,12,50,0.03922
service_span_hours & dest_metro_pop_weighted_sum,12,51,0.03945
service_span_hours & dest_metro_pop_weighted_sum,12,52,0.03776
service_span_hours & dest_metro_pop_weighted_sum,12,53,0.02066
service_span_hours & dest_metro_pop_weighted_sum,12,54,-0.01465
service_span_hours & dest_metro_pop_weighted_sum,12,55,-0.02377
service_span_hours & dest_metro_pop_weighted_sum,12,56,-0.02676
service_span_hours & dest_metro_pop_weighted_sum,12,57,-0.02732
service_span_hours & dest_metro_pop_weighted_sum,12,58,-0.0183
service_span_hours & dest_metro_pop_weighted_sum,12,59,-0.01542
service_span_hours & dest_metro_pop_weighted_sum,12,60,0.01459
service_span_hours & dest_metro_pop_weighted_sum,12,61,0.01507
service_span_hours & dest_metro_pop_weighted_sum,13,0,-0.01178
service_span_hours & dest_metro_pop_weighted_sum,13,1,-0.0101
service_span_hours & dest_metro_pop_weighted_sum,13,2,0.10199
service_span_hours & dest_metro_pop_weighted_sum,13,3,0.09699
service_span_hours & dest_metro_pop_weighted_sum,13,4,0.09493
service_span_hours & dest_metro_pop_weighted_sum,13,5,0.09348
service_span_hours & dest_metro_pop_weighted_sum,13,6,0.09233
service_span_hours & dest_metro_pop_weighted_sum,13,7,0.09145
service_span_hours & dest_metro_pop_weighted_sum,13,8,0.091
service_span_hours & dest_metro_pop_weighted_sum,13,9,0.0908
service_span_hours & dest_metro_pop_weighted_sum,13,10,0.08673
service_span_hours & dest_metro_pop_weighted_sum,13,11,0.07076
service_span_hours & dest_metro_pop_weighted_sum,13,12,0.06488
service_span_hours & dest_metro_pop_weighted_sum,13,13,0.05593
service_span_hours & dest_metro_pop_weighted_sum,13,14,0.01209
service_span_hours & dest_metro_pop_weighted_sum,13,15,0.00674
service_span_hours & dest_metro_pop_weighted_sum,13,16,-0.02145
service_span_hours & dest_metro_pop_weighted_sum,13,17,-0.02307
service_span_hours & dest_metro_pop_weighted_sum,13,18,-0.02623
service_span_hours & dest_metro_pop_weighted_sum,13,19,-0.02554
service_span_hours & dest_metro_pop_weighted_sum,13,20,-0.02664
service_span_hours & dest_metro_pop_weighted_sum,13,21,-0.02719
service_span_hours & dest_metro_pop_weighted_sum,13,22,-0.03563
service_span_hours & dest_metro_pop_weighted_sum,13,23,-0.0367
service_span_hours & dest_metro_pop_weighted_sum,13,24,-0.03736
service_span_hours & dest_metro_pop_weighted_sum,13,25,-0.03774
service_span_hours & dest_metro_pop_weighted_sum,13,26,-0.03569
service_span_hours & dest_metro_pop_weighted_sum,13,27,-0.03601
service_span_hours & dest_metro_pop_weighted_sum,13,28,-0.03385
service_span_hours & dest_metro_pop_weighted_sum,13,29,-0.03441
service_span_hours & dest_metro_pop_weighted_sum,13,30,-0.02395
service_span_hours & dest_metro_pop_weighted_sum,13,31,-0.02131
service_span_hours & dest_metro_pop_weighted_sum,13,32,-0.01905
service_span_hours & dest_metro_pop_weighted_sum,13,33,-0.01942
service_span_hours & dest_metro_pop_weighted_sum,13,34,-0.01969
service_span_hours & dest_metro_pop_weighted_sum,13,35,-0.0288
service_span_hours & dest_metro_pop_weighted_sum,13,36,-0.03005
service_span_hours & dest_metro_pop_weighted_sum,13,37,-0.03119
service_span_hours & dest_metro_pop_weighted_sum,13,38,-0.03203
service_span_hours & dest_metro_pop_weighted_sum,13,39,-0.03276
service_span_hours & dest_metro_pop_weighted_sum,13,40,-0.03321
service_span_hours & dest_metro_pop_weighted_sum,13,41,-0.03454
service_span_hours & dest_metro_pop_weighted_sum,13,42,-0.03507
service_span_hours & dest_metro_pop_weighted_sum,13,43,-0.03588
service_span_hours & dest_metro_pop_weighted_sum,13,44,-0.04186
service_span_hours & dest_metro_pop_weighted_sum,13,45,6e-05
service_span_hours & dest_metro_pop_weighted_sum,13,46,0.00026
service_span_hours & dest_metro_pop_weighted_sum,13,47,-0.00797
service_span_hours & dest_metro_pop_weighted_sum,13,48,-0.00751
service_span_hours & dest_metro_pop_weighted_sum,13,49,0.01764
service_span_hours & dest_metro_pop_weighted_sum,13,50,0.03919
service_span_hours & dest_metro_pop_weighted_sum,13,51,0.03942
service_span_hours & dest_metro_pop_weighted_sum,13,52,0.03774
service_span_hours & dest_metro_pop_weighted_sum,13,53,0.02064
service_span_hours & dest_metro_pop_weighted_sum,13,54,-0.01465
service_span_hours & dest_metro_pop_weighted_sum,13,55,-0.02377
service_span_hours & dest_metro_pop_weighted_sum,13,56,-0.02677
service_span_hours & dest_metro_pop_weighted_sum,13,57,-0.02732
service_span_hours & dest_metro_pop_weighted_sum,13,58,-0.01831
service_span_hours & dest_metro_pop_weighted_sum,13,59,-0.01543
service_span_hours & dest_metro_pop_weighted_sum,13,60,0.01458
service_span_hours & dest_metro_pop_weighted_sum,13,61,0.01506
service_span_hours & dest_metro_pop_weighted_sum,14,0,0.07924
service_span_hours & dest_metro_pop_weighted_sum,14,1,0.08092
service_span_hours & dest_metro_pop_weighted_sum,14,2,0.09523
service_span_hours & dest_metro_pop_weighted_sum,14,3,0.09024
service_span_hours & dest_metro_pop_weighted_sum,14,4,0.08818
service_span_hours & dest_metro_pop_weighted_sum,14,5,0.08673
service_span_hours & dest_metro_pop_weighted_sum,14,6,0.08564
service_span_hours & dest_metro_pop_weighted_sum,14,7,0.08476
service_span_hours & dest_metro_pop_weighted_sum,14,8,0.08431
service_span_hours & dest_metro_pop_weighted_sum,14,9,0.08411
service_span_hours & dest_metro_pop_weighted_sum,14,10,0.08004
service_span_hours & dest_metro_pop_weighted_sum,14,11,0.06407
service_span_hours & dest_metro_pop_weighted_sum,14,12,0.05819
service_span_hours & dest_metro_pop_weighted_sum,14,13,0.04924
service_span_hours & dest_metro_pop_weighted_sum,14,14,0.0054
service_span_hours & dest_metro_pop_weighted_sum,14,15,0.00064
service_span_hours & dest_metro_pop_weighted_sum,14,16,-0.02756
service_span_hours & dest_metro_pop_weighted_sum,14,17,-0.02917
service_span_hours & dest_metro_pop_weighted_sum,14,18,-0.03233
service_span_hours & dest_metro_pop_weighted_sum,14,19,-0.03165
service_span_hours & dest_metro_pop_weighted_sum,14,20,-0.03275
service_span_hours & dest_metro_pop_weighted_sum,14,21,-0.0333
service_span_hours & dest_metro_pop_weighted_sum,14,22,-0.04173
service_span_hours & dest_metro_pop_weighted_sum,14,23,-0.04281
service_span_hours & dest_metro_pop_weighted_sum,14,24,-0.04346
service_span_hours & dest_metro_pop_weighted_sum,14,25,-0.0439
service_span_hours & dest_metro_pop_weighted_sum,14,26,-0.04184
service_span_hours & dest_metro_pop_weighted_sum,14,27,-0.04166
service_span_hours & dest_metro_pop_weighted_sum,14,28,-0.03947
service_span_hours & dest_metro_pop_weighted_sum,14,29,-0.03993
service_span_hours & dest_metro_pop_weighted_sum,14,30,-0.0295
service_span_hours & dest_metro_pop_weighted_sum,14,31,-0.02686
service_span_hours & dest_metro_pop_weighted_sum,14,32,-0.02464
service_span_hours & dest_metro_pop_weighted_sum,14,33,-0.02502
service_span_hours & dest_metro_pop_weighted_sum,14,34,-0.02528
service_span_hours & dest_metro_pop_weighted_sum,14,35,-0.03444
service_span_hours & dest_metro_pop_weighted_sum,14,36,-0.03561
service_span_hours & dest_metro_pop_weighted_sum,14,37,-0.03675
service_span_hours & dest_metro_pop_weighted_sum,14,38,-0.0376
service_span_hours & dest_metro_pop_weighted_sum,14,39,-0.03803
service_span_hours & dest_metro_pop_weighted_sum,14,40,-0.03847
service_span_hours & dest_metro_pop_weighted_sum,14,41,-0.0398
service_span_hours & dest_metro_pop_weighted_sum,14,42,-0.04034
service_span_hours & dest_metro_pop_weighted_sum,14,43,-0.04115
service_span_hours & dest_metro_pop_weighted_sum,14,44,-0.04713
service_span_hours & dest_metro_pop_weighted_sum,14,45,-0.00521
service_span_hours & dest_metro_pop_weighted_sum,14,46,-0.00485
service_span_hours & dest_metro_pop_weighted_sum,14,47,-0.01308
service_span_hours & dest_metro_pop_weighted_sum,14,48,-0.01262
service_span_hours & dest_metro_pop_weighted_sum,14,49,0.01255
service_span_hours & dest_metro_pop_weighted_sum,14,50,0.03413
service_span_hours & dest_metro_pop_weighted_sum,14,51,0.03436
service_span_hours & dest_metro_pop_weighted_sum,14,52,0.03267
service_span_hours & dest_metro_pop_weighted_sum,14,53,0.01558
service_span_hours & dest_metro_pop_weighted_sum,14,54,-0.01972
service_span_hours & dest_metro_pop_weighted_sum,14,55,-0.02882
service_span_hours & dest_metro_pop_weighted_sum,14,56,-0.03181
service_span_hours & dest_metro_pop_weighted_sum,14,57,-0.03237
service_span_hours & dest_metro_pop_weighted_sum,14,58,-0.02324
service_span_hours & dest_metro_pop_weighted_sum,14,59,-0.02036
service_span_hours & dest_metro_pop_weighted_sum,14,60,0.00965
service_span_hours & dest_metro_pop_weighted_sum,14,61,0.01019
service_span_hours & dest_metro_pop_weighted_sum,15,0,0.07887
service_span_hours & dest_metro_pop_weighted_sum,15,1,0.08019
service_span_hours & dest_metro_pop_weighted_sum,15,2,0.09332
service_span_hours & dest_metro_pop_weighted_sum,15,3,0.0882
service_span_hours & dest_metro_pop_weighted_sum,15,4,0.08614
service_span_hours & dest_metro_pop_weighted_sum,15,5,0.08469
service_span_hours & dest_metro_pop_weighted_sum,15,6,0.0836
service_span_hours & dest_metro_pop_weighted_sum,15,7,0.08272
service_span_hours & dest_metro_pop_weighted_sum,15,8,0.08227
service_span_hours & dest_metro_pop_weighted_sum,15,9,0.08207
service_span_hours & dest_metro_pop_weighted_sum,15,10,0.07815
service_span_hours & dest_metro_pop_weighted_sum,15,11,0.06228
service_span_hours & dest_metro_pop_weighted_sum,15,12,0.0564
service_span_hours & dest_metro_pop_weighted_sum,15,13,0.04745
service_span_hours & dest_metro_pop_weighted_sum,15,14,0.00413
service_span_hours & dest_metro_pop_weighted_sum,15,15,-0.00063
service_span_hours & dest_metro_pop_weighted_sum,15,16,-0.02883
service_span_hours & dest_metro_pop_weighted_sum,15,17,-0.02989
service_span_hours & dest_metro_pop_weighted_sum,15,18,-0.03305
service_span_hours & dest_metro_pop_weighted_sum,15,19,-0.03236
service_span_hours & dest_metro_pop_weighted_sum,15,20,-0.03347
service_span_hours & dest_metro_pop_weighted_sum,15,21,-0.03402
service_span_hours & dest_metro_pop_weighted_sum,15,22,-0.042
service_span_hours & dest_metro_pop_weighted_sum,15,23,-0.0429
service_span_hours & dest_metro_pop_weighted_sum,15,24,-0.04355
service_span_hours & dest_metro_pop_weighted_sum,15,25,-0.04399
service_span_hours & dest_metro_pop_weighted_sum,15,26,-0.04193
service_span_hours & dest_metro_pop_weighted_sum,15,27,-0.04175
service_span_hours & dest_metro_pop_weighted_sum,15,28,-0.03959
service_span_hours & dest_metro_pop_weighted_sum,15,29,-0.03967
service_span_hours & dest_metro_pop_weighted_sum,15,30,-0.02924
service_span_hours & dest_metro_pop_weighted_sum,15,31,-0.0266
service_span_hours & dest_metro_pop_weighted_sum,15,32,-0.02438
service_span_hours & dest_metro_pop_weighted_sum,15,33,-0.02476
service_span_hours & dest_metro_pop_weighted_sum,15,34,-0.02505
service_span_hours & dest_metro_pop_weighted_sum,15,35,-0.03421
service_span_hours & dest_metro_pop_weighted_sum,15,36,-0.03538
service_span_hours & dest_metro_pop_weighted_sum,15,37,-0.03652
service_span_hours & dest_metro_pop_weighted_sum,15,38,-0.03672
service_span_hours & dest_metro_pop_weighted_sum,15,39,-0.03675
service_span_hours & dest_metro_pop_weighted_sum,15,40,-0.03719
service_span_hours & dest_metro_pop_weighted_sum,15,41,-0.03852
service_span_hours & dest_metro_pop_weighted_sum,15,42,-0.03906
service_span_hours & dest_metro_pop_weighted_sum,15,43,-0.03972
service_span_hours & dest_metro_pop_weighted_sum,15,44,-0.04571
service_span_hours & dest_metro_pop_weighted_sum,15,45,-0.00378
service_span_hours & dest_metro_pop_weighted_sum,15,46,-0.00343
service_span_hours & dest_metro_pop_weighted_sum,15,47,-0.01166
service_span_hours & dest_metro_pop_weighted_sum,15,48,-0.01119
service_span_hours & dest_metro_pop_weighted_sum,15,49,0.01397
service_span_hours & dest_metro_pop_weighted_sum,15,50,0.03555
service_span_hours & dest_metro_pop_weighted_sum,15,51,0.03578
service_span_hours & dest_metro_pop_weighted_sum,15,52,0.03409
service_span_hours & dest_metro_pop_weighted_sum,15,53,0.01699
service_span_hours & dest_metro_pop_weighted_sum,15,54,-0.0183
service_span_hours & dest_metro_pop_weighted_sum,15,55,-0.0274
service_span_hours & dest_metro_pop_weighted_sum,15,56,-0.0304
service_span_hours & dest_metro_pop_weighted_sum,15,57,-0.03089
service_span_hours & dest_metro_pop_weighted_sum,15,58,-0.02176
service_span_hours & dest_metro_pop_weighted_sum,15,59,-0.01888
service_span_hours & dest_metro_pop_weighted_sum,15,60,0.01113
service_span_hours & dest_metro_pop_weighted_sum,15,61,0.01167
service_span_hours & dest_metro_pop_weighted_sum,16,0,0.04829
service_span_hours & dest_metro_pop_weighted_sum,16,1,0.0496
service_span_hours & dest_metro_pop_weighted_sum,16,2,0.06274
service_span_hours & dest_metro_pop_weighted_sum,16,3,0.05752
service_span_hours & dest_metro_pop_weighted_sum,16,4,0.0558
service_span_hours & dest_metro_pop_weighted_sum,16,5,0.05488
service_span_hours & dest_metro_pop_weighted_sum,16,6,0.05379
service_span_hours & dest_metro_pop_weighted_sum,16,7,0.05291
service_span_hours & dest_metro_pop_weighted_sum,16,8,0.05256
service_span_hours & dest_metro_pop_weighted_sum,16,9,0.05236
service_span_hours & dest_metro_pop_weighted_sum,16,10,0.04844
service_span_hours & dest_metro_pop_weighted_sum,16,11,0.03258
service_span_hours & dest_metro_pop_weighted_sum,16,12,0.0314
service_span_hours & dest_metro_pop_weighted_sum,16,13,0.02373
service_span_hours & dest_metro_pop_weighted_sum,16,14,0.02362
service_span_hours & dest_metro_pop_weighted_sum,16,15,0.01902
service_span_hours & dest_metro_pop_weighted_sum,16,16,0.0038
service_span_hours & dest_metro_pop_weighted_sum,16,17,0.00274
service_span_hours & dest_metro_pop_weighted_sum,16,18,0.00219
service_span_hours & dest_metro_pop_weighted_sum,16,19,0.00296
service_span_hours & dest_metro_pop_weighted_sum,16,20,0.00186
service_span_hours & dest_metro_pop_weighted_sum,16,21,0.0013
service_span_hours & dest_metro_pop_weighted_sum,16,22,0.00013
service_span_hours & dest_metro_pop_weighted_sum,16,23,-0.00048
service_span_hours & dest_metro_pop_weighted_sum,16,24,-0.00078
service_span_hours & dest_metro_pop_weighted_sum,16,25,-0.00122
service_span_hours & dest_metro_pop_weighted_sum,16,26,0.00108
service_span_hours & dest_metro_pop_weighted_sum,16,27,0.00127
service_span_hours & dest_metro_pop_weighted_sum,16,28,0.0035
service_span_hours & dest_metro_pop_weighted_sum,16,29,0.00342
service_span_hours & dest_metro_pop_weighted_sum,16,30,0.01421
service_span_hours & dest_metro_pop_weighted_sum,16,31,0.01685
service_span_hours & dest_metro_pop_weighted_sum,16,32,0.01937
service_span_hours & dest_metro_pop_weighted_sum,16,33,0.019
service_span_hours & dest_metro_pop_weighted_sum,16,34,0.01871
service_span_hours & dest_metro_pop_weighted_sum,16,35,0.00962
service_span_hours & dest_metro_pop_weighted_sum,16,36,0.00845
service_span_hours & dest_metro_pop_weighted_sum,16,37,0.00757
service_span_hours & dest_metro_pop_weighted_sum,16,38,0.00737
service_span_hours & dest_metro_pop_weighted_sum,16,39,0.00734
service_span_hours & dest_metro_pop_weighted_sum,16,40,0.00716
service_span_hours & dest_metro_pop_weighted_sum,16,41,0.00584
service_span_hours & dest_metro_pop_weighted_sum,16,42,0.0053
service_span_hours & dest_metro_pop_weighted_sum,16,43,0.0049
service_span_hours & dest_metro_pop_weighted_sum,16,44,-0.00093
service_span_hours & dest_metro_pop_weighted_sum,16,45,0.02279
service_span_hours & dest_metro_pop_weighted_sum,16,46,0.02315
service_span_hours & dest_metro_pop_weighted_sum,16,47,0.01504
service_span_hours & dest_metro_pop_weighted_sum,16,48,0.01551
service_span_hours & dest_metro_pop_weighted_sum,16,49,0.04061
service_span_hours & dest_metro_pop_weighted_sum,16,50,0.0622
service_span_hours & dest_metro_pop_weighted_sum,16,51,0.06242
service_span_hours & dest_metro_pop_weighted_sum,16,52,0.06073
service_span_hours & dest_metro_pop_weighted_sum,16,53,0.04362
service_span_hours & dest_metro_pop_weighted_sum,16,54,0.00832
service_span_hours & dest_metro_pop_weighted_sum,16,55,-0.00079
service_span_hours & dest_metro_pop_weighted_sum,16,56,-0.00379
service_span_hours & dest_metro_pop_weighted_sum,16,57,-0.00426
service_span_hours & dest_metro_pop_weighted_sum,16,58,0.00487
service_span_hours & dest_metro_pop_weighted_sum,16,59,0.00775
service_span_hours & dest_metro_pop_weighted_sum,16,60,0.03776
service_span_hours & dest_metro_pop_weighted_sum,16,61,0.0383
service_span_hours & dest_metro_pop_weighted_sum,17,0,0.01607
service_span_hours & dest_metro_pop_weighted_sum,17,1,0.01738
service_span_hours & dest_metro_pop_weighted_sum,17,2,0.03049
service_span_hours & dest_metro_pop_weighted_sum,17,3,0.02527
service_span_hours & dest_metro_pop_weighted_sum,17,4,0.02355
service_span_hours & dest_metro_pop_weighted_sum,17,5,0.02262
service_span_hours & dest_metro_pop_weighted_sum,17,6,0.02209
service_span_hours & dest_metro_pop_weighted_sum,17,7,0.02169
service_span_hours & dest_metro_pop_weighted_sum,17,8,0.02135
service_span_hours & dest_metro_pop_weighted_sum,17,9,0.02115
service_span_hours & dest_metro_pop_weighted_sum,17,10,0.01976
service_span_hours & dest_metro_pop_weighted_sum,17,11,0.03183
service_span_hours & dest_metro_pop_weighted_sum,17,12,0.03065
service_span_hours & dest_metro_pop_weighted_sum,17,13,0.02298
service_span_hours & dest_metro_pop_weighted_sum,17,14,0.02288
service_span_hours & dest_metro_pop_weighted_sum,17,15,0.01828
service_span_hours & dest_metro_pop_weighted_sum,17,16,0.00335
service_span_hours & dest_metro_pop_weighted_sum,17,17,0.00244
service_span_hours & dest_metro_pop_weighted_sum,17,18,0.0019
service_span_hours & dest_metro_pop_weighted_sum,17,19,0.00266
service_span_hours & dest_metro_pop_weighted_sum,17,20,0.00156
service_span_hours & dest_metro_pop_weighted_sum,17,21,0.00101
service_span_hours & dest_metro_pop_weighted_sum,17,22,-0.00017
service_span_hours & dest_metro_pop_weighted_sum,17,23,-0.00077
service_span_hours & dest_metro_pop_weighted_sum,17,24,-0.00108
service_span_hours & dest_metro_pop_weighted_sum,17,25,-0.00151
service_span_hours & dest_metro_pop_weighted_sum,17,26,0.00079
service_span_hours & dest_metro_pop_weighted_sum,17,27,0.00097
service_span_hours & dest_metro_pop_weighted_sum,17,28,0.00321
service_span_hours & dest_metro_pop_weighted_sum,17,29,0.00313
service_span_hours & dest_metro_pop_weighted_sum,17,30,0.01391
service_span_hours & dest_metro_pop_weighted_sum,17,31,0.01655
service_span_hours & dest_metro_pop_weighted_sum,17,32,0.01908
service_span_hours & dest_metro_pop_weighted_sum,17,33,0.01893
service_span_hours & dest_metro_pop_weighted_sum,17,34,0.01864
service_span_hours & dest_metro_pop_weighted_sum,17,35,0.00967
service_span_hours & dest_metro_pop_weighted_sum,17,36,0.0085
service_span_hours & dest_metro_pop_weighted_sum,17,37,0.00762
service_span_hours & dest_metro_pop_weighted_sum,17,38,0.0077
service_span_hours & dest_metro_pop_weighted_sum,17,39,0.00772
service_span_hours & dest_metro_pop_weighted_sum,17,40,0.00754
service_span_hours & dest_metro_pop_weighted_sum,17,41,0.00621
service_span_hours & dest_metro_pop_weighted_sum,17,42,0.00567
service_span_hours & dest_metro_pop_weighted_sum,17,43,0.00528
service_span_hours & dest_metro_pop_weighted_sum,17,44,-0.00056
service_span_hours & dest_metro_pop_weighted_sum,17,45,0.02317
service_span_hours & dest_metro_pop_weighted_sum,17,46,0.02342
service_span_hours & dest_metro_pop_weighted_sum,17,47,0.01532
service_span_hours & dest_metro_pop_weighted_sum,17,48,0.01578
service_span_hours & dest_metro_pop_weighted_sum,17,49,0.04089
service_span_hours & dest_metro_pop_weighted_sum,17,50,0.06254
service_span_hours & dest_metro_pop_weighted_sum,17,51,0.06272
service_span_hours & dest_metro_pop_weighted_sum,17,52,0.06103
service_span_hours & dest_metro_pop_weighted_sum,17,53,0.04391
service_span_hours & dest_metro_pop_weighted_sum,17,54,0.00861
service_span_hours & dest_metro_pop_weighted_sum,17,55,-0.00047
service_span_hours & dest_metro_pop_weighted_sum,17,56,-0.00347
service_span_hours & dest_metro_pop_weighted_sum,17,57,-0.00394
service_span_hours & dest_metro_pop_weighted_sum,17,58,0.00519
service_span_hours & dest_metro_pop_weighted_sum,17,59,0.00809
service_span_hours & dest_metro_pop_weighted_sum,17,60,0.0381
service_span_hours & dest_metro_pop_weighted_sum,17,61,0.03864
service_span_hours & dest_metro_pop_weighted_sum,18,0,-0.03733
service_span_hours & dest_metro_pop_weighted_sum,18,1,-0.03601
service_span_hours & dest_metro_pop_weighted_sum,18,2,-0.02291
service_span_hours & dest_metro_pop_weighted_sum,18,3,-0.02822
service_span_hours & dest_metro_pop_weighted_sum,18,4,-0.02994
service_span_hours & dest_metro_pop_weighted_sum,18,5,-0.03086
service_span_hours & dest_metro_pop_weighted_sum,18,6,-0.03139
service_span_hours & dest_metro_pop_weighted_sum,18,7,-0.03132
service_span_hours & dest_metro_pop_weighted_sum,18,8,-0.03167
service_span_hours & dest_metro_pop_weighted_sum,18,9,-0.03187
service_span_hours & dest_metro_pop_weighted_sum,18,10,-0.02932
service_span_hours & dest_metro_pop_weighted_sum,18,11,0.01448
service_span_hours & dest_metro_pop_weighted_sum,18,12,0.0133
service_span_hours & dest_metro_pop_weighted_sum,18,13,0.00845
service_span_hours & dest_metro_pop_weighted_sum,18,14,0.00835
service_span_hours & dest_metro_pop_weighted_sum,18,15,0.00374
service_span_hours & dest_metro_pop_weighted_sum,18,16,-0.00163
service_span_hours & dest_metro_pop_weighted_sum,18,17,-0.00254
service_span_hours & dest_metro_pop_weighted_sum,18,18,-0.00277
service_span_hours & dest_metro_pop_weighted_sum,18,19,0.00085
service_span_hours & dest_metro_pop_weighted_sum,18,20,-0.00025
service_span_hours & dest_metro_pop_weighted_sum,18,21,-0.00043
service_span_hours & dest_metro_pop_weighted_sum,18,22,-0.0016
service_span_hours & dest_metro_pop_weighted_sum,18,23,-0.00221
service_span_hours & dest_metro_pop_weighted_sum,18,24,-0.00251
service_span_hours & dest_metro_pop_weighted_sum,18,25,-0.00268
service_span_hours & dest_metro_pop_weighted_sum,18,26,-0.00031
service_span_hours & dest_metro_pop_weighted_sum,18,27,-0.00012
service_span_hours & dest_metro_pop_weighted_sum,18,28,0.00212
service_span_hours & dest_metro_pop_weighted_sum,18,29,0.00203
service_span_hours & dest_metro_pop_weighted_sum,18,30,0.01281
service_span_hours & dest_metro_pop_weighted_sum,18,31,0.01545
service_span_hours & dest_metro_pop_weighted_sum,18,32,0.01805
service_span_hours & dest_metro_pop_weighted_sum,18,33,0.0179
service_span_hours & dest_metro_pop_weighted_sum,18,34,0.01761
service_span_hours & dest_metro_pop_weighted_sum,18,35,0.00864
service_span_hours & dest_metro_pop_weighted_sum,18,36,0.00787
service_span_hours & dest_metro_pop_weighted_sum,18,37,0.00729
service_span_hours & dest_metro_pop_weighted_sum,18,38,0.00738
service_span_hours & dest_metro_pop_weighted_sum,18,39,0.00782
service_span_hours & dest_metro_pop_weighted_sum,18,40,0.00763
service_span_hours & dest_metro_pop_weighted_sum,18,41,0.00657
service_span_hours & dest_metro_pop_weighted_sum,18,42,0.00603
service_span_hours & dest_metro_pop_weighted_sum,18,43,0.00587
service_span_hours & dest_metro_pop_weighted_sum,18,44,0.00573
service_span_hours & dest_metro_pop_weighted_sum,18,45,0.02946
service_span_hours & dest_metro_pop_weighted_sum,18,46,0.02973
service_span_hours & dest_metro_pop_weighted_sum,18,47,0.03071
service_span_hours & dest_metro_pop_weighted_sum,18,48,0.03118
service_span_hours & dest_metro_pop_weighted_sum,18,49,0.05629
service_span_hours & dest_metro_pop_weighted_sum,18,50,0.07794
service_span_hours & dest_metro_pop_weighted_sum,18,51,0.07812
service_span_hours & dest_metro_pop_weighted_sum,18,52,0.07643
service_span_hours & dest_metro_pop_weighted_sum,18,53,0.05931
service_span_hours & dest_metro_pop_weighted_sum,18,54,0.02401
service_span_hours & dest_metro_pop_weighted_sum,18,55,0.01493
service_span_hours & dest_metro_pop_weighted_sum,18,56,0.01193
service_span_hours & dest_metro_pop_weighted_sum,18,57,0.01146
service_span_hours & dest_metro_pop_weighted_sum,18,58,0.02059
service_span_hours & dest_metro_pop_weighted_sum,18,59,0.02348
service_span_hours & dest_metro_pop_weighted_sum,18,60,0.0535
service_span_hours & dest_metro_pop_weighted_sum,18,61,0.05406
service_span_hours & dest_metro_pop_weighted_sum,19,0,-0.03883
service_span_hours & dest_metro_pop_weighted_sum,19,1,-0.03751
service_span_hours & dest_metro_pop_weighted_sum,19,2,-0.02443
service_span_hours & dest_metro_pop_weighted_sum,19,3,-0.02974
service_span_hours & dest_metro_pop_weighted_sum,19,4,-0.03146
service_span_hours & dest_metro_pop_weighted_sum,19,5,-0.03239
service_span_hours & dest_metro_pop_weighted_sum,19,6,-0.03291
service_span_hours & dest_metro_pop_weighted_sum,19,7,-0.03259
service_span_hours & dest_metro_pop_weighted_sum,19,8,-0.03294
service_span_hours & dest_metro_pop_weighted_sum,19,9,-0.03314
service_span_hours & dest_metro_pop_weighted_sum,19,10,-0.02998
service_span_hours & dest_metro_pop_weighted_sum,19,11,0.01381
service_span_hours & dest_metro_pop_weighted_sum,19,12,0.01263
service_span_hours & dest_metro_pop_weighted_sum,19,13,0.00779
service_span_hours & dest_metro_pop_weighted_sum,19,14,0.00768
service_span_hours & dest_metro_pop_weighted_sum,19,15,0.00308
service_span_hours & dest_metro_pop_weighted_sum,19,16,-0.0023
service_span_hours & dest_metro_pop_weighted_sum,19,17,-0.00303
service_span_hours & dest_metro_pop_weighted_sum,19,18,-0.00325
service_span_hours & dest_metro_pop_weighted_sum,19,19,0.00036
service_span_hours & dest_metro_pop_weighted_sum,19,20,-0.00066
service_span_hours & dest_metro_pop_weighted_sum,19,21,-0.00084
service_span_hours & dest_metro_pop_weighted_sum,19,22,-0.00202
service_span_hours & dest_metro_pop_weighted_sum,19,23,-0.00262
service_span_hours & dest_metro_pop_weighted_sum,19,24,-0.00292
service_span_hours & dest_metro_pop_weighted_sum,19,25,-0.00309
service_span_hours & dest_metro_pop_weighted_sum,19,26,-0.00054
service_span_hours & dest_metro_pop_weighted_sum,19,27,-0.00036
service_span_hours & dest_metro_pop_weighted_sum,19,28,0.00183
service_span_hours & dest_metro_pop_weighted_sum,19,29,0.00174
service_span_hours & dest_metro_pop_weighted_sum,19,30,0.01252
service_span_hours & dest_metro_pop_weighted_sum,19,31,0.01512
service_span_hours & dest_metro_pop_weighted_sum,19,32,0.01772
service_span_hours & dest_metro_pop_weighted_sum,19,33,0.01766
service_span_hours & dest_metro_pop_weighted_sum,19,34,0.01737
service_span_hours & dest_metro_pop_weighted_sum,19,35,0.00841
service_span_hours & dest_metro_pop_weighted_sum,19,36,0.00769
service_span_hours & dest_metro_pop_weighted_sum,19,37,0.00733
service_span_hours & dest_metro_pop_weighted_sum,19,38,0.00741
service_span_hours & dest_metro_pop_weighted_sum,19,39,0.00785
service_span_hours & dest_metro_pop_weighted_sum,19,40,0.00767
service_span_hours & dest_metro_pop_weighted_sum,19,41,0.0066
service_span_hours & dest_metro_pop_weighted_sum,19,42,0.00609
service_span_hours & dest_metro_pop_weighted_sum,19,43,0.00595
service_span_hours & dest_metro_pop_weighted_sum,19,44,0.00581
service_span_hours & dest_metro_pop_weighted_sum,19,45,0.02954
service_span_hours & dest_metro_pop_weighted_sum,19,46,0.02981
service_span_hours & dest_metro_pop_weighted_sum,19,47,0.0308
service_span_hours & dest_metro_pop_weighted_sum,19,48,0.03126
service_span_hours & dest_metro_pop_weighted_sum,19,49,0.05659
service_span_hours & dest_metro_pop_weighted_sum,19,50,0.07795
service_span_hours & dest_metro_pop_weighted_sum,19,51,0.07813
service_span_hours & dest_metro_pop_weighted_sum,19,52,0.07644
service_span_hours & dest_metro_pop_weighted_sum,19,53,0.05932
service_span_hours & dest_metro_pop_weighted_sum,19,54,0.02402
service_span_hours & dest_metro_pop_weighted_sum,19,55,0.01496
service_span_hours & dest_metro_pop_weighted_sum,19,56,0.01199
service_span_hours & dest_metro_pop_weighted_sum,19,57,0.01154
service_span_hours & dest_metro_pop_weighted_sum,19,58,0.02067
service_span_hours & dest_metro_pop_weighted_sum,19,59,0.02357
service_span_hours & dest_metro_pop_weighted_sum,19,60,0.05358
service_span_hours & dest_metro_pop_weighted_sum,19,61,0.05415
service_span_hours & dest_metro_pop_weighted_sum,20,0,-0.03839
service_span_hours & dest_metro_pop_weighted_sum,20,1,-0.03707
service_span_hours & dest_metro_pop_weighted_sum,20,2,-0.02399
service_span_hours & dest_metro_pop_weighted_sum,20,3,-0.0293
service_span_hours & dest_metro_pop_weighted_sum,20,4,-0.03102
service_span_hours & dest_metro_pop_weighted_sum,20,5,-0.03195
service_span_hours & dest_metro_pop_weighted_sum,20,6,-0.03202
service_span_hours & dest_metro_pop_weighted_sum,20,7,-0.0317
service_span_hours & dest_metro_pop_weighted_sum,20,8,-0.03204
service_span_hours & dest_metro_pop_weighted_sum,20,9,-0.03224
service_span_hours & dest_metro_pop_weighted_sum,20,10,-0.02909
service_span_hours & dest_metro_pop_weighted_sum,20,11,0.01486
service_span_hours & dest_metro_pop_weighted_sum,20,12,0.01368
service_span_hours & dest_metro_pop_weighted_sum,20,13,0.00929
service_span_hours & dest_metro_pop_weighted_sum,20,14,0.00939
service_span_hours & dest_metro_pop_weighted_sum,20,15,0.00478
service_span_hours & dest_metro_pop_weighted_sum,20,16,-0.00059
service_span_hours & dest_metro_pop_weighted_sum,20,17,-0.00095
service_span_hours & dest_metro_pop_weighted_sum,20,18,-0.00102
service_span_hours & dest_metro_pop_weighted_sum,20,19,0.0026
service_span_hours & dest_metro_pop_weighted_sum,20,20,0.00157
service_span_hours & dest_metro_pop_weighted_sum,20,21,0.0014
service_span_hours & dest_metro_pop_weighted_sum,20,22,0.00022
service_span_hours & dest_metro_pop_weighted_sum,20,23,-0.00039
service_span_hours & dest_metro_pop_weighted_sum,20,24,-0.0006
service_span_hours & dest_metro_pop_weighted_sum,20,25,-0.00076
service_span_hours & dest_metro_pop_weighted_sum,20,26,0.00178
service_span_hours & dest_metro_pop_weighted_sum,20,27,0.00196
service_span_hours & dest_metro_pop_weighted_sum,20,28,0.0041
service_span_hours & dest_metro_pop_weighted_sum,20,29,0.00401
service_span_hours & dest_metro_pop_weighted_sum,20,30,0.01479
service_span_hours & dest_metro_pop_weighted_sum,20,31,0.01738
service_span_hours & dest_metro_pop_weighted_sum,20,32,0.01997
service_span_hours & dest_metro_pop_weighted_sum,20,33,0.01991
service_span_hours & dest_metro_pop_weighted_sum,20,34,0.01963
service_span_hours & dest_metro_pop_weighted_sum,20,35,0.01066
service_span_hours & dest_metro_pop_weighted_sum,20,36,0.00997
service_span_hours & dest_metro_pop_weighted_sum,20,37,0.00961
service_span_hours & dest_metro_pop_weighted_sum,20,38,0.00969
service_span_hours & dest_metro_pop_weighted_sum,20,39,0.01012
service_span_hours & dest_metro_pop_weighted_sum,20,40,0.00994
service_span_hours & dest_metro_pop_weighted_sum,20,41,0.00888
service_span_hours & dest_metro_pop_weighted_sum,20,42,0.00837
service_span_hours & dest_metro_pop_weighted_sum,20,43,0.00822
service_span_hours & dest_metro_pop_weighted_sum,20,44,0.00809
service_span_hours & dest_metro_pop_weighted_sum,20,45,0.02196
service_span_hours & dest_metro_pop_weighted_sum,20,46,0.02229
service_span_hours & dest_metro_pop_weighted_sum,20,47,0.02328
service_span_hours & dest_metro_pop_weighted_sum,20,48,0.02374
service_span_hours & dest_metro_pop_weighted_sum,20,49,0.03807
service_span_hours & dest_metro_pop_weighted_sum,20,50,0.03785
service_span_hours & dest_metro_pop_weighted_sum,20,51,0.03803
service_span_hours & dest_metro_pop_weighted_sum,20,52,0.03634
service_span_hours & dest_metro_pop_weighted_sum,20,53,0.01922
service_span_hours & dest_metro_pop_weighted_sum,20,54,-0.01608
service_span_hours & dest_metro_pop_weighted_sum,20,55,-0.02514
service_span_hours & dest_metro_pop_weighted_sum,20,56,-0.02811
service_span_hours & dest_metro_pop_weighted_sum,20,57,-0.02853
service_span_hours & dest_metro_pop_weighted_sum,20,58,-0.01941
service_span_hours & dest_metro_pop_weighted_sum,20,59,-0.01651
service_span_hours & dest_metro_pop_weighted_sum,20,60,0.01351
service_span_hours & dest_metro_pop_weighted_sum,20,61,0.01407
service_span_hours & dest_metro_pop_weighted_sum,21,0,-0.03969
service_span_hours & dest_metro_pop_weighted_sum,21,1,-0.03837
service_span_hours & dest_metro_pop_weighted_sum,21,2,-0.02529
service_span_hours & dest_metro_pop_weighted_sum,21,3,-0.0307
service_span_hours & dest_metro_pop_weighted_sum,21,4,-0.03243
service_span_hours & dest_metro_pop_weighted_sum,21,5,-0.03335
service_span_hours & dest_metro_pop_weighted_sum,21,6,-0.03343
service_span_hours & dest_metro_pop_weighted_sum,21,7,-0.0331
service_span_hours & dest_metro_pop_weighted_sum,21,8,-0.03345
service_span_hours & dest_metro_pop_weighted_sum,21,9,-0.03365
service_span_hours & dest_metro_pop_weighted_sum,21,10,-0.03024
service_span_hours & dest_metro_pop_weighted_sum,21,11,0.01431
service_span_hours & dest_metro_pop_weighted_sum,21,12,0.01313
service_span_hours & dest_metro_pop_weighted_sum,21,13,0.00874
service_span_hours & dest_metro_pop_weighted_sum,21,14,0.00884
service_span_hours & dest_metro_pop_weighted_sum,21,15,0.00423
service_span_hours & dest_metro_pop_weighted_sum,21,16,-0.00114
service_span_hours & dest_metro_pop_weighted_sum,21,17,-0.00123
service_span_hours & dest_metro_pop_weighted_sum,21,18,-0.00129
service_span_hours & dest_metro_pop_weighted_sum,21,19,0.00233
service_span_hours & dest_metro_pop_weighted_sum,21,20,0.0013
service_span_hours & dest_metro_pop_weighted_sum,21,21,0.00112
service_span_hours & dest_metro_pop_weighted_sum,21,22,0.00033
service_span_hours & dest_metro_pop_weighted_sum,21,23,-0.00027
service_span_hours & dest_metro_pop_weighted_sum,21,24,-0.00049
service_span_hours & dest_metro_pop_weighted_sum,21,25,-0.00065
service_span_hours & dest_metro_pop_weighted_sum,21,26,0.00189
service_span_hours & dest_metro_pop_weighted_sum,21,27,0.00208
service_span_hours & dest_metro_pop_weighted_sum,21,28,0.00421
service_span_hours & dest_metro_pop_weighted_sum,21,29,0.00407
service_span_hours & dest_metro_pop_weighted_sum,21,30,0.01486
service_span_hours & dest_metro_pop_weighted_sum,21,31,0.01744
service_span_hours & dest_metro_pop_weighted_sum,21,32,0.02
service_span_hours & dest_metro_pop_weighted_sum,21,33,0.01995
service_span_hours & dest_metro_pop_weighted_sum,21,34,0.01966
service_span_hours & dest_metro_pop_weighted_sum,21,35,0.0107
service_span_hours & dest_metro_pop_weighted_sum,21,36,0.01001
service_span_hours & dest_metro_pop_weighted_sum,21,37,0.00964
service_span_hours & dest_metro_pop_weighted_sum,21,38,0.00972
service_span_hours & dest_metro_pop_weighted_sum,21,39,0.01016
service_span_hours & dest_metro_pop_weighted_sum,21,40,0.00998
service_span_hours & dest_metro_pop_weighted_sum,21,41,0.00891
service_span_hours & dest_metro_pop_weighted_sum,21,42,0.00845
service_span_hours & dest_metro_pop_weighted_sum,21,43,0.0083
service_span_hours & dest_metro_pop_weighted_sum,21,44,0.00817
service_span_hours & dest_metro_pop_weighted_sum,21,45,0.02204
service_span_hours & dest_metro_pop_weighted_sum,21,46,0.0223
service_span_hours & dest_metro_pop_weighted_sum,21,47,0.02329
service_span_hours & dest_metro_pop_weighted_sum,21,48,0.02375
service_span_hours & dest_metro_pop_weighted_sum,21,49,0.03807
service_span_hours & dest_metro_pop_weighted_sum,21,50,0.03783
service_span_hours & dest_metro_pop_weighted_sum,21,51,0.038
service_span_hours & dest_metro_pop_weighted_sum,21,52,0.03645
service_span_hours & dest_metro_pop_weighted_sum,21,53,0.01933
service_span_hours & dest_metro_pop_weighted_sum,21,54,-0.01597
service_span_hours & dest_metro_pop_weighted_sum,21,55,-0.02511
service_span_hours & dest_metro_pop_weighted_sum,21,56,-0.02808
service_span_hours & dest_metro_pop_weighted_sum,21,57,-0.02851
service_span_hours & dest_metro_pop_weighted_sum,21,58,-0.01938
service_span_hours & dest_metro_pop_weighted_sum,21,59,-0.01648
service_span_hours & dest_metro_pop_weighted_sum,21,60,0.01353
service_span_hours & dest_metro_pop_weighted_sum,21,61,0.0141
service_span_hours & dest_metro_pop_weighted_sum,22,0,-0.04179
service_span_hours & dest_metro_pop_weighted_sum,22,1,-0.04047
service_span_hours & dest_metro_pop_weighted_sum,22,2,-0.02739
service_span_hours & dest_metro_pop_weighted_sum,22,3,-0.0328
service_span_hours & dest_metro_pop_weighted_sum,22,4,-0.03446
service_span_hours & dest_metro_pop_weighted_sum,22,5,-0.03498
service_span_hours & dest_metro_pop_weighted_sum,22,6,-0.03506
service_span_hours & dest_metro_pop_weighted_sum,22,7,-0.03474
service_span_hours & dest_metro_pop_weighted_sum,22,8,-0.03505
service_span_hours & dest_metro_pop_weighted_sum,22,9,-0.03515
service_span_hours & dest_metro_pop_weighted_sum,22,10,-0.03175
service_span_hours & dest_metro_pop_weighted_sum,22,11,0.0128
service_span_hours & dest_metro_pop_weighted_sum,22,12,0.01217
service_span_hours & dest_metro_pop_weighted_sum,22,13,0.00779
service_span_hours & dest_metro_pop_weighted_sum,22,14,0.00789
service_span_hours & dest_metro_pop_weighted_sum,22,15,0.00328
service_span_hours & dest_metro_pop_weighted_sum,22,16,-0.00209
service_span_hours & dest_metro_pop_weighted_sum,22,17,-0.00218
service_span_hours & dest_metro_pop_weighted_sum,22,18,-0.00224
service_span_hours & dest_metro_pop_weighted_sum,22,19,0.00151
service_span_hours & dest_metro_pop_weighted_sum,22,20,0.00092
service_span_hours & dest_metro_pop_weighted_sum,22,21,0.00074
service_span_hours & dest_metro_pop_weighted_sum,22,22,-5e-05
service_span_hours & dest_metro_pop_weighted_sum,22,23,-0.00052
service_span_hours & dest_metro_pop_weighted_sum,22,24,-0.00074
service_span_hours & dest_metro_pop_weighted_sum,22,25,-0.0009
service_span_hours & dest_metro_pop_weighted_sum,22,26,0.00169
service_span_hours & dest_metro_pop_weighted_sum,22,27,0.00188
service_span_hours & dest_metro_pop_weighted_sum,22,28,0.00401
service_span_hours & dest_metro_pop_weighted_sum,22,29,0.00387
service_span_hours & dest_metro_pop_weighted_sum,22,30,0.01466
service_span_hours & dest_metro_pop_weighted_sum,22,31,0.01724
service_span_hours & dest_metro_pop_weighted_sum,22,32,0.01992
service_span_hours & dest_metro_pop_weighted_sum,22,33,0.01988
service_span_hours & dest_metro_pop_weighted_sum,22,34,0.01964
service_span_hours & dest_metro_pop_weighted_sum,22,35,0.01081
service_span_hours & dest_metro_pop_weighted_sum,22,36,0.01027
service_span_hours & dest_metro_pop_weighted_sum,22,37,0.00991
service_span_hours & dest_metro_pop_weighted_sum,22,38,0.00999
service_span_hours & dest_metro_pop_weighted_sum,22,39,0.01043
service_span_hours & dest_metro_pop_weighted_sum,22,40,0.01024
service_span_hours & dest_metro_pop_weighted_sum,22,41,0.00918
service_span_hours & dest_metro_pop_weighted_sum,22,42,0.00871
service_span_hours & dest_metro_pop_weighted_sum,22,43,0.00862
service_span_hours & dest_metro_pop_weighted_sum,22,44,0.00849
service_span_hours & dest_metro_pop_weighted_sum,22,45,0.0223
service_span_hours & dest_metro_pop_weighted_sum,22,46,0.02255
service_span_hours & dest_metro_pop_weighted_sum,22,47,0.02354
service_span_hours & dest_metro_pop_weighted_sum,22,48,0.02402
service_span_hours & dest_metro_pop_weighted_sum,22,49,0.03834
service_span_hours & dest_metro_pop_weighted_sum,22,50,0.03809
service_span_hours & dest_metro_pop_weighted_sum,22,51,0.03827
service_span_hours & dest_metro_pop_weighted_sum,22,52,0.03671
service_span_hours & dest_metro_pop_weighted_sum,22,53,0.0196
service_span_hours & dest_metro_pop_weighted_sum,22,54,-0.0157
service_span_hours & dest_metro_pop_weighted_sum,22,55,-0.02485
service_span_hours & dest_metro_pop_weighted_sum,22,56,-0.02782
service_span_hours & dest_metro_pop_weighted_sum,22,57,-0.02821
service_span_hours & dest_metro_pop_weighted_sum,22,58,-0.01908
service_span_hours & dest_metro_pop_weighted_sum,22,59,-0.0161
service_span_hours & dest_metro_pop_weighted_sum,22,60,0.01393
service_span_hours & dest_metro_pop_weighted_sum,22,61,0.0145
service_span_hours & dest_metro_pop_weighted_sum,23,0,-0.04342
service_span_hours & dest_metro_pop_weighted_sum,23,1,-0.0421
service_span_hours & dest_metro_pop_weighted_sum,23,2,-0.02902
service_span_hours & dest_metro_pop_weighted_sum,23,3,-0.03443
service_span_hours & dest_metro_pop_weighted_sum,23,4,-0.03609
service_span_hours & dest_metro_pop_weighted_sum,23,5,-0.03661
service_span_hours & dest_metro_pop_weighted_sum,23,6,-0.03646
service_span_hours & dest_metro_pop_weighted_sum,23,7,-0.03614
service_span_hours & dest_metro_pop_weighted_sum,23,8,-0.03645
service_span_hours & dest_metro_pop_weighted_sum,23,9,-0.03656
service_span_hours & dest_metro_pop_weighted_sum,23,10,-0.03315
service_span_hours & dest_metro_pop_weighted_sum,23,11,0.0114
service_span_hours & dest_metro_pop_weighted_sum,23,12,0.01077
service_span_hours & dest_metro_pop_weighted_sum,23,13,0.00638
service_span_hours & dest_metro_pop_weighted_sum,23,14,0.00648
service_span_hours & dest_metro_pop_weighted_sum,23,15,0.00188
service_span_hours & dest_metro_pop_weighted_sum,23,16,-0.0035
service_span_hours & dest_metro_pop_weighted_sum,23,17,-0.00317
service_span_hours & dest_metro_pop_weighted_sum,23,18,-0.00323
service_span_hours & dest_metro_pop_weighted_sum,23,19,0.0006
service_span_hours & dest_metro_pop_weighted_sum,23,20,1e-05
service_span_hours & dest_metro_pop_weighted_sum,23,21,-0.00017
service_span_hours & dest_metro_pop_weighted_sum,23,22,-0.00029
service_span_hours & dest_metro_pop_weighted_sum,23,23,-0.00059
service_span_hours & dest_metro_pop_weighted_sum,23,24,-0.00078
service_span_hours & dest_metro_pop_weighted_sum,23,25,-0.00094
service_span_hours & dest_metro_pop_weighted_sum,23,26,0.00165
service_span_hours & dest_metro_pop_weighted_sum,23,27,0.00189
service_span_hours & dest_metro_pop_weighted_sum,23,28,0.00403
service_span_hours & dest_metro_pop_weighted_sum,23,29,0.00388
service_span_hours & dest_metro_pop_weighted_sum,23,30,0.01467
service_span_hours & dest_metro_pop_weighted_sum,23,31,0.01726
service_span_hours & dest_metro_pop_weighted_sum,23,32,0.01993
service_span_hours & dest_metro_pop_weighted_sum,23,33,0.0199
service_span_hours & dest_metro_pop_weighted_sum,23,34,0.01969
service_span_hours & dest_metro_pop_weighted_sum,23,35,0.01086
service_span_hours & dest_metro_pop_weighted_sum,23,36,0.01033
service_span_hours & dest_metro_pop_weighted_sum,23,37,0.00997
service_span_hours & dest_metro_pop_weighted_sum,23,38,0.01005
service_span_hours & dest_metro_pop_weighted_sum,23,39,0.01048
service_span_hours & dest_metro_pop_weighted_sum,23,40,0.0103
service_span_hours & dest_metro_pop_weighted_sum,23,41,0.00924
service_span_hours & dest_metro_pop_weighted_sum,23,42,0.00896
service_span_hours & dest_metro_pop_weighted_sum,23,43,0.00893
service_span_hours & dest_metro_pop_weighted_sum,23,44,0.00879
service_span_hours & dest_metro_pop_weighted_sum,23,45,0.0226
service_span_hours & dest_metro_pop_weighted_sum,23,46,0.02286
service_span_hours & dest_metro_pop_weighted_sum,23,47,0.02385
service_span_hours & dest_metro_pop_weighted_sum,23,48,0.02432
service_span_hours & dest_metro_pop_weighted_sum,23,49,0.03864
service_span_hours & dest_metro_pop_weighted_sum,23,50,0.03722
service_span_hours & dest_metro_pop_weighted_sum,23,51,0.03732
service_span_hours & dest_metro_pop_weighted_sum,23,52,0.03576
service_span_hours & dest_metro_pop_weighted_sum,23,53,0.01865
service_span_hours & dest_metro_pop_weighted_sum,23,54,-0.01665
service_span_hours & dest_metro_pop_weighted_sum,23,55,-0.02579
service_span_hours & dest_metro_pop_weighted_sum,23,56,-0.02877
service_span_hours & dest_metro_pop_weighted_sum,23,57,-0.02916
service_span_hours & dest_metro_pop_weighted_sum,23,58,-0.02003
service_span_hours & dest_metro_pop_weighted_sum,23,59,-0.01705
service_span_hours & dest_metro_pop_weighted_sum,23,60,0.01299
service_span_hours & dest_metro_pop_weighted_sum,23,61,0.01355
service_span_hours & dest_metro_pop_weighted_sum,24,0,-0.06943
service_span_hours & dest_metro_pop_weighted_sum,24,1,-0.06812
service_span_hours & dest_metro_pop_weighted_sum,24,2,-0.05575
service_span_hours & dest_metro_pop_weighted_sum,24,3,-0.06051
service_span_hours & dest_metro_pop_weighted_sum,24,4,-0.06217
service_span_hours & dest_metro_pop_weighted_sum,24,5,-0.06158
service_span_hours & dest_metro_pop_weighted_sum,24,6,-0.06143
service_span_hours & dest_metro_pop_weighted_sum,24,7,-0.0611
service_span_hours & dest_metro_pop_weighted_sum,24,8,-0.06141
service_span_hours & dest_metro_pop_weighted_sum,24,9,-0.06152
service_span_hours & dest_metro_pop_weighted_sum,24,10,-0.05599
service_span_hours & dest_metro_pop_weighted_sum,24,11,-0.01144
service_span_hours & dest_metro_pop_weighted_sum,24,12,-0.00954
service_span_hours & dest_metro_pop_weighted_sum,24,13,-0.00331
service_span_hours & dest_metro_pop_weighted_sum,24,14,-0.00321
service_span_hours & dest_metro_pop_weighted_sum,24,15,-0.00723
service_span_hours & dest_metro_pop_weighted_sum,24,16,-0.00611
service_span_hours & dest_metro_pop_weighted_sum,24,17,-0.00578
service_span_hours & dest_metro_pop_weighted_sum,24,18,-0.00585
service_span_hours & dest_metro_pop_weighted_sum,24,19,-0.00202
service_span_hours & dest_metro_pop_weighted_sum,24,20,-0.00261
service_span_hours & dest_metro_pop_weighted_sum,24,21,-0.00278
service_span_hours & dest_metro_pop_weighted_sum,24,22,-0.00274
service_span_hours & dest_metro_pop_weighted_sum,24,23,-0.00304
service_span_hours & dest_metro_pop_weighted_sum,24,24,-0.00323
service_span_hours & dest_metro_pop_weighted_sum,24,25,-0.00339
service_span_hours & dest_metro_pop_weighted_sum,24,26,-0.00069
service_span_hours & dest_metro_pop_weighted_sum,24,27,-0.00045
service_span_hours & dest_metro_pop_weighted_sum,24,28,0.00169
service_span_hours & dest_metro_pop_weighted_sum,24,29,0.00152
service_span_hours & dest_metro_pop_weighted_sum,24,30,0.01231
service_span_hours & dest_metro_pop_weighted_sum,24,31,0.01449
service_span_hours & dest_metro_pop_weighted_sum,24,32,0.0156
service_span_hours & dest_metro_pop_weighted_sum,24,33,0.01556
service_span_hours & dest_metro_pop_weighted_sum,24,34,0.01543
service_span_hours & dest_metro_pop_weighted_sum,24,35,0.00668
service_span_hours & dest_metro_pop_weighted_sum,24,36,0.00614
service_span_hours & dest_metro_pop_weighted_sum,24,37,0.00578
service_span_hours & dest_metro_pop_weighted_sum,24,38,0.00608
service_span_hours & dest_metro_pop_weighted_sum,24,39,0.00656
service_span_hours & dest_metro_pop_weighted_sum,24,40,0.00638
service_span_hours & dest_metro_pop_weighted_sum,24,41,0.00531
service_span_hours & dest_metro_pop_weighted_sum,24,42,0.00503
service_span_hours & dest_metro_pop_weighted_sum,24,43,0.00508
service_span_hours & dest_metro_pop_weighted_sum,24,44,0.00494
service_span_hours & dest_metro_pop_weighted_sum,24,45,0.01875
service_span_hours & dest_metro_pop_weighted_sum,24,46,0.01907
service_span_hours & dest_metro_pop_weighted_sum,24,47,0.02006
service_span_hours & dest_metro_pop_weighted_sum,24,48,0.02053
service_span_hours & dest_metro_pop_weighted_sum,24,49,0.035
service_span_hours & dest_metro_pop_weighted_sum,24,50,0.03355
service_span_hours & dest_metro_pop_weighted_sum,24,51,0.03365
service_span_hours & dest_metro_pop_weighted_sum,24,52,0.03207
service_span_hours & dest_metro_pop_weighted_sum,24,53,0.01495
service_span_hours & dest_metro_pop_weighted_sum,24,54,-0.02035
service_span_hours & dest_metro_pop_weighted_sum,24,55,-0.02949
service_span_hours & dest_metro_pop_weighted_sum,24,56,-0.03246
service_span_hours & dest_metro_pop_weighted_sum,24,57,-0.03285
service_span_hours & dest_metro_pop_weighted_sum,24,58,-0.02372
service_span_hours & dest_metro_pop_weighted_sum,24,59,-0.02027
service_span_hours & dest_metro_pop_weighted_sum,24,60,0.00977
service_span_hours & dest_metro_pop_weighted_sum,24,61,0.01033
service_span_hours & dest_metro_pop_weighted_sum,25,0,-0.10936
service_span_hours & dest_metro_pop_weighted_sum,25,1,-0.10805
service_span_hours & dest_metro_pop_weighted_sum,25,2,-0.09568
service_span_hours & dest_metro_pop_weighted_sum,25,3,-0.10044
service_span_hours & dest_metro_pop_weighted_sum,25,4,-0.10193
service_span_hours & dest_metro_pop_weighted_sum,25,5,-0.10133
service_span_hours & dest_metro_pop_weighted_sum,25,6,-0.10118
service_span_hours & dest_metro_pop_weighted_sum,25,7,-0.10086
service_span_hours & dest_metro_pop_weighted_sum,25,8,-0.10064
service_span_hours & dest_metro_pop_weighted_sum,25,9,-0.10074
service_span_hours & dest_metro_pop_weighted_sum,25,10,-0.09522
service_span_hours & dest_metro_pop_weighted_sum,25,11,-0.05067
service_span_hours & dest_metro_pop_weighted_sum,25,12,-0.04876
service_span_hours & dest_metro_pop_weighted_sum,25,13,-0.04253
service_span_hours & dest_metro_pop_weighted_sum,25,14,-0.04193
service_span_hours & dest_metro_pop_weighted_sum,25,15,-0.042
service_span_hours & dest_metro_pop_weighted_sum,25,16,-0.00704
service_span_hours & dest_metro_pop_weighted_sum,25,17,-0.00671
service_span_hours & dest_metro_pop_weighted_sum,25,18,-0.00677
service_span_hours & dest_metro_pop_weighted_sum,25,19,-0.00294
service_span_hours & dest_metro_pop_weighted_sum,25,20,-0.00354
service_span_hours & dest_metro_pop_weighted_sum,25,21,-0.0037
service_span_hours & dest_metro_pop_weighted_sum,25,22,-0.00366
service_span_hours & dest_metro_pop_weighted_sum,25,23,-0.00397
service_span_hours & dest_metro_pop_weighted_sum,25,24,-0.00416
service_span_hours & dest_metro_pop_weighted_sum,25,25,-0.00432
service_span_hours & dest_metro_pop_weighted_sum,25,26,-0.00162
service_span_hours & dest_metro_pop_weighted_sum,25,27,-0.00136
service_span_hours & dest_metro_pop_weighted_sum,25,28,0.00078
service_span_hours & dest_metro_pop_weighted_sum,25,29,0.00065
service_span_hours & dest_metro_pop_weighted_sum,25,30,0.01144
service_span_hours & dest_metro_pop_weighted_sum,25,31,0.01364
service_span_hours & dest_metro_pop_weighted_sum,25,32,0.01475
service_span_hours & dest_metro_pop_weighted_sum,25,33,0.0147
service_span_hours & dest_metro_pop_weighted_sum,25,34,0.01475
service_span_hours & dest_metro_pop_weighted_sum,25,35,0.00599
service_span_hours & dest_metro_pop_weighted_sum,25,36,0.00562
service_span_hours & dest_metro_pop_weighted_sum,25,37,0.00552
service_span_hours & dest_metro_pop_weighted_sum,25,38,0.00583
service_span_hours & dest_metro_pop_weighted_sum,25,39,0.00642
service_span_hours & dest_metro_pop_weighted_sum,25,40,0.00623
service_span_hours & dest_metro_pop_weighted_sum,25,41,0.00517
service_span_hours & dest_metro_pop_weighted_sum,25,42,0.00499
service_span_hours & dest_metro_pop_weighted_sum,25,43,0.00504
service_span_hours & dest_metro_pop_weighted_sum,25,44,0.0049
service_span_hours & dest_metro_pop_weighted_sum,25,45,0.01878
service_span_hours & dest_metro_pop_weighted_sum,25,46,0.0191
service_span_hours & dest_metro_pop_weighted_sum,25,47,0.02023
service_span_hours & dest_metro_pop_weighted_sum,25,48,0.0207
service_span_hours & dest_metro_pop_weighted_sum,25,49,0.03518
service_span_hours & dest_metro_pop_weighted_sum,25,50,0.03373
service_span_hours & dest_metro_pop_weighted_sum,25,51,0.03384
service_span_hours & dest_metro_pop_weighted_sum,25,52,0.03226
service_span_hours & dest_metro_pop_weighted_sum,25,53,0.01855
service_span_hours & dest_metro_pop_weighted_sum,25,54,-0.01674
service_span_hours & dest_metro_pop_weighted_sum,25,55,-0.02589
service_span_hours & dest_metro_pop_weighted_sum,25,56,-0.02886
service_span_hours & dest_metro_pop_weighted_sum,25,57,-0.02925
service_span_hours & dest_metro_pop_weighted_sum,25,58,-0.02012
service_span_hours & dest_metro_pop_weighted_sum,25,59,-0.01667
service_span_hours & dest_metro_pop_weighted_sum,25,60,0.01338
service_span_hours & dest_metro_pop_weighted_sum,25,61,0.01395
service_span_hours & dest_metro_pop_weighted_sum,26,0,-0.11432
service_span_hours & dest_metro_pop_weighted_sum,26,1,-0.113
service_span_hours & dest_metro_pop_weighted_sum,26,2,-0.10063
service_span_hours & dest_metro_pop_weighted_sum,26,3,-0.10526
service_span_hours & dest_metro_pop_weighted_sum,26,4,-0.10676
service_span_hours & dest_metro_pop_weighted_sum,26,5,-0.10539
service_span_hours & dest_metro_pop_weighted_sum,26,6,-0.10524
service_span_hours & dest_metro_pop_weighted_sum,26,7,-0.10491
service_span_hours & dest_metro_pop_weighted_sum,26,8,-0.10469
service_span_hours & dest_metro_pop_weighted_sum,26,9,-0.1048
service_span_hours & dest_metro_pop_weighted_sum,26,10,-0.09927
service_span_hours & dest_metro_pop_weighted_sum,26,11,-0.05472
service_span_hours & dest_metro_pop_weighted_sum,26,12,-0.05281
service_span_hours & dest_metro_pop_weighted_sum,26,13,-0.04658
service_span_hours & dest_metro_pop_weighted_sum,26,14,-0.04598
service_span_hours & dest_metro_pop_weighted_sum,26,15,-0.04605
service_span_hours & dest_metro_pop_weighted_sum,26,16,-0.00769
service_span_hours & dest_metro_pop_weighted_sum,26,17,-0.00736
service_span_hours & dest_metro_pop_weighted_sum,26,18,-0.00742
service_span_hours & dest_metro_pop_weighted_sum,26,19,-0.00359
service_span_hours & dest_metro_pop_weighted_sum,26,20,-0.00419
service_span_hours & dest_metro_pop_weighted_sum,26,21,-0.00433
service_span_hours & dest_metro_pop_weighted_sum,26,22,-0.00429
service_span_hours & dest_metro_pop_weighted_sum,26,23,-0.00434
service_span_hours & dest_metro_pop_weighted_sum,26,24,-0.0043
service_span_hours & dest_metro_pop_weighted_sum,26,25,-0.00446
service_span_hours & dest_metro_pop_weighted_sum,26,26,-0.00175
service_span_hours & dest_metro_pop_weighted_sum,26,27,-0.00149
service_span_hours & dest_metro_pop_weighted_sum,26,28,0.00064
service_span_hours & dest_metro_pop_weighted_sum,26,29,0.00052
service_span_hours & dest_metro_pop_weighted_sum,26,30,0.0113
service_span_hours & dest_metro_pop_weighted_sum,26,31,0.01351
service_span_hours & dest_metro_pop_weighted_sum,26,32,0.01462
service_span_hours & dest_metro_pop_weighted_sum,26,33,0.01455
service_span_hours & dest_metro_pop_weighted_sum,26,34,0.0146
service_span_hours & dest_metro_pop_weighted_sum,26,35,0.006
service_span_hours & dest_metro_pop_weighted_sum,26,36,0.00563
service_span_hours & dest_metro_pop_weighted_sum,26,37,0.00553
service_span_hours & dest_metro_pop_weighted_sum,26,38,0.00583
service_span_hours & dest_metro_pop_weighted_sum,26,39,0.00642
service_span_hours & dest_metro_pop_weighted_sum,26,40,0.00624
service_span_hours & dest_metro_pop_weighted_sum,26,41,0.0052
service_span_hours & dest_metro_pop_weighted_sum,26,42,0.00502
service_span_hours & dest_metro_pop_weighted_sum,26,43,0.00513
service_span_hours & dest_metro_pop_weighted_sum,26,44,0.00504
service_span_hours & dest_metro_pop_weighted_sum,26,45,0.01893
service_span_hours & dest_metro_pop_weighted_sum,26,46,0.01925
service_span_hours & dest_metro_pop_weighted_sum,26,47,0.02037
service_span_hours & dest_metro_pop_weighted_sum,26,48,0.02085
service_span_hours & dest_metro_pop_weighted_sum,26,49,0.03533
service_span_hours & dest_metro_pop_weighted_sum,26,50,0.03388
service_span_hours & dest_metro_pop_weighted_sum,26,51,0.03399
service_span_hours & dest_metro_pop_weighted_sum,26,52,0.03241
service_span_hours & dest_metro_pop_weighted_sum,26,53,0.01874
service_span_hours & dest_metro_pop_weighted_sum,26,54,-0.01656
service_span_hours & dest_metro_pop_weighted_sum,26,55,-0.02571
service_span_hours & dest_metro_pop_weighted_sum,26,56,-0.02868
service_span_hours & dest_metro_pop_weighted_sum,26,57,-0.02907
service_span_hours & dest_metro_pop_weighted_sum,26,58,-0.01994
service_span_hours & dest_metro_pop_weighted_sum,26,59,-0.01649
service_span_hours & dest_metro_pop_weighted_sum,26,60,0.01358
service_span_hours & dest_metro_pop_weighted_sum,26,61,0.0142
service_span_hours & dest_metro_pop_weighted_sum,27,0,-0.11474
service_span_hours & dest_metro_pop_weighted_sum,27,1,-0.11342
service_span_hours & dest_metro_pop_weighted_sum,27,2,-0.10106
service_span_hours & dest_metro_pop_weighted_sum,27,3,-0.10569
service_span_hours & dest_metro_pop_weighted_sum,27,4,-0.10718
service_span_hours & dest_metro_pop_weighted_sum,27,5,-0.10581
service_span_hours & dest_metro_pop_weighted_sum,27,6,-0.10566
service_span_hours & dest_metro_pop_weighted_sum,27,7,-0.10533
service_span_hours & dest_metro_pop_weighted_sum,27,8,-0.10507
service_span_hours & dest_metro_pop_weighted_sum,27,9,-0.1051
service_span_hours & dest_metro_pop_weighted_sum,27,10,-0.09957
service_span_hours & dest_metro_pop_weighted_sum,27,11,-0.05502
service_span_hours & dest_metro_pop_weighted_sum,27,12,-0.05311
service_span_hours & dest_metro_pop_weighted_sum,27,13,-0.04688
service_span_hours & dest_metro_pop_weighted_sum,27,14,-0.04628
service_span_hours & dest_metro_pop_weighted_sum,27,15,-0.04635
service_span_hours & dest_metro_pop_weighted_sum,27,16,-0.00799
service_span_hours & dest_metro_pop_weighted_sum,27,17,-0.00766
service_span_hours & dest_metro_pop_weighted_sum,27,18,-0.00772
service_span_hours & dest_metro_pop_weighted_sum,27,19,-0.00389
service_span_hours & dest_metro_pop_weighted_sum,27,20,-0.00449
service_span_hours & dest_metro_pop_weighted_sum,27,21,-0.00463
service_span_hours & dest_metro_pop_weighted_sum,27,22,-0.00459
service_span_hours & dest_metro_pop_weighted_sum,27,23,-0.00464
service_span_hours & dest_metro_pop_weighted_sum,27,24,-0.0046
service_span_hours & dest_metro_pop_weighted_sum,27,25,-0.00476
service_span_hours & dest_metro_pop_weighted_sum,27,26,-0.00205
service_span_hours & dest_metro_pop_weighted_sum,27,27,-0.00178
service_span_hours & dest_metro_pop_weighted_sum,27,28,0.00035
service_span_hours & dest_metro_pop_weighted_sum,27,29,0.00025
service_span_hours & dest_metro_pop_weighted_sum,27,30,0.01104
service_span_hours & dest_metro_pop_weighted_sum,27,31,0.01324
service_span_hours & dest_metro_pop_weighted_sum,27,32,0.01443
service_span_hours & dest_metro_pop_weighted_sum,27,33,0.01436
service_span_hours & dest_metro_pop_weighted_sum,27,34,0.01441
service_span_hours & dest_metro_pop_weighted_sum,27,35,0.00581
service_span_hours & dest_metro_pop_weighted_sum,27,36,0.00544
service_span_hours & dest_metro_pop_weighted_sum,27,37,0.00534
service_span_hours & dest_metro_pop_weighted_sum,27,38,0.00565
service_span_hours & dest_metro_pop_weighted_sum,27,39,0.00624
service_span_hours & dest_metro_pop_weighted_sum,27,40,0.00605
service_span_hours & dest_metro_pop_weighted_sum,27,41,0.00519
service_span_hours & dest_metro_pop_weighted_sum,27,42,0.00502
service_span_hours & dest_metro_pop_weighted_sum,27,43,0.0052
service_span_hours & dest_metro_pop_weighted_sum,27,44,0.00512
service_span_hours & dest_metro_pop_weighted_sum,27,45,0.019
service_span_hours & dest_metro_pop_weighted_sum,27,46,0.01932
service_span_hours & dest_metro_pop_weighted_sum,27,47,0.02045
service_span_hours & dest_metro_pop_weighted_sum,27,48,0.02092
service_span_hours & dest_metro_pop_weighted_sum,27,49,0.0354
service_span_hours & dest_metro_pop_weighted_sum,27,50,0.034
service_span_hours & dest_metro_pop_weighted_sum,27,51,0.03411
service_span_hours & dest_metro_pop_weighted_sum,27,52,0.0326
service_span_hours & dest_metro_pop_weighted_sum,27,53,0.01893
service_span_hours & dest_metro_pop_weighted_sum,27,54,-0.01637
service_span_hours & dest_metro_pop_weighted_sum,27,55,-0.02552
service_span_hours & dest_metro_pop_weighted_sum,27,56,-0.02849
service_span_hours & dest_metro_pop_weighted_sum,27,57,-0.02888
service_span_hours & dest_metro_pop_weighted_sum,27,58,-0.01965
service_span_hours & dest_metro_pop_weighted_sum,27,59,-0.0162
service_span_hours & dest_metro_pop_weighted_sum,27,60,0.01387
service_span_hours & dest_metro_pop_weighted_sum,27,61,0.01451
service_span_hours & dest_metro_pop_weighted_sum,28,0,-0.10161
service_span_hours & dest_metro_pop_weighted_sum,28,1,-0.10029
service_span_hours & dest_metro_pop_weighted_sum,28,2,-0.08793
service_span_hours & dest_metro_pop_weighted_sum,28,3,-0.09256
service_span_hours & dest_metro_pop_weighted_sum,28,4,-0.09405
service_span_hours & dest_metro_pop_weighted_sum,28,5,-0.09268
service_span_hours & dest_metro_pop_weighted_sum,28,6,-0.09206
service_span_hours & dest_metro_pop_weighted_sum,28,7,-0.09173
service_span_hours & dest_metro_pop_weighted_sum,28,8,-0.09147
service_span_hours & dest_metro_pop_weighted_sum,28,9,-0.0915
service_span_hours & dest_metro_pop_weighted_sum,28,10,-0.0855
service_span_hours & dest_metro_pop_weighted_sum,28,11,-0.04095
service_span_hours & dest_metro_pop_weighted_sum,28,12,-0.03904
service_span_hours & dest_metro_pop_weighted_sum,28,13,-0.03282
service_span_hours & dest_metro_pop_weighted_sum,28,14,-0.03222
service_span_hours & dest_metro_pop_weighted_sum,28,15,-0.032
service_span_hours & dest_metro_pop_weighted_sum,28,16,0.00637
service_span_hours & dest_metro_pop_weighted_sum,28,17,0.0067
service_span_hours & dest_metro_pop_weighted_sum,28,18,0.00663
service_span_hours & dest_metro_pop_weighted_sum,28,19,0.01046
service_span_hours & dest_metro_pop_weighted_sum,28,20,0.00987
service_span_hours & dest_metro_pop_weighted_sum,28,21,0.00972
service_span_hours & dest_metro_pop_weighted_sum,28,22,0.00976
service_span_hours & dest_metro_pop_weighted_sum,28,23,0.00972
service_span_hours & dest_metro_pop_weighted_sum,28,24,0.00975
service_span_hours & dest_metro_pop_weighted_sum,28,25,0.00973
service_span_hours & dest_metro_pop_weighted_sum,28,26,0.01245
service_span_hours & dest_metro_pop_weighted_sum,28,27,0.01269
service_span_hours & dest_metro_pop_weighted_sum,28,28,0.01482
service_span_hours & dest_metro_pop_weighted_sum,28,29,0.01473
service_span_hours & dest_metro_pop_weighted_sum,28,30,0.02551
service_span_hours & dest_metro_pop_weighted_sum,28,31,0.01807
service_span_hours & dest_metro_pop_weighted_sum,28,32,0.01496
service_span_hours & dest_metro_pop_weighted_sum,28,33,0.01489
service_span_hours & dest_metro_pop_weighted_sum,28,34,0.01494
service_span_hours & dest_metro_pop_weighted_sum,28,35,0.00641
service_span_hours & dest_metro_pop_weighted_sum,28,36,0.00603
service_span_hours & dest_metro_pop_weighted_sum,28,37,0.00613
service_span_hours & dest_metro_pop_weighted_sum,28,38,0.00643
service_span_hours & dest_metro_pop_weighted_sum,28,39,0.00723
service_span_hours & dest_metro_pop_weighted_sum,28,40,0.00705
service_span_hours & dest_metro_pop_weighted_sum,28,41,0.00619
service_span_hours & dest_metro_pop_weighted_sum,28,42,0.00601
service_span_hours & dest_metro_pop_weighted_sum,28,43,0.0062
service_span_hours & dest_metro_pop_weighted_sum,28,44,0.00611
service_span_hours & dest_metro_pop_weighted_sum,28,45,0.02
service_span_hours & dest_metro_pop_weighted_sum,28,46,0.02032
service_span_hours & dest_metro_pop_weighted_sum,28,47,0.02144
service_span_hours & dest_metro_pop_weighted_sum,28,48,0.02197
service_span_hours & dest_metro_pop_weighted_sum,28,49,0.03645
service_span_hours & dest_metro_pop_weighted_sum,28,50,0.03506
service_span_hours & dest_metro_pop_weighted_sum,28,51,0.03517
service_span_hours & dest_metro_pop_weighted_sum,28,52,0.03365
service_span_hours & dest_metro_pop_weighted_sum,28,53,0.01998
service_span_hours & dest_metro_pop_weighted_sum,28,54,-0.01532
service_span_hours & dest_metro_pop_weighted_sum,28,55,-0.02453
service_span_hours & dest_metro_pop_weighted_sum,28,56,-0.0275
service_span_hours & dest_metro_pop_weighted_sum,28,57,-0.02789
service_span_hours & dest_metro_pop_weighted_sum,28,58,-0.02777
service_span_hours & dest_metro_pop_weighted_sum,28,59,-0.02453
service_span_hours & dest_metro_pop_weighted_sum,28,60,0.00554
service_span_hours & dest_metro_pop_weighted_sum,28,61,0.00618
service_span_hours & dest_metro_pop_weighted_sum,29,0,-0.10377
service_span_hours & dest_metro_pop_weighted_sum,29,1,-0.10246
service_span_hours & dest_metro_pop_weighted_sum,29,2,-0.09009
service_span_hours & dest_metro_pop_weighted_sum,29,3,-0.09472
service_span_hours & dest_metro_pop_weighted_sum,29,4,-0.09621
service_span_hours & dest_metro_pop_weighted_sum,29,5,-0.09484
service_span_hours & dest_metro_pop_weighted_sum,29,6,-0.09422
service_span_hours & dest_metro_pop_weighted_sum,29,7,-0.0939
service_span_hours & dest_metro_pop_weighted_sum,29,8,-0.09364
service_span_hours & dest_metro_pop_weighted_sum,29,9,-0.09366
service_span_hours & dest_metro_pop_weighted_sum,29,10,-0.08767
service_span_hours & dest_metro_pop_weighted_sum,29,11,-0.04312
service_span_hours & dest_metro_pop_weighted_sum,29,12,-0.04121
service_span_hours & dest_metro_pop_weighted_sum,29,13,-0.03449
service_span_hours & dest_metro_pop_weighted_sum,29,14,-0.03389
service_span_hours & dest_metro_pop_weighted_sum,29,15,-0.03367
service_span_hours & dest_metro_pop_weighted_sum,29,16,0.00498
service_span_hours & dest_metro_pop_weighted_sum,29,17,0.00577
service_span_hours & dest_metro_pop_weighted_sum,29,18,0.0057
service_span_hours & dest_metro_pop_weighted_sum,29,19,0.00953
service_span_hours & dest_metro_pop_weighted_sum,29,20,0.00933
service_span_hours & dest_metro_pop_weighted_sum,29,21,0.00919
service_span_hours & dest_metro_pop_weighted_sum,29,22,0.00923
service_span_hours & dest_metro_pop_weighted_sum,29,23,0.00918
service_span_hours & dest_metro_pop_weighted_sum,29,24,0.00922
service_span_hours & dest_metro_pop_weighted_sum,29,25,0.00919
service_span_hours & dest_metro_pop_weighted_sum,29,26,0.01191
service_span_hours & dest_metro_pop_weighted_sum,29,27,0.01216
service_span_hours & dest_metro_pop_weighted_sum,29,28,0.01429
service_span_hours & dest_metro_pop_weighted_sum,29,29,0.01419
service_span_hours & dest_metro_pop_weighted_sum,29,30,0.02498
service_span_hours & dest_metro_pop_weighted_sum,29,31,0.01768
service_span_hours & dest_metro_pop_weighted_sum,29,32,0.01457
service_span_hours & dest_metro_pop_weighted_sum,29,33,0.0145
service_span_hours & dest_metro_pop_weighted_sum,29,34,0.01455
service_span_hours & dest_metro_pop_weighted_sum,29,35,0.00602
service_span_hours & dest_metro_pop_weighted_sum,29,36,0.00581
service_span_hours & dest_metro_pop_weighted_sum,29,37,0.00591
service_span_hours & dest_metro_pop_weighted_sum,29,38,0.00642
service_span_hours & dest_metro_pop_weighted_sum,29,39,0.00748
service_span_hours & dest_metro_pop_weighted_sum,29,40,0.00729
service_span_hours & dest_metro_pop_weighted_sum,29,41,0.00663
service_span_hours & dest_metro_pop_weighted_sum,29,42,0.00654
service_span_hours & dest_metro_pop_weighted_sum,29,43,0.00672
service_span_hours & dest_metro_pop_weighted_sum,29,44,0.00664
service_span_hours & dest_metro_pop_weighted_sum,29,45,0.02063
service_span_hours & dest_metro_pop_weighted_sum,29,46,0.02095
service_span_hours & dest_metro_pop_weighted_sum,29,47,0.02207
service_span_hours & dest_metro_pop_weighted_sum,29,48,0.0226
service_span_hours & dest_metro_pop_weighted_sum,29,49,0.03709
service_span_hours & dest_metro_pop_weighted_sum,29,50,0.03569
service_span_hours & dest_metro_pop_weighted_sum,29,51,0.03585
service_span_hours & dest_metro_pop_weighted_sum,29,52,0.03434
service_span_hours & dest_metro_pop_weighted_sum,29,53,0.02067
service_span_hours & dest_metro_pop_weighted_sum,29,54,-0.01463
service_span_hours & dest_metro_pop_weighted_sum,29,55,-0.01636
service_span_hours & dest_metro_pop_weighted_sum,29,56,-0.01832
service_span_hours & dest_metro_pop_weighted_sum,29,57,-0.01871
service_span_hours & dest_metro_pop_weighted_sum,29,58,-0.01856
service_span_hours & dest_metro_pop_weighted_sum,29,59,-0.01532
service_span_hours & dest_metro_pop_weighted_sum,29,60,0.01475
service_span_hours & dest_metro_pop_weighted_sum,29,61,0.01546
service_span_hours & dest_metro_pop_weighted_sum,30,0,-0.10537
service_span_hours & dest_metro_pop_weighted_sum,30,1,-0.10434
service_span_hours & dest_metro_pop_weighted_sum,30,2,-0.09197
service_span_hours & dest_metro_pop_weighted_sum,30,3,-0.09663
service_span_hours & dest_metro_pop_weighted_sum,30,4,-0.09812
service_span_hours & dest_metro_pop_weighted_sum,30,5,-0.09611
service_span_hours & dest_metro_pop_weighted_sum,30,6,-0.09549
service_span_hours & dest_metro_pop_weighted_sum,30,7,-0.09512
service_span_hours & dest_metro_pop_weighted_sum,30,8,-0.09486
service_span_hours & dest_metro_pop_weighted_sum,30,9,-0.09489
service_span_hours & dest_metro_pop_weighted_sum,30,10,-0.08889
service_span_hours & dest_metro_pop_weighted_sum,30,11,-0.04434
service_span_hours & dest_metro_pop_weighted_sum,30,12,-0.04243
service_span_hours & dest_metro_pop_weighted_sum,30,13,-0.0355
service_span_hours & dest_metro_pop_weighted_sum,30,14,-0.0349
service_span_hours & dest_metro_pop_weighted_sum,30,15,-0.03437
service_span_hours & dest_metro_pop_weighted_sum,30,16,0.00435
service_span_hours & dest_metro_pop_weighted_sum,30,17,0.00513
service_span_hours & dest_metro_pop_weighted_sum,30,18,0.00507
service_span_hours & dest_metro_pop_weighted_sum,30,19,0.0089
service_span_hours & dest_metro_pop_weighted_sum,30,20,0.00883
service_span_hours & dest_metro_pop_weighted_sum,30,21,0.00868
service_span_hours & dest_metro_pop_weighted_sum,30,22,0.00872
service_span_hours & dest_metro_pop_weighted_sum,30,23,0.00868
service_span_hours & dest_metro_pop_weighted_sum,30,24,0.00878
service_span_hours & dest_metro_pop_weighted_sum,30,25,0.00876
service_span_hours & dest_metro_pop_weighted_sum,30,26,0.01148
service_span_hours & dest_metro_pop_weighted_sum,30,27,0.01172
service_span_hours & dest_metro_pop_weighted_sum,30,28,0.01391
service_span_hours & dest_metro_pop_weighted_sum,30,29,0.01382
service_span_hours & dest_metro_pop_weighted_sum,30,30,0.02464
service_span_hours & dest_metro_pop_weighted_sum,30,31,0.01737
service_span_hours & dest_metro_pop_weighted_sum,30,32,0.01426
service_span_hours & dest_metro_pop_weighted_sum,30,33,0.01419
service_span_hours & dest_metro_pop_weighted_sum,30,34,0.01424
service_span_hours & dest_metro_pop_weighted_sum,30,35,0.00589
service_span_hours & dest_metro_pop_weighted_sum,30,36,0.00582
service_span_hours & dest_metro_pop_weighted_sum,30,37,0.00591
service_span_hours & dest_metro_pop_weighted_sum,30,38,0.00642
service_span_hours & dest_metro_pop_weighted_sum,30,39,0.00748
service_span_hours & dest_metro_pop_weighted_sum,30,40,0.0073
service_span_hours & dest_metro_pop_weighted_sum,30,41,0.00671
service_span_hours & dest_metro_pop_weighted_sum,30,42,0.00661
service_span_hours & dest_metro_pop_weighted_sum,30,43,0.0068
service_span_hours & dest_metro_pop_weighted_sum,30,44,0.00671
service_span_hours & dest_metro_pop_weighted_sum,30,45,0.02071
service_span_hours & dest_metro_pop_weighted_sum,30,46,0.02102
service_span_hours & dest_metro_pop_weighted_sum,30,47,0.02215
service_span_hours & dest_metro_pop_weighted_sum,30,48,0.02268
service_span_hours & dest_metro_pop_weighted_sum,30,49,0.03727
service_span_hours & dest_metro_pop_weighted_sum,30,50,0.03587
service_span_hours & dest_metro_pop_weighted_sum,30,51,0.03604
service_span_hours & dest_metro_pop_weighted_sum,30,52,0.03452
service_span_hours & dest_metro_pop_weighted_sum,30,53,0.02202
service_span_hours & dest_metro_pop_weighted_sum,30,54,-0.01328
service_span_hours & dest_metro_pop_weighted_sum,30,55,-0.01501
service_span_hours & dest_metro_pop_weighted_sum,30,56,-0.01665
service_span_hours & dest_metro_pop_weighted_sum,30,57,-0.01704
service_span_hours & dest_metro_pop_weighted_sum,30,58,-0.01691
service_span_hours & dest_metro_pop_weighted_sum,30,59,-0.01366
service_span_hours & dest_metro_pop_weighted_sum,30,60,0.01641
service_span_hours & dest_metro_pop_weighted_sum,30,61,0.01712
service_span_hours & dest_metro_pop_weighted_sum,31,0,-0.1204
service_span_hours & dest_metro_pop_weighted_sum,31,1,-0.11937
service_span_hours & dest_metro_pop_weighted_sum,31,2,-0.107
service_span_hours & dest_metro_pop_weighted_sum,31,3,-0.11166
service_span_hours & dest_metro_pop_weighted_sum,31,4,-0.11315
service_span_hours & dest_metro_pop_weighted_sum,31,5,-0.1064
service_span_hours & dest_metro_pop_weighted_sum,31,6,-0.10516
service_span_hours & dest_metro_pop_weighted_sum,31,7,-0.10451
service_span_hours & dest_metro_pop_weighted_sum,31,8,-0.1038
service_span_hours & dest_metro_pop_weighted_sum,31,9,-0.10341
service_span_hours & dest_metro_pop_weighted_sum,31,10,-0.09741
service_span_hours & dest_metro_pop_weighted_sum,31,11,-0.05286
service_span_hours & dest_metro_pop_weighted_sum,31,12,-0.05096
service_span_hours & dest_metro_pop_weighted_sum,31,13,-0.0425
service_span_hours & dest_metro_pop_weighted_sum,31,14,-0.0419
service_span_hours & dest_metro_pop_weighted_sum,31,15,-0.03625
service_span_hours & dest_metro_pop_weighted_sum,31,16,0.0058
service_span_hours & dest_metro_pop_weighted_sum,31,17,0.00658
service_span_hours & dest_metro_pop_weighted_sum,31,18,0.00652
service_span_hours & dest_metro_pop_weighted_sum,31,19,0.01054
service_span_hours & dest_metro_pop_weighted_sum,31,20,0.01047
service_span_hours & dest_metro_pop_weighted_sum,31,21,0.01032
service_span_hours & dest_metro_pop_weighted_sum,31,22,0.01036
service_span_hours & dest_metro_pop_weighted_sum,31,23,0.01031
service_span_hours & dest_metro_pop_weighted_sum,31,24,0.01042
service_span_hours & dest_metro_pop_weighted_sum,31,25,0.0104
service_span_hours & dest_metro_pop_weighted_sum,31,26,0.01313
service_span_hours & dest_metro_pop_weighted_sum,31,27,0.01337
service_span_hours & dest_metro_pop_weighted_sum,31,28,0.01556
service_span_hours & dest_metro_pop_weighted_sum,31,29,0.01546
service_span_hours & dest_metro_pop_weighted_sum,31,30,0.02628
service_span_hours & dest_metro_pop_weighted_sum,31,31,0.01902
service_span_hours & dest_metro_pop_weighted_sum,31,32,0.01591
service_span_hours & dest_metro_pop_weighted_sum,31,33,0.01584
service_span_hours & dest_metro_pop_weighted_sum,31,34,0.01589
service_span_hours & dest_metro_pop_weighted_sum,31,35,0.00754
service_span_hours & dest_metro_pop_weighted_sum,31,36,0.00746
service_span_hours & dest_metro_pop_weighted_sum,31,37,0.00756
service_span_hours & dest_metro_pop_weighted_sum,31,38,0.00807
service_span_hours & dest_metro_pop_weighted_sum,31,39,0.00913
service_span_hours & dest_metro_pop_weighted_sum,31,40,0.00895
service_span_hours & dest_metro_pop_weighted_sum,31,41,0.00855
service_span_hours & dest_metro_pop_weighted_sum,31,42,0.00845
service_span_hours & dest_metro_pop_weighted_sum,31,43,0.00877
service_span_hours & dest_metro_pop_weighted_sum,31,44,0.00869
service_span_hours & dest_metro_pop_weighted_sum,31,45,0.02268
service_span_hours & dest_metro_pop_weighted_sum,31,46,0.0231
service_span_hours & dest_metro_pop_weighted_sum,31,47,0.02422
service_span_hours & dest_metro_pop_weighted_sum,31,48,0.02475
service_span_hours & dest_metro_pop_weighted_sum,31,49,0.0396
service_span_hours & dest_metro_pop_weighted_sum,31,50,0.03833
service_span_hours & dest_metro_pop_weighted_sum,31,51,0.03866
service_span_hours & dest_metro_pop_weighted_sum,31,52,0.03715
service_span_hours & dest_metro_pop_weighted_sum,31,53,0.02464
service_span_hours & dest_metro_pop_weighted_sum,31,54,-0.01066
service_span_hours & dest_metro_pop_weighted_sum,31,55,-0.01238
service_span_hours & dest_metro_pop_weighted_sum,31,56,-0.01401
service_span_hours & dest_metro_pop_weighted_sum,31,57,-0.0144
service_span_hours & dest_metro_pop_weighted_sum,31,58,-0.01419
service_span_hours & dest_metro_pop_weighted_sum,31,59,-0.01095
service_span_hours & dest_metro_pop_weighted_sum,31,60,0.01912
service_span_hours & dest_metro_pop_weighted_sum,31,61,0.01983
service_span_hours & dest_metro_pop_weighted_sum,32,0,-0.12287
service_span_hours & dest_metro_pop_weighted_sum,32,1,-0.12197
service_span_hours & dest_metro_pop_weighted_sum,32,2,-0.1096
service_span_hours & dest_metro_pop_weighted_sum,32,3,-0.11427
service_span_hours & dest_metro_pop_weighted_sum,32,4,-0.11576
service_span_hours & dest_metro_pop_weighted_sum,32,5,-0.10832
service_span_hours & dest_metro_pop_weighted_sum,32,6,-0.1065
service_span_hours & dest_metro_pop_weighted_sum,32,7,-0.10576
service_span_hours & dest_metro_pop_weighted_sum,32,8,-0.10505
service_span_hours & dest_metro_pop_weighted_sum,32,9,-0.10466
service_span_hours & dest_metro_pop_weighted_sum,32,10,-0.09866
service_span_hours & dest_metro_pop_weighted_sum,32,11,-0.05384
service_span_hours & dest_metro_pop_weighted_sum,32,12,-0.05193
service_span_hours & dest_metro_pop_weighted_sum,32,13,-0.04347
service_span_hours & dest_metro_pop_weighted_sum,32,14,-0.04276
service_span_hours & dest_metro_pop_weighted_sum,32,15,-0.03686
service_span_hours & dest_metro_pop_weighted_sum,32,16,0.00519
service_span_hours & dest_metro_pop_weighted_sum,32,17,0.00597
service_span_hours & dest_metro_pop_weighted_sum,32,18,0.00591
service_span_hours & dest_metro_pop_weighted_sum,32,19,0.01
service_span_hours & dest_metro_pop_weighted_sum,32,20,0.01011
service_span_hours & dest_metro_pop_weighted_sum,32,21,0.01002
service_span_hours & dest_metro_pop_weighted_sum,32,22,0.01026
service_span_hours & dest_metro_pop_weighted_sum,32,23,0.01021
service_span_hours & dest_metro_pop_weighted_sum,32,24,0.01031
service_span_hours & dest_metro_pop_weighted_sum,32,25,0.0103
service_span_hours & dest_metro_pop_weighted_sum,32,26,0.01302
service_span_hours & dest_metro_pop_weighted_sum,32,27,0.01326
service_span_hours & dest_metro_pop_weighted_sum,32,28,0.01546
service_span_hours & dest_metro_pop_weighted_sum,32,29,0.01536
service_span_hours & dest_metro_pop_weighted_sum,32,30,0.02613
service_span_hours & dest_metro_pop_weighted_sum,32,31,0.01887
service_span_hours & dest_metro_pop_weighted_sum,32,32,0.01576
service_span_hours & dest_metro_pop_weighted_sum,32,33,0.0158
service_span_hours & dest_metro_pop_weighted_sum,32,34,0.01586
service_span_hours & dest_metro_pop_weighted_sum,32,35,0.0075
service_span_hours & dest_metro_pop_weighted_sum,32,36,0.00743
service_span_hours & dest_metro_pop_weighted_sum,32,37,0.00753
service_span_hours & dest_metro_pop_weighted_sum,32,38,0.00804
service_span_hours & dest_metro_pop_weighted_sum,32,39,0.0091
service_span_hours & dest_metro_pop_weighted_sum,32,40,0.00891
service_span_hours & dest_metro_pop_weighted_sum,32,41,0.00851
service_span_hours & dest_metro_pop_weighted_sum,32,42,0.00849
service_span_hours & dest_metro_pop_weighted_sum,32,43,0.00886
service_span_hours & dest_metro_pop_weighted_sum,32,44,0.00878
service_span_hours & dest_metro_pop_weighted_sum,32,45,0.02277
service_span_hours & dest_metro_pop_weighted_sum,32,46,0.02319
service_span_hours & dest_metro_pop_weighted_sum,32,47,0.02434
service_span_hours & dest_metro_pop_weighted_sum,32,48,0.02487
service_span_hours & dest_metro_pop_weighted_sum,32,49,0.03972
service_span_hours & dest_metro_pop_weighted_sum,32,50,0.03845
service_span_hours & dest_metro_pop_weighted_sum,32,51,0.03878
service_span_hours & dest_metro_pop_weighted_sum,32,52,0.03741
service_span_hours & dest_metro_pop_weighted_sum,32,53,0.02494
service_span_hours & dest_metro_pop_weighted_sum,32,54,-0.01032
service_span_hours & dest_metro_pop_weighted_sum,32,55,-0.01205
service_span_hours & dest_metro_pop_weighted_sum,32,56,-0.01368
service_span_hours & dest_metro_pop_weighted_sum,32,57,-0.01405
service_span_hours & dest_metro_pop_weighted_sum,32,58,-0.01384
service_span_hours & dest_metro_pop_weighted_sum,32,59,-0.0106
service_span_hours & dest_metro_pop_weighted_sum,32,60,0.01947
service_span_hours & dest_metro_pop_weighted_sum,32,61,0.02018
service_span_hours & dest_metro_pop_weighted_sum,33,0,-0.13274
service_span_hours & dest_metro_pop_weighted_sum,33,1,-0.13184
service_span_hours & dest_metro_pop_weighted_sum,33,2,-0.11948
service_span_hours & dest_metro_pop_weighted_sum,33,3,-0.12414
service_span_hours & dest_metro_pop_weighted_sum,33,4,-0.12547
service_span_hours & dest_metro_pop_weighted_sum,33,5,-0.11703
service_span_hours & dest_metro_pop_weighted_sum,33,6,-0.11499
service_span_hours & dest_metro_pop_weighted_sum,33,7,-0.11425
service_span_hours & dest_metro_pop_weighted_sum,33,8,-0.11354
service_span_hours & dest_metro_pop_weighted_sum,33,9,-0.11315
service_span_hours & dest_metro_pop_weighted_sum,33,10,-0.10715
service_span_hours & dest_metro_pop_weighted_sum,33,11,-0.06233
service_span_hours & dest_metro_pop_weighted_sum,33,12,-0.06031
service_span_hours & dest_metro_pop_weighted_sum,33,13,-0.05146
service_span_hours & dest_metro_pop_weighted_sum,33,14,-0.05059
service_span_hours & dest_metro_pop_weighted_sum,33,15,-0.04416
service_span_hours & dest_metro_pop_weighted_sum,33,16,-0.0021
service_span_hours & dest_metro_pop_weighted_sum,33,17,-0.00132
service_span_hours & dest_metro_pop_weighted_sum,33,18,-0.00138
service_span_hours & dest_metro_pop_weighted_sum,33,19,0.00303
service_span_hours & dest_metro_pop_weighted_sum,33,20,0.00314
service_span_hours & dest_metro_pop_weighted_sum,33,21,0.00305
service_span_hours & dest_metro_pop_weighted_sum,33,22,0.00329
service_span_hours & dest_metro_pop_weighted_sum,33,23,0.00356
service_span_hours & dest_metro_pop_weighted_sum,33,24,0.00379
service_span_hours & dest_metro_pop_weighted_sum,33,25,0.004
service_span_hours & dest_metro_pop_weighted_sum,33,26,0.00672
service_span_hours & dest_metro_pop_weighted_sum,33,27,0.00713
service_span_hours & dest_metro_pop_weighted_sum,33,28,0.00932
service_span_hours & dest_metro_pop_weighted_sum,33,29,0.00922
service_span_hours & dest_metro_pop_weighted_sum,33,30,0.02
service_span_hours & dest_metro_pop_weighted_sum,33,31,0.01273
service_span_hours & dest_metro_pop_weighted_sum,33,32,0.00962
service_span_hours & dest_metro_pop_weighted_sum,33,33,0.00967
service_span_hours & dest_metro_pop_weighted_sum,33,34,0.00972
service_span_hours & dest_metro_pop_weighted_sum,33,35,0.00136
service_span_hours & dest_metro_pop_weighted_sum,33,36,0.00129
service_span_hours & dest_metro_pop_weighted_sum,33,37,0.00139
service_span_hours & dest_metro_pop_weighted_sum,33,38,0.00189
service_span_hours & dest_metro_pop_weighted_sum,33,39,0.00296
service_span_hours & dest_metro_pop_weighted_sum,33,40,0.00296
service_span_hours & dest_metro_pop_weighted_sum,33,41,0.00255
service_span_hours & dest_metro_pop_weighted_sum,33,42,0.00253
service_span_hours & dest_metro_pop_weighted_sum,33,43,0.00291
service_span_hours & dest_metro_pop_weighted_sum,33,44,0.00282
service_span_hours & dest_metro_pop_weighted_sum,33,45,0.01681
service_span_hours & dest_metro_pop_weighted_sum,33,46,0.01723
service_span_hours & dest_metro_pop_weighted_sum,33,47,0.01838
service_span_hours & dest_metro_pop_weighted_sum,33,48,0.01891
service_span_hours & dest_metro_pop_weighted_sum,33,49,0.03376
service_span_hours & dest_metro_pop_weighted_sum,33,50,0.0327
service_span_hours & dest_metro_pop_weighted_sum,33,51,0.03303
service_span_hours & dest_metro_pop_weighted_sum,33,52,0.03166
service_span_hours & dest_metro_pop_weighted_sum,33,53,0.02044
service_span_hours & dest_metro_pop_weighted_sum,33,54,-0.00297
service_span_hours & dest_metro_pop_weighted_sum,33,55,-0.0047
service_span_hours & dest_metro_pop_weighted_sum,33,56,-0.00633
service_span_hours & dest_metro_pop_weighted_sum,33,57,-0.00645
service_span_hours & dest_metro_pop_weighted_sum,33,58,-0.00624
service_span_hours & dest_metro_pop_weighted_sum,33,59,-0.00299
service_span_hours & dest_metro_pop_weighted_sum,33,60,0.02708
service_span_hours & dest_metro_pop_weighted_sum,33,61,0.02779
service_span_hours & dest_metro_pop_weighted_sum,34,0,-0.17751
service_span_hours & dest_metro_pop_weighted_sum,34,1,-0.17661
service_span_hours & dest_metro_pop_weighted_sum,34,2,-0.16433
service_span_hours & dest_metro_pop_weighted_sum,34,3,-0.16904
service_span_hours & dest_metro_pop_weighted_sum,34,4,-0.17038
service_span_hours & dest_metro_pop_weighted_sum,34,5,-0.16194
service_span_hours & dest_metro_pop_weighted_sum,34,6,-0.15918
service_span_hours & dest_metro_pop_weighted_sum,34,7,-0.15844
service_span_hours & dest_metro_pop_weighted_sum,34,8,-0.15773
service_span_hours & dest_metro_pop_weighted_sum,34,9,-0.15734
service_span_hours & dest_metro_pop_weighted_sum,34,10,-0.15134
service_span_hours & dest_metro_pop_weighted_sum,34,11,-0.10586
service_span_hours & dest_metro_pop_weighted_sum,34,12,-0.10384
service_span_hours & dest_metro_pop_weighted_sum,34,13,-0.09415
service_span_hours & dest_metro_pop_weighted_sum,34,14,-0.09328
service_span_hours & dest_metro_pop_weighted_sum,34,15,-0.08685
service_span_hours & dest_metro_pop_weighted_sum,34,16,-0.04437
service_span_hours & dest_metro_pop_weighted_sum,34,17,-0.04359
service_span_hours & dest_metro_pop_weighted_sum,34,18,-0.04366
service_span_hours & dest_metro_pop_weighted_sum,34,19,-0.03925
service_span_hours & dest_metro_pop_weighted_sum,34,20,-0.03914
service_span_hours & dest_metro_pop_weighted_sum,34,21,-0.03922
service_span_hours & dest_metro_pop_weighted_sum,34,22,-0.03899
service_span_hours & dest_metro_pop_weighted_sum,34,23,-0.03871
service_span_hours & dest_metro_pop_weighted_sum,34,24,-0.03849
service_span_hours & dest_metro_pop_weighted_sum,34,25,-0.03805
service_span_hours & dest_metro_pop_weighted_sum,34,26,-0.03533
service_span_hours & dest_metro_pop_weighted_sum,34,27,-0.03493
service_span_hours & dest_metro_pop_weighted_sum,34,28,-0.03273
service_span_hours & dest_metro_pop_weighted_sum,34,29,-0.03283
service_span_hours & dest_metro_pop_weighted_sum,34,30,-0.02198
service_span_hours & dest_metro_pop_weighted_sum,34,31,-0.02925
service_span_hours & dest_metro_pop_weighted_sum,34,32,-0.03236
service_span_hours & dest_metro_pop_weighted_sum,34,33,-0.03231
service_span_hours & dest_metro_pop_weighted_sum,34,34,-0.03226
service_span_hours & dest_metro_pop_weighted_sum,34,35,-0.04061
service_span_hours & dest_metro_pop_weighted_sum,34,36,-0.04064
service_span_hours & dest_metro_pop_weighted_sum,34,37,-0.0403
service_span_hours & dest_metro_pop_weighted_sum,34,38,-0.03143
service_span_hours & dest_metro_pop_weighted_sum,34,39,-0.01987
service_span_hours & dest_metro_pop_weighted_sum,34,40,-0.01987
service_span_hours & dest_metro_pop_weighted_sum,34,41,-0.02027
service_span_hours & dest_metro_pop_weighted_sum,34,42,-0.0203
service_span_hours & dest_metro_pop_weighted_sum,34,43,-0.01992
service_span_hours & dest_metro_pop_weighted_sum,34,44,-0.02001
service_span_hours & dest_metro_pop_weighted_sum,34,45,-0.00602
service_span_hours & dest_metro_pop_weighted_sum,34,46,-0.0056
service_span_hours & dest_metro_pop_weighted_sum,34,47,-0.00444
service_span_hours & dest_metro_pop_weighted_sum,34,48,-0.00391
service_span_hours & dest_metro_pop_weighted_sum,34,49,0.02053
service_span_hours & dest_metro_pop_weighted_sum,34,50,0.02326
service_span_hours & dest_metro_pop_weighted_sum,34,51,0.02359
service_span_hours & dest_metro_pop_weighted_sum,34,52,0.02222
service_span_hours & dest_metro_pop_weighted_sum,34,53,0.01731
service_span_hours & dest_metro_pop_weighted_sum,34,54,0.00704
service_span_hours & dest_metro_pop_weighted_sum,34,55,0.00532
service_span_hours & dest_metro_pop_weighted_sum,34,56,0.00369
service_span_hours & dest_metro_pop_weighted_sum,34,57,0.00384
service_span_hours & dest_metro_pop_weighted_sum,34,58,0.00407
service_span_hours & dest_metro_pop_weighted_sum,34,59,0.00731
service_span_hours & dest_metro_pop_weighted_sum,34,60,0.03739
service_span_hours & dest_metro_pop_weighted_sum,34,61,0.0381
service_span_hours & dest_metro_pop_weighted_sum,35,0,-0.17867
service_span_hours & dest_metro_pop_weighted_sum,35,1,-0.17777
service_span_hours & dest_metro_pop_weighted_sum,35,2,-0.16549
service_span_hours & dest_metro_pop_weighted_sum,35,3,-0.1702
service_span_hours & dest_metro_pop_weighted_sum,35,4,-0.17153
service_span_hours & dest_metro_pop_weighted_sum,35,5,-0.16309
service_span_hours & dest_metro_pop_weighted_sum,35,6,-0.16034
service_span_hours & dest_metro_pop_weighted_sum,35,7,-0.15931
service_span_hours & dest_metro_pop_weighted_sum,35,8,-0.15826
service_span_hours & dest_metro_pop_weighted_sum,35,9,-0.15787
service_span_hours & dest_metro_pop_weighted_sum,35,10,-0.15187
service_span_hours & dest_metro_pop_weighted_sum,35,11,-0.10639
service_span_hours & dest_metro_pop_weighted_sum,35,12,-0.10437
service_span_hours & dest_metro_pop_weighted_sum,35,13,-0.09468
service_span_hours & dest_metro_pop_weighted_sum,35,14,-0.09381
service_span_hours & dest_metro_pop_weighted_sum,35,15,-0.08738
service_span_hours & dest_metro_pop_weighted_sum,35,16,-0.0449
service_span_hours & dest_metro_pop_weighted_sum,35,17,-0.04412
service_span_hours & dest_metro_pop_weighted_sum,35,18,-0.04419
service_span_hours & dest_metro_pop_weighted_sum,35,19,-0.03978
service_span_hours & dest_metro_pop_weighted_sum,35,20,-0.03967
service_span_hours & dest_metro_pop_weighted_sum,35,21,-0.03975
service_span_hours & dest_metro_pop_weighted_sum,35,22,-0.03952
service_span_hours & dest_metro_pop_weighted_sum,35,23,-0.03925
service_span_hours & dest_metro_pop_weighted_sum,35,24,-0.03902
service_span_hours & dest_metro_pop_weighted_sum,35,25,-0.03858
service_span_hours & dest_metro_pop_weighted_sum,35,26,-0.03586
service_span_hours & dest_metro_pop_weighted_sum,35,27,-0.03542
service_span_hours & dest_metro_pop_weighted_sum,35,28,-0.03322
service_span_hours & dest_metro_pop_weighted_sum,35,29,-0.03332
service_span_hours & dest_metro_pop_weighted_sum,35,30,-0.02247
service_span_hours & dest_metro_pop_weighted_sum,35,31,-0.02974
service_span_hours & dest_metro_pop_weighted_sum,35,32,-0.03284
service_span_hours & dest_metro_pop_weighted_sum,35,33,-0.0328
service_span_hours & dest_metro_pop_weighted_sum,35,34,-0.03275
service_span_hours & dest_metro_pop_weighted_sum,35,35,-0.0411
service_span_hours & dest_metro_pop_weighted_sum,35,36,-0.04113
service_span_hours & dest_metro_pop_weighted_sum,35,37,-0.04075
service_span_hours & dest_metro_pop_weighted_sum,35,38,-0.03188
service_span_hours & dest_metro_pop_weighted_sum,35,39,-0.02032
service_span_hours & dest_metro_pop_weighted_sum,35,40,-0.02026
service_span_hours & dest_metro_pop_weighted_sum,35,41,-0.02066
service_span_hours & dest_metro_pop_weighted_sum,35,42,-0.02069
service_span_hours & dest_metro_pop_weighted_sum,35,43,-0.02031
service_span_hours & dest_metro_pop_weighted_sum,35,44,-0.02025
service_span_hours & dest_metro_pop_weighted_sum,35,45,-0.0061
service_span_hours & dest_metro_pop_weighted_sum,35,46,-0.00566
service_span_hours & dest_metro_pop_weighted_sum,35,47,-0.0045
service_span_hours & dest_metro_pop_weighted_sum,35,48,-0.00397
service_span_hours & dest_metro_pop_weighted_sum,35,49,0.02047
service_span_hours & dest_metro_pop_weighted_sum,35,50,0.0232
service_span_hours & dest_metro_pop_weighted_sum,35,51,0.02372
service_span_hours & dest_metro_pop_weighted_sum,35,52,0.02237
service_span_hours & dest_metro_pop_weighted_sum,35,53,0.01745
service_span_hours & dest_metro_pop_weighted_sum,35,54,0.00719
service_span_hours & dest_metro_pop_weighted_sum,35,55,0.00546
service_span_hours & dest_metro_pop_weighted_sum,35,56,0.00395
service_span_hours & dest_metro_pop_weighted_sum,35,57,0.00411
service_span_hours & dest_metro_pop_weighted_sum,35,58,0.00433
service_span_hours & dest_metro_pop_weighted_sum,35,59,0.00758
service_span_hours & dest_metro_pop_weighted_sum,35,60,0.03765
service_span_hours & dest_metro_pop_weighted_sum,35,61,0.03837
service_span_hours & dest_metro_pop_weighted_sum,36,0,-0.18064
service_span_hours & dest_metro_pop_weighted_sum,36,1,-0.17975
service_span_hours & dest_metro_pop_weighted_sum,36,2,-0.16777
service_span_hours & dest_metro_pop_weighted_sum,36,3,-0.17248
service_span_hours & dest_metro_pop_weighted_sum,36,4,-0.1738
service_span_hours & dest_metro_pop_weighted_sum,36,5,-0.16536
service_span_hours & dest_metro_pop_weighted_sum,36,6,-0.1626
service_span_hours & dest_metro_pop_weighted_sum,36,7,-0.16158
service_span_hours & dest_metro_pop_weighted_sum,36,8,-0.16006
service_span_hours & dest_metro_pop_weighted_sum,36,9,-0.15967
service_span_hours & dest_metro_pop_weighted_sum,36,10,-0.15368
service_span_hours & dest_metro_pop_weighted_sum,36,11,-0.10819
service_span_hours & dest_metro_pop_weighted_sum,36,12,-0.10617
service_span_hours & dest_metro_pop_weighted_sum,36,13,-0.09621
service_span_hours & dest_metro_pop_weighted_sum,36,14,-0.09535
service_span_hours & dest_metro_pop_weighted_sum,36,15,-0.08891
service_span_hours & dest_metro_pop_weighted_sum,36,16,-0.04563
service_span_hours & dest_metro_pop_weighted_sum,36,17,-0.04484
service_span_hours & dest_metro_pop_weighted_sum,36,18,-0.04472
service_span_hours & dest_metro_pop_weighted_sum,36,19,-0.04031
service_span_hours & dest_metro_pop_weighted_sum,36,20,-0.04015
service_span_hours & dest_metro_pop_weighted_sum,36,21,-0.04023
service_span_hours & dest_metro_pop_weighted_sum,36,22,-0.04
service_span_hours & dest_metro_pop_weighted_sum,36,23,-0.03973
service_span_hours & dest_metro_pop_weighted_sum,36,24,-0.0395
service_span_hours & dest_metro_pop_weighted_sum,36,25,-0.03907
service_span_hours & dest_metro_pop_weighted_sum,36,26,-0.03635
service_span_hours & dest_metro_pop_weighted_sum,36,27,-0.0359
service_span_hours & dest_metro_pop_weighted_sum,36,28,-0.03371
service_span_hours & dest_metro_pop_weighted_sum,36,29,-0.03372
service_span_hours & dest_metro_pop_weighted_sum,36,30,-0.02287
service_span_hours & dest_metro_pop_weighted_sum,36,31,-0.03006
service_span_hours & dest_metro_pop_weighted_sum,36,32,-0.03317
service_span_hours & dest_metro_pop_weighted_sum,36,33,-0.03313
service_span_hours & dest_metro_pop_weighted_sum,36,34,-0.03307
service_span_hours & dest_metro_pop_weighted_sum,36,35,-0.04143
service_span_hours & dest_metro_pop_weighted_sum,36,36,-0.04145
service_span_hours & dest_metro_pop_weighted_sum,36,37,-0.04107
service_span_hours & dest_metro_pop_weighted_sum,36,38,-0.03221
service_span_hours & dest_metro_pop_weighted_sum,36,39,-0.02052
service_span_hours & dest_metro_pop_weighted_sum,36,40,-0.02046
service_span_hours & dest_metro_pop_weighted_sum,36,41,-0.02077
service_span_hours & dest_metro_pop_weighted_sum,36,42,-0.0207
service_span_hours & dest_metro_pop_weighted_sum,36,43,-0.02032
service_span_hours & dest_metro_pop_weighted_sum,36,44,-0.02021
service_span_hours & dest_metro_pop_weighted_sum,36,45,-0.00606
service_span_hours & dest_metro_pop_weighted_sum,36,46,-0.00562
service_span_hours & dest_metro_pop_weighted_sum,36,47,-0.00447
service_span_hours & dest_metro_pop_weighted_sum,36,48,-0.00394
service_span_hours & dest_metro_pop_weighted_sum,36,49,0.0205
service_span_hours & dest_metro_pop_weighted_sum,36,50,0.02324
service_span_hours & dest_metro_pop_weighted_sum,36,51,0.02375
service_span_hours & dest_metro_pop_weighted_sum,36,52,0.02256
service_span_hours & dest_metro_pop_weighted_sum,36,53,0.01764
service_span_hours & dest_metro_pop_weighted_sum,36,54,0.00738
service_span_hours & dest_metro_pop_weighted_sum,36,55,0.00565
service_span_hours & dest_metro_pop_weighted_sum,36,56,0.00417
service_span_hours & dest_metro_pop_weighted_sum,36,57,0.00432
service_span_hours & dest_metro_pop_weighted_sum,36,58,0.00455
service_span_hours & dest_metro_pop_weighted_sum,36,59,0.00779
service_span_hours & dest_metro_pop_weighted_sum,36,60,0.03787
service_span_hours & dest_metro_pop_weighted_sum,36,61,0.03858
service_span_hours & dest_metro_pop_weighted_sum,37,0,-0.18609
service_span_hours & dest_metro_pop_weighted_sum,37,1,-0.18519
service_span_hours & dest_metro_pop_weighted_sum,37,2,-0.17331
service_span_hours & dest_metro_pop_weighted_sum,37,3,-0.17802
service_span_hours & dest_metro_pop_weighted_sum,37,4,-0.17934
service_span_hours & dest_metro_pop_weighted_sum,37,5,-0.17021
service_span_hours & dest_metro_pop_weighted_sum,37,6,-0.16568
service_span_hours & dest_metro_pop_weighted_sum,37,7,-0.16466
service_span_hours & dest_metro_pop_weighted_sum,37,8,-0.16294
service_span_hours & dest_metro_pop_weighted_sum,37,9,-0.16255
service_span_hours & dest_metro_pop_weighted_sum,37,10,-0.15655
service_span_hours & dest_metro_pop_weighted_sum,37,11,-0.11107
service_span_hours & dest_metro_pop_weighted_sum,37,12,-0.10878
service_span_hours & dest_metro_pop_weighted_sum,37,13,-0.09883
service_span_hours & dest_metro_pop_weighted_sum,37,14,-0.09796
service_span_hours & dest_metro_pop_weighted_sum,37,15,-0.09153
service_span_hours & dest_metro_pop_weighted_sum,37,16,-0.04824
service_span_hours & dest_metro_pop_weighted_sum,37,17,-0.04746
service_span_hours & dest_metro_pop_weighted_sum,37,18,-0.04733
service_span_hours & dest_metro_pop_weighted_sum,37,19,-0.04292
service_span_hours & dest_metro_pop_weighted_sum,37,20,-0.04276
service_span_hours & dest_metro_pop_weighted_sum,37,21,-0.04285
service_span_hours & dest_metro_pop_weighted_sum,37,22,-0.04261
service_span_hours & dest_metro_pop_weighted_sum,37,23,-0.04234
service_span_hours & dest_metro_pop_weighted_sum,37,24,-0.04174
service_span_hours & dest_metro_pop_weighted_sum,37,25,-0.04113
service_span_hours & dest_metro_pop_weighted_sum,37,26,-0.03841
service_span_hours & dest_metro_pop_weighted_sum,37,27,-0.03797
service_span_hours & dest_metro_pop_weighted_sum,37,28,-0.03577
service_span_hours & dest_metro_pop_weighted_sum,37,29,-0.03579
service_span_hours & dest_metro_pop_weighted_sum,37,30,-0.02493
service_span_hours & dest_metro_pop_weighted_sum,37,31,-0.03213
service_span_hours & dest_metro_pop_weighted_sum,37,32,-0.03524
service_span_hours & dest_metro_pop_weighted_sum,37,33,-0.03519
service_span_hours & dest_metro_pop_weighted_sum,37,34,-0.03514
service_span_hours & dest_metro_pop_weighted_sum,37,35,-0.04349
service_span_hours & dest_metro_pop_weighted_sum,37,36,-0.0433
service_span_hours & dest_metro_pop_weighted_sum,37,37,-0.04292
service_span_hours & dest_metro_pop_weighted_sum,37,38,-0.03405
service_span_hours & dest_metro_pop_weighted_sum,37,39,-0.02223
service_span_hours & dest_metro_pop_weighted_sum,37,40,-0.02217
service_span_hours & dest_metro_pop_weighted_sum,37,41,-0.02249
service_span_hours & dest_metro_pop_weighted_sum,37,42,-0.02228
service_span_hours & dest_metro_pop_weighted_sum,37,43,-0.02184
service_span_hours & dest_metro_pop_weighted_sum,37,44,-0.02173
service_span_hours & dest_metro_pop_weighted_sum,37,45,-0.00758
service_span_hours & dest_metro_pop_weighted_sum,37,46,-0.00714
service_span_hours & dest_metro_pop_weighted_sum,37,47,-0.00587
service_span_hours & dest_metro_pop_weighted_sum,37,48,-0.00525
service_span_hours & dest_metro_pop_weighted_sum,37,49,0.01919
service_span_hours & dest_metro_pop_weighted_sum,37,50,0.02192
service_span_hours & dest_metro_pop_weighted_sum,37,51,0.02244
service_span_hours & dest_metro_pop_weighted_sum,37,52,0.02128
service_span_hours & dest_metro_pop_weighted_sum,37,53,0.02058
service_span_hours & dest_metro_pop_weighted_sum,37,54,0.01032
service_span_hours & dest_metro_pop_weighted_sum,37,55,0.00859
service_span_hours & dest_metro_pop_weighted_sum,37,56,0.00711
service_span_hours & dest_metro_pop_weighted_sum,37,57,0.00744
service_span_hours & dest_metro_pop_weighted_sum,37,58,0.00766
service_span_hours & dest_metro_pop_weighted_sum,37,59,0.01091
service_span_hours & dest_metro_pop_weighted_sum,37,60,0.04099
service_span_hours & dest_metro_pop_weighted_sum,37,61,0.0417
service_span_hours & dest_metro_pop_weighted_sum,38,0,-0.18851
service_span_hours & dest_metro_pop_weighted_sum,38,1,-0.18771
service_span_hours & dest_metro_pop_weighted_sum,38,2,-0.17584
service_span_hours & dest_metro_pop_weighted_sum,38,3,-0.18054
service_span_hours & dest_metro_pop_weighted_sum,38,4,-0.18186
service_span_hours & dest_metro_pop_weighted_sum,38,5,-0.1725
service_span_hours & dest_metro_pop_weighted_sum,38,6,-0.16797
service_span_hours & dest_metro_pop_weighted_sum,38,7,-0.16695
service_span_hours & dest_metro_pop_weighted_sum,38,8,-0.16523
service_span_hours & dest_metro_pop_weighted_sum,38,9,-0.16484
service_span_hours & dest_metro_pop_weighted_sum,38,10,-0.15884
service_span_hours & dest_metro_pop_weighted_sum,38,11,-0.11294
service_span_hours & dest_metro_pop_weighted_sum,38,12,-0.11066
service_span_hours & dest_metro_pop_weighted_sum,38,13,-0.10033
service_span_hours & dest_metro_pop_weighted_sum,38,14,-0.09947
service_span_hours & dest_metro_pop_weighted_sum,38,15,-0.09271
service_span_hours & dest_metro_pop_weighted_sum,38,16,-0.04905
service_span_hours & dest_metro_pop_weighted_sum,38,17,-0.04827
service_span_hours & dest_metro_pop_weighted_sum,38,18,-0.048
service_span_hours & dest_metro_pop_weighted_sum,38,19,-0.04359
service_span_hours & dest_metro_pop_weighted_sum,38,20,-0.04344
service_span_hours & dest_metro_pop_weighted_sum,38,21,-0.04342
service_span_hours & dest_metro_pop_weighted_sum,38,22,-0.04319
service_span_hours & dest_metro_pop_weighted_sum,38,23,-0.04291
service_span_hours & dest_metro_pop_weighted_sum,38,24,-0.04231
service_span_hours & dest_metro_pop_weighted_sum,38,25,-0.0417
service_span_hours & dest_metro_pop_weighted_sum,38,26,-0.03898
service_span_hours & dest_metro_pop_weighted_sum,38,27,-0.03854
service_span_hours & dest_metro_pop_weighted_sum,38,28,-0.03635
service_span_hours & dest_metro_pop_weighted_sum,38,29,-0.03638
service_span_hours & dest_metro_pop_weighted_sum,38,30,-0.02556
service_span_hours & dest_metro_pop_weighted_sum,38,31,-0.03277
service_span_hours & dest_metro_pop_weighted_sum,38,32,-0.03588
service_span_hours & dest_metro_pop_weighted_sum,38,33,-0.03583
service_span_hours & dest_metro_pop_weighted_sum,38,34,-0.03565
service_span_hours & dest_metro_pop_weighted_sum,38,35,-0.044
service_span_hours & dest_metro_pop_weighted_sum,38,36,-0.0437
service_span_hours & dest_metro_pop_weighted_sum,38,37,-0.04332
service_span_hours & dest_metro_pop_weighted_sum,38,38,-0.03427
service_span_hours & dest_metro_pop_weighted_sum,38,39,-0.02245
service_span_hours & dest_metro_pop_weighted_sum,38,40,-0.02239
service_span_hours & dest_metro_pop_weighted_sum,38,41,-0.0227
service_span_hours & dest_metro_pop_weighted_sum,38,42,-0.02249
service_span_hours & dest_metro_pop_weighted_sum,38,43,-0.02206
service_span_hours & dest_metro_pop_weighted_sum,38,44,-0.02185
service_span_hours & dest_metro_pop_weighted_sum,38,45,-0.0077
service_span_hours & dest_metro_pop_weighted_sum,38,46,-0.00726
service_span_hours & dest_metro_pop_weighted_sum,38,47,-0.00599
service_span_hours & dest_metro_pop_weighted_sum,38,48,-0.00538
service_span_hours & dest_metro_pop_weighted_sum,38,49,0.01907
service_span_hours & dest_metro_pop_weighted_sum,38,50,0.0218
service_span_hours & dest_metro_pop_weighted_sum,38,51,0.02231
service_span_hours & dest_metro_pop_weighted_sum,38,52,0.02115
service_span_hours & dest_metro_pop_weighted_sum,38,53,0.02046
service_span_hours & dest_metro_pop_weighted_sum,38,54,0.01198
service_span_hours & dest_metro_pop_weighted_sum,38,55,0.01026
service_span_hours & dest_metro_pop_weighted_sum,38,56,0.0088
service_span_hours & dest_metro_pop_weighted_sum,38,57,0.00913
service_span_hours & dest_metro_pop_weighted_sum,38,58,0.00936
service_span_hours & dest_metro_pop_weighted_sum,38,59,0.0126
service_span_hours & dest_metro_pop_weighted_sum,38,60,0.04268
service_span_hours & dest_metro_pop_weighted_sum,38,61,0.04339
service_span_hours & dest_metro_pop_weighted_sum,39,0,-0.19545
service_span_hours & dest_metro_pop_weighted_sum,39,1,-0.19466
service_span_hours & dest_metro_pop_weighted_sum,39,2,-0.18278
service_span_hours & dest_metro_pop_weighted_sum,39,3,-0.18736
service_span_hours & dest_metro_pop_weighted_sum,39,4,-0.18857
service_span_hours & dest_metro_pop_weighted_sum,39,5,-0.1792
service_span_hours & dest_metro_pop_weighted_sum,39,6,-0.17468
service_span_hours & dest_metro_pop_weighted_sum,39,7,-0.17359
service_span_hours & dest_metro_pop_weighted_sum,39,8,-0.17181
service_span_hours & dest_metro_pop_weighted_sum,39,9,-0.17074
service_span_hours & dest_metro_pop_weighted_sum,39,10,-0.16426
service_span_hours & dest_metro_pop_weighted_sum,39,11,-0.11836
service_span_hours & dest_metro_pop_weighted_sum,39,12,-0.11563
service_span_hours & dest_metro_pop_weighted_sum,39,13,-0.1053
service_span_hours & dest_metro_pop_weighted_sum,39,14,-0.10267
service_span_hours & dest_metro_pop_weighted_sum,39,15,-0.09591
service_span_hours & dest_metro_pop_weighted_sum,39,16,-0.05225
service_span_hours & dest_metro_pop_weighted_sum,39,17,-0.05147
service_span_hours & dest_metro_pop_weighted_sum,39,18,-0.05107
service_span_hours & dest_metro_pop_weighted_sum,39,19,-0.04662
service_span_hours & dest_metro_pop_weighted_sum,39,20,-0.04647
service_span_hours & dest_metro_pop_weighted_sum,39,21,-0.04636
service_span_hours & dest_metro_pop_weighted_sum,39,22,-0.04613
service_span_hours & dest_metro_pop_weighted_sum,39,23,-0.04585
service_span_hours & dest_metro_pop_weighted_sum,39,24,-0.04524
service_span_hours & dest_metro_pop_weighted_sum,39,25,-0.04463
service_span_hours & dest_metro_pop_weighted_sum,39,26,-0.04191
service_span_hours & dest_metro_pop_weighted_sum,39,27,-0.04147
service_span_hours & dest_metro_pop_weighted_sum,39,28,-0.03928
service_span_hours & dest_metro_pop_weighted_sum,39,29,-0.03931
service_span_hours & dest_metro_pop_weighted_sum,39,30,-0.0285
service_span_hours & dest_metro_pop_weighted_sum,39,31,-0.0357
service_span_hours & dest_metro_pop_weighted_sum,39,32,-0.03881
service_span_hours & dest_metro_pop_weighted_sum,39,33,-0.03877
service_span_hours & dest_metro_pop_weighted_sum,39,34,-0.03858
service_span_hours & dest_metro_pop_weighted_sum,39,35,-0.04691
service_span_hours & dest_metro_pop_weighted_sum,39,36,-0.04662
service_span_hours & dest_metro_pop_weighted_sum,39,37,-0.04624
service_span_hours & dest_metro_pop_weighted_sum,39,38,-0.03697
service_span_hours & dest_metro_pop_weighted_sum,39,39,-0.02515
service_span_hours & dest_metro_pop_weighted_sum,39,40,-0.02509
service_span_hours & dest_metro_pop_weighted_sum,39,41,-0.0254
service_span_hours & dest_metro_pop_weighted_sum,39,42,-0.02519
service_span_hours & dest_metro_pop_weighted_sum,39,43,-0.02475
service_span_hours & dest_metro_pop_weighted_sum,39,44,-0.02455
service_span_hours & dest_metro_pop_weighted_sum,39,45,-0.0104
service_span_hours & dest_metro_pop_weighted_sum,39,46,-0.00996
service_span_hours & dest_metro_pop_weighted_sum,39,47,-0.00861
service_span_hours & dest_metro_pop_weighted_sum,39,48,-0.008
service_span_hours & dest_metro_pop_weighted_sum,39,49,0.01645
service_span_hours & dest_metro_pop_weighted_sum,39,50,0.01942
service_span_hours & dest_metro_pop_weighted_sum,39,51,0.01993
service_span_hours & dest_metro_pop_weighted_sum,39,52,0.01877
service_span_hours & dest_metro_pop_weighted_sum,39,53,0.0188
service_span_hours & dest_metro_pop_weighted_sum,39,54,0.01888
service_span_hours & dest_metro_pop_weighted_sum,39,55,0.01734
service_span_hours & dest_metro_pop_weighted_sum,39,56,0.01732
service_span_hours & dest_metro_pop_weighted_sum,39,57,0.01765
service_span_hours & dest_metro_pop_weighted_sum,39,58,0.01788
service_span_hours & dest_metro_pop_weighted_sum,39,59,0.02112
service_span_hours & dest_metro_pop_weighted_sum,39,60,0.0512
service_span_hours & dest_metro_pop_weighted_sum,39,61,0.05191
service_span_hours & dest_metro_pop_weighted_sum,40,0,-0.21163
service_span_hours & dest_metro_pop_weighted_sum,40,1,-0.2109
service_span_hours & dest_metro_pop_weighted_sum,40,2,-0.19919
service_span_hours & dest_metro_pop_weighted_sum,40,3,-0.20377
service_span_hours & dest_metro_pop_weighted_sum,40,4,-0.20498
service_span_hours & dest_metro_pop_weighted_sum,40,5,-0.19562
service_span_hours & dest_metro_pop_weighted_sum,40,6,-0.18415
service_span_hours & dest_metro_pop_weighted_sum,40,7,-0.18307
service_span_hours & dest_metro_pop_weighted_sum,40,8,-0.18128
service_span_hours & dest_metro_pop_weighted_sum,40,9,-0.18022
service_span_hours & dest_metro_pop_weighted_sum,40,10,-0.17373
service_span_hours & dest_metro_pop_weighted_sum,40,11,-0.12784
service_span_hours & dest_metro_pop_weighted_sum,40,12,-0.12511
service_span_hours & dest_metro_pop_weighted_sum,40,13,-0.10683
service_span_hours & dest_metro_pop_weighted_sum,40,14,-0.10407
service_span_hours & dest_metro_pop_weighted_sum,40,15,-0.09619
service_span_hours & dest_metro_pop_weighted_sum,40,16,-0.05252
service_span_hours & dest_metro_pop_weighted_sum,40,17,-0.05174
service_span_hours & dest_metro_pop_weighted_sum,40,18,-0.05134
service_span_hours & dest_metro_pop_weighted_sum,40,19,-0.0469
service_span_hours & dest_metro_pop_weighted_sum,40,20,-0.04674
service_span_hours & dest_metro_pop_weighted_sum,40,21,-0.04663
service_span_hours & dest_metro_pop_weighted_sum,40,22,-0.0464
service_span_hours & dest_metro_pop_weighted_sum,40,23,-0.04613
service_span_hours & dest_metro_pop_weighted_sum,40,24,-0.04551
service_span_hours & dest_metro_pop_weighted_sum,40,25,-0.0449
service_span_hours & dest_metro_pop_weighted_sum,40,26,-0.04218
service_span_hours & dest_metro_pop_weighted_sum,40,27,-0.04174
service_span_hours & dest_metro_pop_weighted_sum,40,28,-0.03955
service_span_hours & dest_metro_pop_weighted_sum,40,29,-0.03959
service_span_hours & dest_metro_pop_weighted_sum,40,30,-0.02877
service_span_hours & dest_metro_pop_weighted_sum,40,31,-0.03598
service_span_hours & dest_metro_pop_weighted_sum,40,32,-0.03908
service_span_hours & dest_metro_pop_weighted_sum,40,33,-0.03904
service_span_hours & dest_metro_pop_weighted_sum,40,34,-0.03885
service_span_hours & dest_metro_pop_weighted_sum,40,35,-0.04719
service_span_hours & dest_metro_pop_weighted_sum,40,36,-0.04689
service_span_hours & dest_metro_pop_weighted_sum,40,37,-0.04651
service_span_hours & dest_metro_pop_weighted_sum,40,38,-0.03724
service_span_hours & dest_metro_pop_weighted_sum,40,39,-0.02542
service_span_hours & dest_metro_pop_weighted_sum,40,40,-0.02536
service_span_hours & dest_metro_pop_weighted_sum,40,41,-0.02567
service_span_hours & dest_metro_pop_weighted_sum,40,42,-0.02546
service_span_hours & dest_metro_pop_weighted_sum,40,43,-0.02503
service_span_hours & dest_metro_pop_weighted_sum,40,44,-0.02483
service_span_hours & dest_metro_pop_weighted_sum,40,45,-0.01068
service_span_hours & dest_metro_pop_weighted_sum,40,46,-0.01024
service_span_hours & dest_metro_pop_weighted_sum,40,47,-0.00889
service_span_hours & dest_metro_pop_weighted_sum,40,48,-0.00829
service_span_hours & dest_metro_pop_weighted_sum,40,49,0.01616
service_span_hours & dest_metro_pop_weighted_sum,40,50,0.01914
service_span_hours & dest_metro_pop_weighted_sum,40,51,0.01965
service_span_hours & dest_metro_pop_weighted_sum,40,52,0.01849
service_span_hours & dest_metro_pop_weighted_sum,40,53,0.01852
service_span_hours & dest_metro_pop_weighted_sum,40,54,0.0186
service_span_hours & dest_metro_pop_weighted_sum,40,55,0.01705
service_span_hours & dest_metro_pop_weighted_sum,40,56,0.01704
service_span_hours & dest_metro_pop_weighted_sum,40,57,0.01737
service_span_hours & dest_metro_pop_weighted_sum,40,58,0.01759
service_span_hours & dest_metro_pop_weighted_sum,40,59,0.02084
service_span_hours & dest_metro_pop_weighted_sum,40,60,0.05116
service_span_hours & dest_metro_pop_weighted_sum,40,61,0.05187
service_span_hours & dest_metro_pop_weighted_sum,41,0,-0.21235
service_span_hours & dest_metro_pop_weighted_sum,41,1,-0.21166
service_span_hours & dest_metro_pop_weighted_sum,41,2,-0.19995
service_span_hours & dest_metro_pop_weighted_sum,41,3,-0.20453
service_span_hours & dest_metro_pop_weighted_sum,41,4,-0.20574
service_span_hours & dest_metro_pop_weighted_sum,41,5,-0.19638
service_span_hours & dest_metro_pop_weighted_sum,41,6,-0.18491
service_span_hours & dest_metro_pop_weighted_sum,41,7,-0.18383
service_span_hours & dest_metro_pop_weighted_sum,41,8,-0.18184
service_span_hours & dest_metro_pop_weighted_sum,41,9,-0.18078
service_span_hours & dest_metro_pop_weighted_sum,41,10,-0.17429
service_span_hours & dest_metro_pop_weighted_sum,41,11,-0.1284
service_span_hours & dest_metro_pop_weighted_sum,41,12,-0.12567
service_span_hours & dest_metro_pop_weighted_sum,41,13,-0.10739
service_span_hours & dest_metro_pop_weighted_sum,41,14,-0.10445
service_span_hours & dest_metro_pop_weighted_sum,41,15,-0.09656
service_span_hours & dest_metro_pop_weighted_sum,41,16,-0.0529
service_span_hours & dest_metro_pop_weighted_sum,41,17,-0.05211
service_span_hours & dest_metro_pop_weighted_sum,41,18,-0.05171
service_span_hours & dest_metro_pop_weighted_sum,41,19,-0.04727
service_span_hours & dest_metro_pop_weighted_sum,41,20,-0.04711
service_span_hours & dest_metro_pop_weighted_sum,41,21,-0.047
service_span_hours & dest_metro_pop_weighted_sum,41,22,-0.04677
service_span_hours & dest_metro_pop_weighted_sum,41,23,-0.0465
service_span_hours & dest_metro_pop_weighted_sum,41,24,-0.04588
service_span_hours & dest_metro_pop_weighted_sum,41,25,-0.04527
service_span_hours & dest_metro_pop_weighted_sum,41,26,-0.04239
service_span_hours & dest_metro_pop_weighted_sum,41,27,-0.04195
service_span_hours & dest_metro_pop_weighted_sum,41,28,-0.03979
service_span_hours & dest_metro_pop_weighted_sum,41,29,-0.03987
service_span_hours & dest_metro_pop_weighted_sum,41,30,-0.02905
service_span_hours & dest_metro_pop_weighted_sum,41,31,-0.03625
service_span_hours & dest_metro_pop_weighted_sum,41,32,-0.03936
service_span_hours & dest_metro_pop_weighted_sum,41,33,-0.03932
service_span_hours & dest_metro_pop_weighted_sum,41,34,-0.03913
service_span_hours & dest_metro_pop_weighted_sum,41,35,-0.04744
service_span_hours & dest_metro_pop_weighted_sum,41,36,-0.04698
service_span_hours & dest_metro_pop_weighted_sum,41,37,-0.04659
service_span_hours & dest_metro_pop_weighted_sum,41,38,-0.03732
service_span_hours & dest_metro_pop_weighted_sum,41,39,-0.02526
service_span_hours & dest_metro_pop_weighted_sum,41,40,-0.02521
service_span_hours & dest_metro_pop_weighted_sum,41,41,-0.02552
service_span_hours & dest_metro_pop_weighted_sum,41,42,-0.02531
service_span_hours & dest_metro_pop_weighted_sum,41,43,-0.02488
service_span_hours & dest_metro_pop_weighted_sum,41,44,-0.02467
service_span_hours & dest_metro_pop_weighted_sum,41,45,-0.01052
service_span_hours & dest_metro_pop_weighted_sum,41,46,-0.01007
service_span_hours & dest_metro_pop_weighted_sum,41,47,-0.00872
service_span_hours & dest_metro_pop_weighted_sum,41,48,-0.00812
service_span_hours & dest_metro_pop_weighted_sum,41,49,0.01633
service_span_hours & dest_metro_pop_weighted_sum,41,50,0.0193
service_span_hours & dest_metro_pop_weighted_sum,41,51,0.01981
service_span_hours & dest_metro_pop_weighted_sum,41,52,0.01867
service_span_hours & dest_metro_pop_weighted_sum,41,53,0.0187
service_span_hours & dest_metro_pop_weighted_sum,41,54,0.01878
service_span_hours & dest_metro_pop_weighted_sum,41,55,0.01723
service_span_hours & dest_metro_pop_weighted_sum,41,56,0.01728
service_span_hours & dest_metro_pop_weighted_sum,41,57,0.01761
service_span_hours & dest_metro_pop_weighted_sum,41,58,0.01783
service_span_hours & dest_metro_pop_weighted_sum,41,59,0.02107
service_span_hours & dest_metro_pop_weighted_sum,41,60,0.05138
service_span_hours & dest_metro_pop_weighted_sum,41,61,0.05209
service_span_hours & dest_metro_pop_weighted_sum,42,0,-0.21401
service_span_hours & dest_metro_pop_weighted_sum,42,1,-0.21332
service_span_hours & dest_metro_pop_weighted_sum,42,2,-0.20161
service_span_hours & dest_metro_pop_weighted_sum,42,3,-0.20617
service_span_hours & dest_metro_pop_weighted_sum,42,4,-0.20735
service_span_hours & dest_metro_pop_weighted_sum,42,5,-0.19799
service_span_hours & dest_metro_pop_weighted_sum,42,6,-0.18652
service_span_hours & dest_metro_pop_weighted_sum,42,7,-0.18544
service_span_hours & dest_metro_pop_weighted_sum,42,8,-0.18346
service_span_hours & dest_metro_pop_weighted_sum,42,9,-0.18239
service_span_hours & dest_metro_pop_weighted_sum,42,10,-0.17591
service_span_hours & dest_metro_pop_weighted_sum,42,11,-0.13001
service_span_hours & dest_metro_pop_weighted_sum,42,12,-0.12691
service_span_hours & dest_metro_pop_weighted_sum,42,13,-0.10864
service_span_hours & dest_metro_pop_weighted_sum,42,14,-0.10533
service_span_hours & dest_metro_pop_weighted_sum,42,15,-0.09716
service_span_hours & dest_metro_pop_weighted_sum,42,16,-0.05332
service_span_hours & dest_metro_pop_weighted_sum,42,17,-0.05254
service_span_hours & dest_metro_pop_weighted_sum,42,18,-0.05197
service_span_hours & dest_metro_pop_weighted_sum,42,19,-0.04739
service_span_hours & dest_metro_pop_weighted_sum,42,20,-0.04723
service_span_hours & dest_metro_pop_weighted_sum,42,21,-0.04712
service_span_hours & dest_metro_pop_weighted_sum,42,22,-0.04689
service_span_hours & dest_metro_pop_weighted_sum,42,23,-0.04651
service_span_hours & dest_metro_pop_weighted_sum,42,24,-0.04589
service_span_hours & dest_metro_pop_weighted_sum,42,25,-0.04528
service_span_hours & dest_metro_pop_weighted_sum,42,26,-0.0424
service_span_hours & dest_metro_pop_weighted_sum,42,27,-0.04199
service_span_hours & dest_metro_pop_weighted_sum,42,28,-0.03983
service_span_hours & dest_metro_pop_weighted_sum,42,29,-0.0399
service_span_hours & dest_metro_pop_weighted_sum,42,30,-0.02908
service_span_hours & dest_metro_pop_weighted_sum,42,31,-0.03629
service_span_hours & dest_metro_pop_weighted_sum,42,32,-0.03947
service_span_hours & dest_metro_pop_weighted_sum,42,33,-0.03943
service_span_hours & dest_metro_pop_weighted_sum,42,34,-0.03924
service_span_hours & dest_metro_pop_weighted_sum,42,35,-0.04755
service_span_hours & dest_metro_pop_weighted_sum,42,36,-0.04709
service_span_hours & dest_metro_pop_weighted_sum,42,37,-0.04669
service_span_hours & dest_metro_pop_weighted_sum,42,38,-0.03742
service_span_hours & dest_metro_pop_weighted_sum,42,39,-0.02537
service_span_hours & dest_metro_pop_weighted_sum,42,40,-0.02532
service_span_hours & dest_metro_pop_weighted_sum,42,41,-0.02563
service_span_hours & dest_metro_pop_weighted_sum,42,42,-0.02541
service_span_hours & dest_metro_pop_weighted_sum,42,43,-0.02497
service_span_hours & dest_metro_pop_weighted_sum,42,44,-0.02477
service_span_hours & dest_metro_pop_weighted_sum,42,45,-0.01768
service_span_hours & dest_metro_pop_weighted_sum,42,46,-0.01723
service_span_hours & dest_metro_pop_weighted_sum,42,47,-0.01589
service_span_hours & dest_metro_pop_weighted_sum,42,48,-0.01531
service_span_hours & dest_metro_pop_weighted_sum,42,49,0.00899
service_span_hours & dest_metro_pop_weighted_sum,42,50,0.01196
service_span_hours & dest_metro_pop_weighted_sum,42,51,0.01249
service_span_hours & dest_metro_pop_weighted_sum,42,52,0.01134
service_span_hours & dest_metro_pop_weighted_sum,42,53,0.01134
service_span_hours & dest_metro_pop_weighted_sum,42,54,0.01141
service_span_hours & dest_metro_pop_weighted_sum,42,55,0.00979
service_span_hours & dest_metro_pop_weighted_sum,42,56,0.00983
service_span_hours & dest_metro_pop_weighted_sum,42,57,0.01016
service_span_hours & dest_metro_pop_weighted_sum,42,58,0.01034
service_span_hours & dest_metro_pop_weighted_sum,42,59,0.01354
service_span_hours & dest_metro_pop_weighted_sum,42,60,0.04385
service_span_hours & dest_metro_pop_weighted_sum,42,61,0.04456
service_span_hours & dest_metro_pop_weighted_sum,43,0,-0.21502
service_span_hours & dest_metro_pop_weighted_sum,43,1,-0.21433
service_span_hours & dest_metro_pop_weighted_sum,43,2,-0.20262
service_span_hours & dest_metro_pop_weighted_sum,43,3,-0.20718
service_span_hours & dest_metro_pop_weighted_sum,43,4,-0.20836
service_span_hours & dest_metro_pop_weighted_sum,43,5,-0.199
service_span_hours & dest_metro_pop_weighted_sum,43,6,-0.18753
service_span_hours & dest_metro_pop_weighted_sum,43,7,-0.18645
service_span_hours & dest_metro_pop_weighted_sum,43,8,-0.18447
service_span_hours & dest_metro_pop_weighted_sum,43,9,-0.1834
service_span_hours & dest_metro_pop_weighted_sum,43,10,-0.17666
service_span_hours & dest_metro_pop_weighted_sum,43,11,-0.13054
service_span_hours & dest_metro_pop_weighted_sum,43,12,-0.12744
service_span_hours & dest_metro_pop_weighted_sum,43,13,-0.10916
service_span_hours & dest_metro_pop_weighted_sum,43,14,-0.10586
service_span_hours & dest_metro_pop_weighted_sum,43,15,-0.09739
service_span_hours & dest_metro_pop_weighted_sum,43,16,-0.05344
service_span_hours & dest_metro_pop_weighted_sum,43,17,-0.05266
service_span_hours & dest_metro_pop_weighted_sum,43,18,-0.0521
service_span_hours & dest_metro_pop_weighted_sum,43,19,-0.04751
service_span_hours & dest_metro_pop_weighted_sum,43,20,-0.04729
service_span_hours & dest_metro_pop_weighted_sum,43,21,-0.04718
service_span_hours & dest_metro_pop_weighted_sum,43,22,-0.04695
service_span_hours & dest_metro_pop_weighted_sum,43,23,-0.04657
service_span_hours & dest_metro_pop_weighted_sum,43,24,-0.04581
service_span_hours & dest_metro_pop_weighted_sum,43,25,-0.0452
service_span_hours & dest_metro_pop_weighted_sum,43,26,-0.04459
service_span_hours & dest_metro_pop_weighted_sum,43,27,-0.04418
service_span_hours & dest_metro_pop_weighted_sum,43,28,-0.04202
service_span_hours & dest_metro_pop_weighted_sum,43,29,-0.04209
service_span_hours & dest_metro_pop_weighted_sum,43,30,-0.03524
service_span_hours & dest_metro_pop_weighted_sum,43,31,-0.04245
service_span_hours & dest_metro_pop_weighted_sum,43,32,-0.04568
service_span_hours & dest_metro_pop_weighted_sum,43,33,-0.0456
service_span_hours & dest_metro_pop_weighted_sum,43,34,-0.04541
service_span_hours & dest_metro_pop_weighted_sum,43,35,-0.05373
service_span_hours & dest_metro_pop_weighted_sum,43,36,-0.05326
service_span_hours & dest_metro_pop_weighted_sum,43,37,-0.05288
service_span_hours & dest_metro_pop_weighted_sum,43,38,-0.04361
service_span_hours & dest_metro_pop_weighted_sum,43,39,-0.03348
service_span_hours & dest_metro_pop_weighted_sum,43,40,-0.03342
service_span_hours & dest_metro_pop_weighted_sum,43,41,-0.03373
service_span_hours & dest_metro_pop_weighted_sum,43,42,-0.0335
service_span_hours & dest_metro_pop_weighted_sum,43,43,-0.03306
service_span_hours & dest_metro_pop_weighted_sum,43,44,-0.03286
service_span_hours & dest_metro_pop_weighted_sum,43,45,-0.02869
service_span_hours & dest_metro_pop_weighted_sum,43,46,-0.02824
service_span_hours & dest_metro_pop_weighted_sum,43,47,-0.02689
service_span_hours & dest_metro_pop_weighted_sum,43,48,-0.0263
service_span_hours & dest_metro_pop_weighted_sum,43,49,-0.00201
service_span_hours & dest_metro_pop_weighted_sum,43,50,0.00096
service_span_hours & dest_metro_pop_weighted_sum,43,51,0.00149
service_span_hours & dest_metro_pop_weighted_sum,43,52,0.00035
service_span_hours & dest_metro_pop_weighted_sum,43,53,0.00035
service_span_hours & dest_metro_pop_weighted_sum,43,54,0.00042
service_span_hours & dest_metro_pop_weighted_sum,43,55,-0.00121
service_span_hours & dest_metro_pop_weighted_sum,43,56,-0.00116
service_span_hours & dest_metro_pop_weighted_sum,43,57,-0.00083
service_span_hours & dest_metro_pop_weighted_sum,43,58,-0.00071
service_span_hours & dest_metro_pop_weighted_sum,43,59,0.0025
service_span_hours & dest_metro_pop_weighted_sum,43,60,0.02963
service_span_hours & dest_metro_pop_weighted_sum,43,61,0.03034
service_span_hours & dest_metro_pop_weighted_sum,44,0,-0.21435
service_span_hours & dest_metro_pop_weighted_sum,44,1,-0.21367
service_span_hours & dest_metro_pop_weighted_sum,44,2,-0.20201
service_span_hours & dest_metro_pop_weighted_sum,44,3,-0.20656
service_span_hours & dest_metro_pop_weighted_sum,44,4,-0.20749
service_span_hours & dest_metro_pop_weighted_sum,44,5,-0.19813
service_span_hours & dest_metro_pop_weighted_sum,44,6,-0.18667
service_span_hours & dest_metro_pop_weighted_sum,44,7,-0.18558
service_span_hours & dest_metro_pop_weighted_sum,44,8,-0.18359
service_span_hours & dest_metro_pop_weighted_sum,44,9,-0.18252
service_span_hours & dest_metro_pop_weighted_sum,44,10,-0.1755
service_span_hours & dest_metro_pop_weighted_sum,44,11,-0.12911
service_span_hours & dest_metro_pop_weighted_sum,44,12,-0.12601
service_span_hours & dest_metro_pop_weighted_sum,44,13,-0.10774
service_span_hours & dest_metro_pop_weighted_sum,44,14,-0.10433
service_span_hours & dest_metro_pop_weighted_sum,44,15,-0.09586
service_span_hours & dest_metro_pop_weighted_sum,44,16,-0.05191
service_span_hours & dest_metro_pop_weighted_sum,44,17,-0.05113
service_span_hours & dest_metro_pop_weighted_sum,44,18,-0.05039
service_span_hours & dest_metro_pop_weighted_sum,44,19,-0.0458
service_span_hours & dest_metro_pop_weighted_sum,44,20,-0.04545
service_span_hours & dest_metro_pop_weighted_sum,44,21,-0.04533
service_span_hours & dest_metro_pop_weighted_sum,44,22,-0.045
service_span_hours & dest_metro_pop_weighted_sum,44,23,-0.04461
service_span_hours & dest_metro_pop_weighted_sum,44,24,-0.04386
service_span_hours & dest_metro_pop_weighted_sum,44,25,-0.04325
service_span_hours & dest_metro_pop_weighted_sum,44,26,-0.04264
service_span_hours & dest_metro_pop_weighted_sum,44,27,-0.04223
service_span_hours & dest_metro_pop_weighted_sum,44,28,-0.04007
service_span_hours & dest_metro_pop_weighted_sum,44,29,-0.04014
service_span_hours & dest_metro_pop_weighted_sum,44,30,-0.03336
service_span_hours & dest_metro_pop_weighted_sum,44,31,-0.04056
service_span_hours & dest_metro_pop_weighted_sum,44,32,-0.04609
service_span_hours & dest_metro_pop_weighted_sum,44,33,-0.04601
service_span_hours & dest_metro_pop_weighted_sum,44,34,-0.04583
service_span_hours & dest_metro_pop_weighted_sum,44,35,-0.05414
service_span_hours & dest_metro_pop_weighted_sum,44,36,-0.05367
service_span_hours & dest_metro_pop_weighted_sum,44,37,-0.05329
service_span_hours & dest_metro_pop_weighted_sum,44,38,-0.04402
service_span_hours & dest_metro_pop_weighted_sum,44,39,-0.03389
service_span_hours & dest_metro_pop_weighted_sum,44,40,-0.03384
service_span_hours & dest_metro_pop_weighted_sum,44,41,-0.03415
service_span_hours & dest_metro_pop_weighted_sum,44,42,-0.03391
service_span_hours & dest_metro_pop_weighted_sum,44,43,-0.03348
service_span_hours & dest_metro_pop_weighted_sum,44,44,-0.03327
service_span_hours & dest_metro_pop_weighted_sum,44,45,-0.02943
service_span_hours & dest_metro_pop_weighted_sum,44,46,-0.02897
service_span_hours & dest_metro_pop_weighted_sum,44,47,-0.02765
service_span_hours & dest_metro_pop_weighted_sum,44,48,-0.02706
service_span_hours & dest_metro_pop_weighted_sum,44,49,-0.00783
service_span_hours & dest_metro_pop_weighted_sum,44,50,-0.00486
service_span_hours & dest_metro_pop_weighted_sum,44,51,-0.00433
service_span_hours & dest_metro_pop_weighted_sum,44,52,-0.00548
service_span_hours & dest_metro_pop_weighted_sum,44,53,-0.00548
service_span_hours & dest_metro_pop_weighted_sum,44,54,-0.00541
service_span_hours & dest_metro_pop_weighted_sum,44,55,-0.00704
service_span_hours & dest_metro_pop_weighted_sum,44,56,-0.00699
service_span_hours & dest_metro_pop_weighted_sum,44,57,-0.00666
service_span_hours & dest_metro_pop_weighted_sum,44,58,-0.00662
service_span_hours & dest_metro_pop_weighted_sum,44,59,-0.00341
service_span_hours & dest_metro_pop_weighted_sum,44,60,0.02372
service_span_hours & dest_metro_pop_weighted_sum,44,61,0.02432
service_span_hours & dest_metro_pop_weighted_sum,45,0,-0.21199
service_span_hours & dest_metro_pop_weighted_sum,45,1,-0.21131
service_span_hours & dest_metro_pop_weighted_sum,45,2,-0.19965
service_span_hours & dest_metro_pop_weighted_sum,45,3,-0.2042
service_span_hours & dest_metro_pop_weighted_sum,45,4,-0.20496
service_span_hours & dest_metro_pop_weighted_sum,45,5,-0.1956
service_span_hours & dest_metro_pop_weighted_sum,45,6,-0.18413
service_span_hours & dest_metro_pop_weighted_sum,45,7,-0.18305
service_span_hours & dest_metro_pop_weighted_sum,45,8,-0.18105
service_span_hours & dest_metro_pop_weighted_sum,45,9,-0.17998
service_span_hours & dest_metro_pop_weighted_sum,45,10,-0.17291
service_span_hours & dest_metro_pop_weighted_sum,45,11,-0.12652
service_span_hours & dest_metro_pop_weighted_sum,45,12,-0.12342
service_span_hours & dest_metro_pop_weighted_sum,45,13,-0.10506
service_span_hours & dest_metro_pop_weighted_sum,45,14,-0.10165
service_span_hours & dest_metro_pop_weighted_sum,45,15,-0.09318
service_span_hours & dest_metro_pop_weighted_sum,45,16,-0.04895
service_span_hours & dest_metro_pop_weighted_sum,45,17,-0.04817
service_span_hours & dest_metro_pop_weighted_sum,45,18,-0.04743
service_span_hours & dest_metro_pop_weighted_sum,45,19,-0.04284
service_span_hours & dest_metro_pop_weighted_sum,45,20,-0.04249
service_span_hours & dest_metro_pop_weighted_sum,45,21,-0.04241
service_span_hours & dest_metro_pop_weighted_sum,45,22,-0.04208
service_span_hours & dest_metro_pop_weighted_sum,45,23,-0.04169
service_span_hours & dest_metro_pop_weighted_sum,45,24,-0.04094
service_span_hours & dest_metro_pop_weighted_sum,45,25,-0.04033
service_span_hours & dest_metro_pop_weighted_sum,45,26,-0.03978
service_span_hours & dest_metro_pop_weighted_sum,45,27,-0.03937
service_span_hours & dest_metro_pop_weighted_sum,45,28,-0.0372
service_span_hours & dest_metro_pop_weighted_sum,45,29,-0.03732
service_span_hours & dest_metro_pop_weighted_sum,45,30,-0.03054
service_span_hours & dest_metro_pop_weighted_sum,45,31,-0.04206
service_span_hours & dest_metro_pop_weighted_sum,45,32,-0.04759
service_span_hours & dest_metro_pop_weighted_sum,45,33,-0.04751
service_span_hours & dest_metro_pop_weighted_sum,45,34,-0.04733
service_span_hours & dest_metro_pop_weighted_sum,45,35,-0.05564
service_span_hours & dest_metro_pop_weighted_sum,45,36,-0.05517
service_span_hours & dest_metro_pop_weighted_sum,45,37,-0.05479
service_span_hours & dest_metro_pop_weighted_sum,45,38,-0.04552
service_span_hours & dest_metro_pop_weighted_sum,45,39,-0.03539
service_span_hours & dest_metro_pop_weighted_sum,45,40,-0.03536
service_span_hours & dest_metro_pop_weighted_sum,45,41,-0.03567
service_span_hours & dest_metro_pop_weighted_sum,45,42,-0.03543
service_span_hours & dest_metro_pop_weighted_sum,45,43,-0.035
service_span_hours & dest_metro_pop_weighted_sum,45,44,-0.03479
service_span_hours & dest_metro_pop_weighted_sum,45,45,-0.03095
service_span_hours & dest_metro_pop_weighted_sum,45,46,-0.0305
service_span_hours & dest_metro_pop_weighted_sum,45,47,-0.02917
service_span_hours & dest_metro_pop_weighted_sum,45,48,-0.0286
service_span_hours & dest_metro_pop_weighted_sum,45,49,-0.00937
service_span_hours & dest_metro_pop_weighted_sum,45,50,-0.0064
service_span_hours & dest_metro_pop_weighted_sum,45,51,-0.00587
service_span_hours & dest_metro_pop_weighted_sum,45,52,-0.00706
service_span_hours & dest_metro_pop_weighted_sum,45,53,-0.00706
service_span_hours & dest_metro_pop_weighted_sum,45,54,-0.00702
service_span_hours & dest_metro_pop_weighted_sum,45,55,-0.0087
service_span_hours & dest_metro_pop_weighted_sum,45,56,-0.00865
service_span_hours & dest_metro_pop_weighted_sum,45,57,-0.00832
service_span_hours & dest_metro_pop_weighted_sum,45,58,-0.00828
service_span_hours & dest_metro_pop_weighted_sum,45,59,-0.00512
service_span_hours & dest_metro_pop_weighted_sum,45,60,0.02201
service_span_hours & dest_metro_pop_weighted_sum,45,61,0.02256
service_span_hours & dest_metro_pop_weighted_sum,46,0,-0.19663
service_span_hours & dest_metro_pop_weighted_sum,46,1,-0.19595
service_span_hours & dest_metro_pop_weighted_sum,46,2,-0.18429
service_span_hours & dest_metro_pop_weighted_sum,46,3,-0.18882
service_span_hours & dest_metro_pop_weighted_sum,46,4,-0.18944
service_span_hours & dest_metro_pop_weighted_sum,46,5,-0.17958
service_span_hours & dest_metro_pop_weighted_sum,46,6,-0.16811
service_span_hours & dest_metro_pop_weighted_sum,46,7,-0.16703
service_span_hours & dest_metro_pop_weighted_sum,46,8,-0.16501
service_span_hours & dest_metro_pop_weighted_sum,46,9,-0.16394
service_span_hours & dest_metro_pop_weighted_sum,46,10,-0.15687
service_span_hours & dest_metro_pop_weighted_sum,46,11,-0.11041
service_span_hours & dest_metro_pop_weighted_sum,46,12,-0.10731
service_span_hours & dest_metro_pop_weighted_sum,46,13,-0.08877
service_span_hours & dest_metro_pop_weighted_sum,46,14,-0.08536
service_span_hours & dest_metro_pop_weighted_sum,46,15,-0.07696
service_span_hours & dest_metro_pop_weighted_sum,46,16,-0.03274
service_span_hours & dest_metro_pop_weighted_sum,46,17,-0.03196
service_span_hours & dest_metro_pop_weighted_sum,46,18,-0.03121
service_span_hours & dest_metro_pop_weighted_sum,46,19,-0.02663
service_span_hours & dest_metro_pop_weighted_sum,46,20,-0.02628
service_span_hours & dest_metro_pop_weighted_sum,46,21,-0.02619
service_span_hours & dest_metro_pop_weighted_sum,46,22,-0.02586
service_span_hours & dest_metro_pop_weighted_sum,46,23,-0.02552
service_span_hours & dest_metro_pop_weighted_sum,46,24,-0.02468
service_span_hours & dest_metro_pop_weighted_sum,46,25,-0.02407
service_span_hours & dest_metro_pop_weighted_sum,46,26,-0.02352
service_span_hours & dest_metro_pop_weighted_sum,46,27,-0.02311
service_span_hours & dest_metro_pop_weighted_sum,46,28,-0.02103
service_span_hours & dest_metro_pop_weighted_sum,46,29,-0.02115
service_span_hours & dest_metro_pop_weighted_sum,46,30,-0.02797
service_span_hours & dest_metro_pop_weighted_sum,46,31,-0.04475
service_span_hours & dest_metro_pop_weighted_sum,46,32,-0.05028
service_span_hours & dest_metro_pop_weighted_sum,46,33,-0.0502
service_span_hours & dest_metro_pop_weighted_sum,46,34,-0.05006
service_span_hours & dest_metro_pop_weighted_sum,46,35,-0.05837
service_span_hours & dest_metro_pop_weighted_sum,46,36,-0.0579
service_span_hours & dest_metro_pop_weighted_sum,46,37,-0.05752
service_span_hours & dest_metro_pop_weighted_sum,46,38,-0.04825
service_span_hours & dest_metro_pop_weighted_sum,46,39,-0.03813
service_span_hours & dest_metro_pop_weighted_sum,46,40,-0.0381
service_span_hours & dest_metro_pop_weighted_sum,46,41,-0.03841
service_span_hours & dest_metro_pop_weighted_sum,46,42,-0.03817
service_span_hours & dest_metro_pop_weighted_sum,46,43,-0.03774
service_span_hours & dest_metro_pop_weighted_sum,46,44,-0.03753
service_span_hours & dest_metro_pop_weighted_sum,46,45,-0.03368
service_span_hours & dest_metro_pop_weighted_sum,46,46,-0.03323
service_span_hours & dest_metro_pop_weighted_sum,46,47,-0.0319
service_span_hours & dest_metro_pop_weighted_sum,46,48,-0.03136
service_span_hours & dest_metro_pop_weighted_sum,46,49,-0.0122
service_span_hours & dest_metro_pop_weighted_sum,46,50,-0.00923
service_span_hours & dest_metro_pop_weighted_sum,46,51,-0.0087
service_span_hours & dest_metro_pop_weighted_sum,46,52,-0.00989
service_span_hours & dest_metro_pop_weighted_sum,46,53,-0.00992
service_span_hours & dest_metro_pop_weighted_sum,46,54,-0.00989
service_span_hours & dest_metro_pop_weighted_sum,46,55,-0.01157
service_span_hours & dest_metro_pop_weighted_sum,46,56,-0.0116
service_span_hours & dest_metro_pop_weighted_sum,46,57,-0.01137
service_span_hours & dest_metro_pop_weighted_sum,46,58,-0.01133
service_span_hours & dest_metro_pop_weighted_sum,46,59,-0.00817
service_span_hours & dest_metro_pop_weighted_sum,46,60,0.01889
service_span_hours & dest_metro_pop_weighted_sum,46,61,0.01945
service_span_hours & dest_metro_pop_weighted_sum,47,0,-0.17887
service_span_hours & dest_metro_pop_weighted_sum,47,1,-0.17819
service_span_hours & dest_metro_pop_weighted_sum,47,2,-0.16659
service_span_hours & dest_metro_pop_weighted_sum,47,3,-0.17112
service_span_hours & dest_metro_pop_weighted_sum,47,4,-0.17174
service_span_hours & dest_metro_pop_weighted_sum,47,5,-0.16188
service_span_hours & dest_metro_pop_weighted_sum,47,6,-0.15042
service_span_hours & dest_metro_pop_weighted_sum,47,7,-0.14933
service_span_hours & dest_metro_pop_weighted_sum,47,8,-0.14731
service_span_hours & dest_metro_pop_weighted_sum,47,9,-0.14624
service_span_hours & dest_metro_pop_weighted_sum,47,10,-0.13917
service_span_hours & dest_metro_pop_weighted_sum,47,11,-0.09279
service_span_hours & dest_metro_pop_weighted_sum,47,12,-0.08969
service_span_hours & dest_metro_pop_weighted_sum,47,13,-0.07122
service_span_hours & dest_metro_pop_weighted_sum,47,14,-0.06781
service_span_hours & dest_metro_pop_weighted_sum,47,15,-0.05941
service_span_hours & dest_metro_pop_weighted_sum,47,16,-0.01519
service_span_hours & dest_metro_pop_weighted_sum,47,17,-0.01441
service_span_hours & dest_metro_pop_weighted_sum,47,18,-0.01367
service_span_hours & dest_metro_pop_weighted_sum,47,19,-0.00908
service_span_hours & dest_metro_pop_weighted_sum,47,20,-0.00873
service_span_hours & dest_metro_pop_weighted_sum,47,21,-0.00865
service_span_hours & dest_metro_pop_weighted_sum,47,22,-0.00832
service_span_hours & dest_metro_pop_weighted_sum,47,23,-0.00797
service_span_hours & dest_metro_pop_weighted_sum,47,24,-0.00713
service_span_hours & dest_metro_pop_weighted_sum,47,25,-0.00663
service_span_hours & dest_metro_pop_weighted_sum,47,26,-0.00609
service_span_hours & dest_metro_pop_weighted_sum,47,27,-0.00567
service_span_hours & dest_metro_pop_weighted_sum,47,28,-0.0036
service_span_hours & dest_metro_pop_weighted_sum,47,29,-0.00371
service_span_hours & dest_metro_pop_weighted_sum,47,30,-0.02918
service_span_hours & dest_metro_pop_weighted_sum,47,31,-0.04596
service_span_hours & dest_metro_pop_weighted_sum,47,32,-0.05149
service_span_hours & dest_metro_pop_weighted_sum,47,33,-0.05141
service_span_hours & dest_metro_pop_weighted_sum,47,34,-0.05127
service_span_hours & dest_metro_pop_weighted_sum,47,35,-0.05958
service_span_hours & dest_metro_pop_weighted_sum,47,36,-0.05911
service_span_hours & dest_metro_pop_weighted_sum,47,37,-0.05873
service_span_hours & dest_metro_pop_weighted_sum,47,38,-0.04942
service_span_hours & dest_metro_pop_weighted_sum,47,39,-0.0393
service_span_hours & dest_metro_pop_weighted_sum,47,40,-0.03927
service_span_hours & dest_metro_pop_weighted_sum,47,41,-0.03958
service_span_hours & dest_metro_pop_weighted_sum,47,42,-0.03934
service_span_hours & dest_metro_pop_weighted_sum,47,43,-0.03897
service_span_hours & dest_metro_pop_weighted_sum,47,44,-0.03876
service_span_hours & dest_metro_pop_weighted_sum,47,45,-0.03492
service_span_hours & dest_metro_pop_weighted_sum,47,46,-0.03447
service_span_hours & dest_metro_pop_weighted_sum,47,47,-0.03314
service_span_hours & dest_metro_pop_weighted_sum,47,48,-0.03258
service_span_hours & dest_metro_pop_weighted_sum,47,49,-0.01342
service_span_hours & dest_metro_pop_weighted_sum,47,50,-0.01045
service_span_hours & dest_metro_pop_weighted_sum,47,51,-0.00992
service_span_hours & dest_metro_pop_weighted_sum,47,52,-0.0111
service_span_hours & dest_metro_pop_weighted_sum,47,53,-0.01114
service_span_hours & dest_metro_pop_weighted_sum,47,54,-0.01112
service_span_hours & dest_metro_pop_weighted_sum,47,55,-0.0128
service_span_hours & dest_metro_pop_weighted_sum,47,56,-0.01283
service_span_hours & dest_metro_pop_weighted_sum,47,57,-0.01261
service_span_hours & dest_metro_pop_weighted_sum,47,58,-0.01256
service_span_hours & dest_metro_pop_weighted_sum,47,59,-0.0094
service_span_hours & dest_metro_pop_weighted_sum,47,60,0.01766
service_span_hours & dest_metro_pop_weighted_sum,47,61,0.01821
service_span_hours & dest_metro_pop_weighted_sum,48,0,-0.17785
service_span_hours & dest_metro_pop_weighted_sum,48,1,-0.17716
service_span_hours & dest_metro_pop_weighted_sum,48,2,-0.16556
service_span_hours & dest_metro_pop_weighted_sum,48,3,-0.17009
service_span_hours & dest_metro_pop_weighted_sum,48,4,-0.17071
service_span_hours & dest_metro_pop_weighted_sum,48,5,-0.16086
service_span_hours & dest_metro_pop_weighted_sum,48,6,-0.14939
service_span_hours & dest_metro_pop_weighted_sum,48,7,-0.14836
service_span_hours & dest_metro_pop_weighted_sum,48,8,-0.14635
service_span_hours & dest_metro_pop_weighted_sum,48,9,-0.14529
service_span_hours & dest_metro_pop_weighted_sum,48,10,-0.13822
service_span_hours & dest_metro_pop_weighted_sum,48,11,-0.09184
service_span_hours & dest_metro_pop_weighted_sum,48,12,-0.08874
service_span_hours & dest_metro_pop_weighted_sum,48,13,-0.07026
service_span_hours & dest_metro_pop_weighted_sum,48,14,-0.06685
service_span_hours & dest_metro_pop_weighted_sum,48,15,-0.05846
service_span_hours & dest_metro_pop_weighted_sum,48,16,-0.01423
service_span_hours & dest_metro_pop_weighted_sum,48,17,-0.01345
service_span_hours & dest_metro_pop_weighted_sum,48,18,-0.01271
service_span_hours & dest_metro_pop_weighted_sum,48,19,-0.00813
service_span_hours & dest_metro_pop_weighted_sum,48,20,-0.00778
service_span_hours & dest_metro_pop_weighted_sum,48,21,-0.00777
service_span_hours & dest_metro_pop_weighted_sum,48,22,-0.00749
service_span_hours & dest_metro_pop_weighted_sum,48,23,-0.00725
service_span_hours & dest_metro_pop_weighted_sum,48,24,-0.00649
service_span_hours & dest_metro_pop_weighted_sum,48,25,-0.00599
service_span_hours & dest_metro_pop_weighted_sum,48,26,-0.00544
service_span_hours & dest_metro_pop_weighted_sum,48,27,-0.00503
service_span_hours & dest_metro_pop_weighted_sum,48,28,-0.00295
service_span_hours & dest_metro_pop_weighted_sum,48,29,-0.00307
service_span_hours & dest_metro_pop_weighted_sum,48,30,-0.02853
service_span_hours & dest_metro_pop_weighted_sum,48,31,-0.04545
service_span_hours & dest_metro_pop_weighted_sum,48,32,-0.05098
service_span_hours & dest_metro_pop_weighted_sum,48,33,-0.0509
service_span_hours & dest_metro_pop_weighted_sum,48,34,-0.0507
service_span_hours & dest_metro_pop_weighted_sum,48,35,-0.05901
service_span_hours & dest_metro_pop_weighted_sum,48,36,-0.05854
service_span_hours & dest_metro_pop_weighted_sum,48,37,-0.05816
service_span_hours & dest_metro_pop_weighted_sum,48,38,-0.04885
service_span_hours & dest_metro_pop_weighted_sum,48,39,-0.03873
service_span_hours & dest_metro_pop_weighted_sum,48,40,-0.03872
service_span_hours & dest_metro_pop_weighted_sum,48,41,-0.03905
service_span_hours & dest_metro_pop_weighted_sum,48,42,-0.03881
service_span_hours & dest_metro_pop_weighted_sum,48,43,-0.03849
service_span_hours & dest_metro_pop_weighted_sum,48,44,-0.03828
service_span_hours & dest_metro_pop_weighted_sum,48,45,-0.03444
service_span_hours & dest_metro_pop_weighted_sum,48,46,-0.03405
service_span_hours & dest_metro_pop_weighted_sum,48,47,-0.03272
service_span_hours & dest_metro_pop_weighted_sum,48,48,-0.03217
service_span_hours & dest_metro_pop_weighted_sum,48,49,-0.013
service_span_hours & dest_metro_pop_weighted_sum,48,50,-0.01003
service_span_hours & dest_metro_pop_weighted_sum,48,51,-0.0095
service_span_hours & dest_metro_pop_weighted_sum,48,52,-0.01069
service_span_hours & dest_metro_pop_weighted_sum,48,53,-0.01073
service_span_hours & dest_metro_pop_weighted_sum,48,54,-0.01071
service_span_hours & dest_metro_pop_weighted_sum,48,55,-0.01239
service_span_hours & dest_metro_pop_weighted_sum,48,56,-0.01242
service_span_hours & dest_metro_pop_weighted_sum,48,57,-0.01227
service_span_hours & dest_metro_pop_weighted_sum,48,58,-0.0123
service_span_hours & dest_metro_pop_weighted_sum,48,59,-0.0118
service_span_hours & dest_metro_pop_weighted_sum,48,60,0.01527
service_span_hours & dest_metro_pop_weighted_sum,48,61,0.01582
service_span_hours & dest_metro_pop_weighted_sum,49,0,-0.12866
service_span_hours & dest_metro_pop_weighted_sum,49,1,-0.12807
service_span_hours & dest_metro_pop_weighted_sum,49,2,-0.11655
service_span_hours & dest_metro_pop_weighted_sum,49,3,-0.12107
service_span_hours & dest_metro_pop_weighted_sum,49,4,-0.12169
service_span_hours & dest_metro_pop_weighted_sum,49,5,-0.11184
service_span_hours & dest_metro_pop_weighted_sum,49,6,-0.10037
service_span_hours & dest_metro_pop_weighted_sum,49,7,-0.09934
service_span_hours & dest_metro_pop_weighted_sum,49,8,-0.10194
service_span_hours & dest_metro_pop_weighted_sum,49,9,-0.10088
service_span_hours & dest_metro_pop_weighted_sum,49,10,-0.09369
service_span_hours & dest_metro_pop_weighted_sum,49,11,-0.0473
service_span_hours & dest_metro_pop_weighted_sum,49,12,-0.0442
service_span_hours & dest_metro_pop_weighted_sum,49,13,-0.02573
service_span_hours & dest_metro_pop_weighted_sum,49,14,-0.02232
service_span_hours & dest_metro_pop_weighted_sum,49,15,-0.0138
service_span_hours & dest_metro_pop_weighted_sum,49,16,0.03036
service_span_hours & dest_metro_pop_weighted_sum,49,17,0.03115
service_span_hours & dest_metro_pop_weighted_sum,49,18,0.03189
service_span_hours & dest_metro_pop_weighted_sum,49,19,0.03647
service_span_hours & dest_metro_pop_weighted_sum,49,20,0.03682
service_span_hours & dest_metro_pop_weighted_sum,49,21,0.03683
service_span_hours & dest_metro_pop_weighted_sum,49,22,0.03703
service_span_hours & dest_metro_pop_weighted_sum,49,23,0.03727
service_span_hours & dest_metro_pop_weighted_sum,49,24,0.03803
service_span_hours & dest_metro_pop_weighted_sum,49,25,0.03853
service_span_hours & dest_metro_pop_weighted_sum,49,26,0.03907
service_span_hours & dest_metro_pop_weighted_sum,49,27,0.03949
service_span_hours & dest_metro_pop_weighted_sum,49,28,0.03517
service_span_hours & dest_metro_pop_weighted_sum,49,29,0.03505
service_span_hours & dest_metro_pop_weighted_sum,49,30,-0.02027
service_span_hours & dest_metro_pop_weighted_sum,49,31,-0.03719
service_span_hours & dest_metro_pop_weighted_sum,49,32,-0.04276
service_span_hours & dest_metro_pop_weighted_sum,49,33,-0.04279
service_span_hours & dest_metro_pop_weighted_sum,49,34,-0.04259
service_span_hours & dest_metro_pop_weighted_sum,49,35,-0.0509
service_span_hours & dest_metro_pop_weighted_sum,49,36,-0.05046
service_span_hours & dest_metro_pop_weighted_sum,49,37,-0.05009
service_span_hours & dest_metro_pop_weighted_sum,49,38,-0.04078
service_span_hours & dest_metro_pop_weighted_sum,49,39,-0.03066
service_span_hours & dest_metro_pop_weighted_sum,49,40,-0.03065
service_span_hours & dest_metro_pop_weighted_sum,49,41,-0.03303
service_span_hours & dest_metro_pop_weighted_sum,49,42,-0.0328
service_span_hours & dest_metro_pop_weighted_sum,49,43,-0.03251
service_span_hours & dest_metro_pop_weighted_sum,49,44,-0.0323
service_span_hours & dest_metro_pop_weighted_sum,49,45,-0.02845
service_span_hours & dest_metro_pop_weighted_sum,49,46,-0.02805
service_span_hours & dest_metro_pop_weighted_sum,49,47,-0.02673
service_span_hours & dest_metro_pop_weighted_sum,49,48,-0.02617
service_span_hours & dest_metro_pop_weighted_sum,49,49,-0.00701
service_span_hours & dest_metro_pop_weighted_sum,49,50,-0.00405
service_span_hours & dest_metro_pop_weighted_sum,49,51,-0.00352
service_span_hours & dest_metro_pop_weighted_sum,49,52,-0.0047
service_span_hours & dest_metro_pop_weighted_sum,49,53,-0.00474
service_span_hours & dest_metro_pop_weighted_sum,49,54,-0.00472
service_span_hours & dest_metro_pop_weighted_sum,49,55,-0.00654
service_span_hours & dest_metro_pop_weighted_sum,49,56,-0.00758
service_span_hours & dest_metro_pop_weighted_sum,49,57,-0.00744
service_span_hours & dest_metro_pop_weighted_sum,49,58,-0.00746
service_span_hours & dest_metro_pop_weighted_sum,49,59,-0.00696
service_span_hours & dest_metro_pop_weighted_sum,49,60,-0.00639
service_span_hours & dest_metro_pop_weighted_sum,49,61,-0.006
service_span_hours & dest_metro_pop_weighted_sum,50,0,-0.12231
service_span_hours & dest_metro_pop_weighted_sum,50,1,-0.12188
service_span_hours & dest_metro_pop_weighted_sum,50,2,-0.11035
service_span_hours & dest_metro_pop_weighted_sum,50,3,-0.11488
service_span_hours & dest_metro_pop_weighted_sum,50,4,-0.1155
service_span_hours & dest_metro_pop_weighted_sum,50,5,-0.10565
service_span_hours & dest_metro_pop_weighted_sum,50,6,-0.09418
service_span_hours & dest_metro_pop_weighted_sum,50,7,-0.093
service_span_hours & dest_metro_pop_weighted_sum,50,8,-0.0956
service_span_hours & dest_metro_pop_weighted_sum,50,9,-0.09454
service_span_hours & dest_metro_pop_weighted_sum,50,10,-0.08735
service_span_hours & dest_metro_pop_weighted_sum,50,11,-0.04307
service_span_hours & dest_metro_pop_weighted_sum,50,12,-0.04058
service_span_hours & dest_metro_pop_weighted_sum,50,13,-0.02211
service_span_hours & dest_metro_pop_weighted_sum,50,14,-0.0187
service_span_hours & dest_metro_pop_weighted_sum,50,15,-0.01018
service_span_hours & dest_metro_pop_weighted_sum,50,16,0.03405
service_span_hours & dest_metro_pop_weighted_sum,50,17,0.03478
service_span_hours & dest_metro_pop_weighted_sum,50,18,0.03551
service_span_hours & dest_metro_pop_weighted_sum,50,19,0.04009
service_span_hours & dest_metro_pop_weighted_sum,50,20,0.04044
service_span_hours & dest_metro_pop_weighted_sum,50,21,0.04045
service_span_hours & dest_metro_pop_weighted_sum,50,22,0.04065
service_span_hours & dest_metro_pop_weighted_sum,50,23,0.04089
service_span_hours & dest_metro_pop_weighted_sum,50,24,0.04165
service_span_hours & dest_metro_pop_weighted_sum,50,25,0.04215
service_span_hours & dest_metro_pop_weighted_sum,50,26,0.04269
service_span_hours & dest_metro_pop_weighted_sum,50,27,0.04311
service_span_hours & dest_metro_pop_weighted_sum,50,28,0.03879
service_span_hours & dest_metro_pop_weighted_sum,50,29,0.03867
service_span_hours & dest_metro_pop_weighted_sum,50,30,-0.02027
service_span_hours & dest_metro_pop_weighted_sum,50,31,-0.03785
service_span_hours & dest_metro_pop_weighted_sum,50,32,-0.04342
service_span_hours & dest_metro_pop_weighted_sum,50,33,-0.04346
service_span_hours & dest_metro_pop_weighted_sum,50,34,-0.04328
service_span_hours & dest_metro_pop_weighted_sum,50,35,-0.05159
service_span_hours & dest_metro_pop_weighted_sum,50,36,-0.05111
service_span_hours & dest_metro_pop_weighted_sum,50,37,-0.05084
service_span_hours & dest_metro_pop_weighted_sum,50,38,-0.04153
service_span_hours & dest_metro_pop_weighted_sum,50,39,-0.03139
service_span_hours & dest_metro_pop_weighted_sum,50,40,-0.0314
service_span_hours & dest_metro_pop_weighted_sum,50,41,-0.03378
service_span_hours & dest_metro_pop_weighted_sum,50,42,-0.03362
service_span_hours & dest_metro_pop_weighted_sum,50,43,-0.03333
service_span_hours & dest_metro_pop_weighted_sum,50,44,-0.03312
service_span_hours & dest_metro_pop_weighted_sum,50,45,-0.0293
service_span_hours & dest_metro_pop_weighted_sum,50,46,-0.02897
service_span_hours & dest_metro_pop_weighted_sum,50,47,-0.02764
service_span_hours & dest_metro_pop_weighted_sum,50,48,-0.02714
service_span_hours & dest_metro_pop_weighted_sum,50,49,-0.01307
service_span_hours & dest_metro_pop_weighted_sum,50,50,-0.01011
service_span_hours & dest_metro_pop_weighted_sum,50,51,-0.00955
service_span_hours & dest_metro_pop_weighted_sum,50,52,-0.01074
service_span_hours & dest_metro_pop_weighted_sum,50,53,-0.01077
service_span_hours & dest_metro_pop_weighted_sum,50,54,-0.01079
service_span_hours & dest_metro_pop_weighted_sum,50,55,-0.01264
service_span_hours & dest_metro_pop_weighted_sum,50,56,-0.01371
service_span_hours & dest_metro_pop_weighted_sum,50,57,-0.01359
service_span_hours & dest_metro_pop_weighted_sum,50,58,-0.01362
service_span_hours & dest_metro_pop_weighted_sum,50,59,-0.01319
service_span_hours & dest_metro_pop_weighted_sum,50,60,-0.01263
service_span_hours & dest_metro_pop_weighted_sum,50,61,-0.01223
service_span_hours & dest_metro_pop_weighted_sum,51,0,-0.12331
service_span_hours & dest_metro_pop_weighted_sum,51,1,-0.12288
service_span_hours & dest_metro_pop_weighted_sum,51,2,-0.11136
service_span_hours & dest_metro_pop_weighted_sum,51,3,-0.11588
service_span_hours & dest_metro_pop_weighted_sum,51,4,-0.11636
service_span_hours & dest_metro_pop_weighted_sum,51,5,-0.10651
service_span_hours & dest_metro_pop_weighted_sum,51,6,-0.09376
service_span_hours & dest_metro_pop_weighted_sum,51,7,-0.09256
service_span_hours & dest_metro_pop_weighted_sum,51,8,-0.09516
service_span_hours & dest_metro_pop_weighted_sum,51,9,-0.0941
service_span_hours & dest_metro_pop_weighted_sum,51,10,-0.08691
service_span_hours & dest_metro_pop_weighted_sum,51,11,-0.04275
service_span_hours & dest_metro_pop_weighted_sum,51,12,-0.04026
service_span_hours & dest_metro_pop_weighted_sum,51,13,-0.02179
service_span_hours & dest_metro_pop_weighted_sum,51,14,-0.01838
service_span_hours & dest_metro_pop_weighted_sum,51,15,-0.0099
service_span_hours & dest_metro_pop_weighted_sum,51,16,0.03433
service_span_hours & dest_metro_pop_weighted_sum,51,17,0.03505
service_span_hours & dest_metro_pop_weighted_sum,51,18,0.03578
service_span_hours & dest_metro_pop_weighted_sum,51,19,0.04036
service_span_hours & dest_metro_pop_weighted_sum,51,20,0.04071
service_span_hours & dest_metro_pop_weighted_sum,51,21,0.04072
service_span_hours & dest_metro_pop_weighted_sum,51,22,0.04092
service_span_hours & dest_metro_pop_weighted_sum,51,23,0.04116
service_span_hours & dest_metro_pop_weighted_sum,51,24,0.04192
service_span_hours & dest_metro_pop_weighted_sum,51,25,0.04231
service_span_hours & dest_metro_pop_weighted_sum,51,26,0.04286
service_span_hours & dest_metro_pop_weighted_sum,51,27,0.04327
service_span_hours & dest_metro_pop_weighted_sum,51,28,0.03895
service_span_hours & dest_metro_pop_weighted_sum,51,29,0.03884
service_span_hours & dest_metro_pop_weighted_sum,51,30,-0.0201
service_span_hours & dest_metro_pop_weighted_sum,51,31,-0.03769
service_span_hours & dest_metro_pop_weighted_sum,51,32,-0.04326
service_span_hours & dest_metro_pop_weighted_sum,51,33,-0.0433
service_span_hours & dest_metro_pop_weighted_sum,51,34,-0.04298
service_span_hours & dest_metro_pop_weighted_sum,51,35,-0.05129
service_span_hours & dest_metro_pop_weighted_sum,51,36,-0.05081
service_span_hours & dest_metro_pop_weighted_sum,51,37,-0.05054
service_span_hours & dest_metro_pop_weighted_sum,51,38,-0.04125
service_span_hours & dest_metro_pop_weighted_sum,51,39,-0.03111
service_span_hours & dest_metro_pop_weighted_sum,51,40,-0.03112
service_span_hours & dest_metro_pop_weighted_sum,51,41,-0.0335
service_span_hours & dest_metro_pop_weighted_sum,51,42,-0.03334
service_span_hours & dest_metro_pop_weighted_sum,51,43,-0.0331
service_span_hours & dest_metro_pop_weighted_sum,51,44,-0.03294
service_span_hours & dest_metro_pop_weighted_sum,51,45,-0.02911
service_span_hours & dest_metro_pop_weighted_sum,51,46,-0.02885
service_span_hours & dest_metro_pop_weighted_sum,51,47,-0.02754
service_span_hours & dest_metro_pop_weighted_sum,51,48,-0.02704
service_span_hours & dest_metro_pop_weighted_sum,51,49,-0.01297
service_span_hours & dest_metro_pop_weighted_sum,51,50,-0.01005
service_span_hours & dest_metro_pop_weighted_sum,51,51,-0.0095
service_span_hours & dest_metro_pop_weighted_sum,51,52,-0.01069
service_span_hours & dest_metro_pop_weighted_sum,51,53,-0.01072
service_span_hours & dest_metro_pop_weighted_sum,51,54,-0.01074
service_span_hours & dest_metro_pop_weighted_sum,51,55,-0.01259
service_span_hours & dest_metro_pop_weighted_sum,51,56,-0.01366
service_span_hours & dest_metro_pop_weighted_sum,51,57,-0.01356
service_span_hours & dest_metro_pop_weighted_sum,51,58,-0.01359
service_span_hours & dest_metro_pop_weighted_sum,51,59,-0.01316
service_span_hours & dest_metro_pop_weighted_sum,51,60,-0.01259
service_span_hours & dest_metro_pop_weighted_sum,51,61,-0.01223
service_span_hours & dest_metro_pop_weighted_sum,52,0,-0.12267
service_span_hours & dest_metro_pop_weighted_sum,52,1,-0.12224
service_span_hours & dest_metro_pop_weighted_sum,52,2,-0.11078
service_span_hours & dest_metro_pop_weighted_sum,52,3,-0.11531
service_span_hours & dest_metro_pop_weighted_sum,52,4,-0.11571
service_span_hours & dest_metro_pop_weighted_sum,52,5,-0.10586
service_span_hours & dest_metro_pop_weighted_sum,52,6,-0.09312
service_span_hours & dest_metro_pop_weighted_sum,52,7,-0.0918
service_span_hours & dest_metro_pop_weighted_sum,52,8,-0.09443
service_span_hours & dest_metro_pop_weighted_sum,52,9,-0.09337
service_span_hours & dest_metro_pop_weighted_sum,52,10,-0.08629
service_span_hours & dest_metro_pop_weighted_sum,52,11,-0.04213
service_span_hours & dest_metro_pop_weighted_sum,52,12,-0.03953
service_span_hours & dest_metro_pop_weighted_sum,52,13,-0.02107
service_span_hours & dest_metro_pop_weighted_sum,52,14,-0.0176
service_span_hours & dest_metro_pop_weighted_sum,52,15,-0.00913
service_span_hours & dest_metro_pop_weighted_sum,52,16,0.0351
service_span_hours & dest_metro_pop_weighted_sum,52,17,0.03583
service_span_hours & dest_metro_pop_weighted_sum,52,18,0.03655
service_span_hours & dest_metro_pop_weighted_sum,52,19,0.04107
service_span_hours & dest_metro_pop_weighted_sum,52,20,0.04134
service_span_hours & dest_metro_pop_weighted_sum,52,21,0.04135
service_span_hours & dest_metro_pop_weighted_sum,52,22,0.04154
service_span_hours & dest_metro_pop_weighted_sum,52,23,0.04167
service_span_hours & dest_metro_pop_weighted_sum,52,24,0.04242
service_span_hours & dest_metro_pop_weighted_sum,52,25,0.04287
service_span_hours & dest_metro_pop_weighted_sum,52,26,0.04337
service_span_hours & dest_metro_pop_weighted_sum,52,27,0.04378
service_span_hours & dest_metro_pop_weighted_sum,52,28,0.03923
service_span_hours & dest_metro_pop_weighted_sum,52,29,0.03911
service_span_hours & dest_metro_pop_weighted_sum,52,30,-0.01982
service_span_hours & dest_metro_pop_weighted_sum,52,31,-0.03741
service_span_hours & dest_metro_pop_weighted_sum,52,32,-0.04299
service_span_hours & dest_metro_pop_weighted_sum,52,33,-0.04307
service_span_hours & dest_metro_pop_weighted_sum,52,34,-0.04276
service_span_hours & dest_metro_pop_weighted_sum,52,35,-0.05099
service_span_hours & dest_metro_pop_weighted_sum,52,36,-0.0505
service_span_hours & dest_metro_pop_weighted_sum,52,37,-0.05021
service_span_hours & dest_metro_pop_weighted_sum,52,38,-0.04088
service_span_hours & dest_metro_pop_weighted_sum,52,39,-0.03072
service_span_hours & dest_metro_pop_weighted_sum,52,40,-0.03073
service_span_hours & dest_metro_pop_weighted_sum,52,41,-0.03311
service_span_hours & dest_metro_pop_weighted_sum,52,42,-0.03293
service_span_hours & dest_metro_pop_weighted_sum,52,43,-0.0327
service_span_hours & dest_metro_pop_weighted_sum,52,44,-0.03253
service_span_hours & dest_metro_pop_weighted_sum,52,45,-0.02871
service_span_hours & dest_metro_pop_weighted_sum,52,46,-0.02844
service_span_hours & dest_metro_pop_weighted_sum,52,47,-0.02714
service_span_hours & dest_metro_pop_weighted_sum,52,48,-0.02664
service_span_hours & dest_metro_pop_weighted_sum,52,49,-0.01259
service_span_hours & dest_metro_pop_weighted_sum,52,50,-0.00968
service_span_hours & dest_metro_pop_weighted_sum,52,51,-0.00913
service_span_hours & dest_metro_pop_weighted_sum,52,52,-0.01032
service_span_hours & dest_metro_pop_weighted_sum,52,53,-0.01036
service_span_hours & dest_metro_pop_weighted_sum,52,54,-0.01037
service_span_hours & dest_metro_pop_weighted_sum,52,55,-0.01223
service_span_hours & dest_metro_pop_weighted_sum,52,56,-0.01329
service_span_hours & dest_metro_pop_weighted_sum,52,57,-0.01319
service_span_hours & dest_metro_pop_weighted_sum,52,58,-0.01322
service_span_hours & dest_metro_pop_weighted_sum,52,59,-0.01279
service_span_hours & dest_metro_pop_weighted_sum,52,60,-0.01223
service_span_hours & dest_metro_pop_weighted_sum,52,61,-0.01184
service_span_hours & dest_metro_pop_weighted_sum,53,0,-0.12156
service_span_hours & dest_metro_pop_weighted_sum,53,1,-0.12113
service_span_hours & dest_metro_pop_weighted_sum,53,2,-0.10967
service_span_hours & dest_metro_pop_weighted_sum,53,3,-0.1142
service_span_hours & dest_metro_pop_weighted_sum,53,4,-0.11459
service_span_hours & dest_metro_pop_weighted_sum,53,5,-0.10475
service_span_hours & dest_metro_pop_weighted_sum,53,6,-0.092
service_span_hours & dest_metro_pop_weighted_sum,53,7,-0.09069
service_span_hours & dest_metro_pop_weighted_sum,53,8,-0.09332
service_span_hours & dest_metro_pop_weighted_sum,53,9,-0.09212
service_span_hours & dest_metro_pop_weighted_sum,53,10,-0.08504
service_span_hours & dest_metro_pop_weighted_sum,53,11,-0.04088
service_span_hours & dest_metro_pop_weighted_sum,53,12,-0.03828
service_span_hours & dest_metro_pop_weighted_sum,53,13,-0.01982
service_span_hours & dest_metro_pop_weighted_sum,53,14,-0.01635
service_span_hours & dest_metro_pop_weighted_sum,53,15,-0.00788
service_span_hours & dest_metro_pop_weighted_sum,53,16,0.03635
service_span_hours & dest_metro_pop_weighted_sum,53,17,0.03708
service_span_hours & dest_metro_pop_weighted_sum,53,18,0.0378
service_span_hours & dest_metro_pop_weighted_sum,53,19,0.04232
service_span_hours & dest_metro_pop_weighted_sum,53,20,0.04259
service_span_hours & dest_metro_pop_weighted_sum,53,21,0.0426
service_span_hours & dest_metro_pop_weighted_sum,53,22,0.04279
service_span_hours & dest_metro_pop_weighted_sum,53,23,0.04277
service_span_hours & dest_metro_pop_weighted_sum,53,24,0.04341
service_span_hours & dest_metro_pop_weighted_sum,53,25,0.04386
service_span_hours & dest_metro_pop_weighted_sum,53,26,0.04432
service_span_hours & dest_metro_pop_weighted_sum,53,27,0.04473
service_span_hours & dest_metro_pop_weighted_sum,53,28,0.04013
service_span_hours & dest_metro_pop_weighted_sum,53,29,0.04001
service_span_hours & dest_metro_pop_weighted_sum,53,30,-0.01926
service_span_hours & dest_metro_pop_weighted_sum,53,31,-0.03696
service_span_hours & dest_metro_pop_weighted_sum,53,32,-0.04254
service_span_hours & dest_metro_pop_weighted_sum,53,33,-0.04267
service_span_hours & dest_metro_pop_weighted_sum,53,34,-0.04218
service_span_hours & dest_metro_pop_weighted_sum,53,35,-0.05031
service_span_hours & dest_metro_pop_weighted_sum,53,36,-0.04982
service_span_hours & dest_metro_pop_weighted_sum,53,37,-0.04952
service_span_hours & dest_metro_pop_weighted_sum,53,38,-0.04016
service_span_hours & dest_metro_pop_weighted_sum,53,39,-0.03
service_span_hours & dest_metro_pop_weighted_sum,53,40,-0.03001
service_span_hours & dest_metro_pop_weighted_sum,53,41,-0.03238
service_span_hours & dest_metro_pop_weighted_sum,53,42,-0.0322
service_span_hours & dest_metro_pop_weighted_sum,53,43,-0.03196
service_span_hours & dest_metro_pop_weighted_sum,53,44,-0.03179
service_span_hours & dest_metro_pop_weighted_sum,53,45,-0.02797
service_span_hours & dest_metro_pop_weighted_sum,53,46,-0.02774
service_span_hours & dest_metro_pop_weighted_sum,53,47,-0.02639
service_span_hours & dest_metro_pop_weighted_sum,53,48,-0.02589
service_span_hours & dest_metro_pop_weighted_sum,53,49,-0.0118
service_span_hours & dest_metro_pop_weighted_sum,53,50,-0.00889
service_span_hours & dest_metro_pop_weighted_sum,53,51,-0.00834
service_span_hours & dest_metro_pop_weighted_sum,53,52,-0.00527
service_span_hours & dest_metro_pop_weighted_sum,53,53,-0.0053
service_span_hours & dest_metro_pop_weighted_sum,53,54,-0.00531
service_span_hours & dest_metro_pop_weighted_sum,53,55,-0.00717
service_span_hours & dest_metro_pop_weighted_sum,53,56,-0.00824
service_span_hours & dest_metro_pop_weighted_sum,53,57,-0.00813
service_span_hours & dest_metro_pop_weighted_sum,53,58,-0.00816
service_span_hours & dest_metro_pop_weighted_sum,53,59,-0.00774
service_span_hours & dest_metro_pop_weighted_sum,53,60,-0.00717
service_span_hours & dest_metro_pop_weighted_sum,53,61,-0.00677
service_span_hours & dest_metro_pop_weighted_sum,54,0,-0.10772
service_span_hours & dest_metro_pop_weighted_sum,54,1,-0.10729
service_span_hours & dest_metro_pop_weighted_sum,54,2,-0.09583
service_span_hours & dest_metro_pop_weighted_sum,54,3,-0.10036
service_span_hours & dest_metro_pop_weighted_sum,54,4,-0.1007
service_span_hours & dest_metro_pop_weighted_sum,54,5,-0.09086
service_span_hours & dest_metro_pop_weighted_sum,54,6,-0.07811
service_span_hours & dest_metro_pop_weighted_sum,54,7,-0.07675
service_span_hours & dest_metro_pop_weighted_sum,54,8,-0.07938
service_span_hours & dest_metro_pop_weighted_sum,54,9,-0.07818
service_span_hours & dest_metro_pop_weighted_sum,54,10,-0.0711
service_span_hours & dest_metro_pop_weighted_sum,54,11,-0.02694
service_span_hours & dest_metro_pop_weighted_sum,54,12,-0.02434
service_span_hours & dest_metro_pop_weighted_sum,54,13,-0.00588
service_span_hours & dest_metro_pop_weighted_sum,54,14,-0.00244
service_span_hours & dest_metro_pop_weighted_sum,54,15,0.00604
service_span_hours & dest_metro_pop_weighted_sum,54,16,0.05027
service_span_hours & dest_metro_pop_weighted_sum,54,17,0.05099
service_span_hours & dest_metro_pop_weighted_sum,54,18,0.05172
service_span_hours & dest_metro_pop_weighted_sum,54,19,0.05624
service_span_hours & dest_metro_pop_weighted_sum,54,20,0.0565
service_span_hours & dest_metro_pop_weighted_sum,54,21,0.05651
service_span_hours & dest_metro_pop_weighted_sum,54,22,0.05659
service_span_hours & dest_metro_pop_weighted_sum,54,23,0.05657
service_span_hours & dest_metro_pop_weighted_sum,54,24,0.05721
service_span_hours & dest_metro_pop_weighted_sum,54,25,0.05765
service_span_hours & dest_metro_pop_weighted_sum,54,26,0.05808
service_span_hours & dest_metro_pop_weighted_sum,54,27,0.05849
service_span_hours & dest_metro_pop_weighted_sum,54,28,0.05379
service_span_hours & dest_metro_pop_weighted_sum,54,29,0.05367
service_span_hours & dest_metro_pop_weighted_sum,54,30,-0.00821
service_span_hours & dest_metro_pop_weighted_sum,54,31,-0.02591
service_span_hours & dest_metro_pop_weighted_sum,54,32,-0.03149
service_span_hours & dest_metro_pop_weighted_sum,54,33,-0.0317
service_span_hours & dest_metro_pop_weighted_sum,54,34,-0.03121
service_span_hours & dest_metro_pop_weighted_sum,54,35,-0.03935
service_span_hours & dest_metro_pop_weighted_sum,54,36,-0.03886
service_span_hours & dest_metro_pop_weighted_sum,54,37,-0.0385
service_span_hours & dest_metro_pop_weighted_sum,54,38,-0.02913
service_span_hours & dest_metro_pop_weighted_sum,54,39,-0.01897
service_span_hours & dest_metro_pop_weighted_sum,54,40,-0.01932
service_span_hours & dest_metro_pop_weighted_sum,54,41,-0.02186
service_span_hours & dest_metro_pop_weighted_sum,54,42,-0.02168
service_span_hours & dest_metro_pop_weighted_sum,54,43,-0.02144
service_span_hours & dest_metro_pop_weighted_sum,54,44,-0.02136
service_span_hours & dest_metro_pop_weighted_sum,54,45,-0.0275
service_span_hours & dest_metro_pop_weighted_sum,54,46,-0.02725
service_span_hours & dest_metro_pop_weighted_sum,54,47,-0.0259
service_span_hours & dest_metro_pop_weighted_sum,54,48,-0.0254
service_span_hours & dest_metro_pop_weighted_sum,54,49,-0.01131
service_span_hours & dest_metro_pop_weighted_sum,54,50,-0.00838
service_span_hours & dest_metro_pop_weighted_sum,54,51,-0.00771
service_span_hours & dest_metro_pop_weighted_sum,54,52,-0.00466
service_span_hours & dest_metro_pop_weighted_sum,54,53,-0.00469
service_span_hours & dest_metro_pop_weighted_sum,54,54,-0.00468
service_span_hours & dest_metro_pop_weighted_sum,54,55,-0.00654
service_span_hours & dest_metro_pop_weighted_sum,54,56,-0.00761
service_span_hours & dest_metro_pop_weighted_sum,54,57,-0.00751
service_span_hours & dest_metro_pop_weighted_sum,54,58,-0.00763
service_span_hours & dest_metro_pop_weighted_sum,54,59,-0.00721
service_span_hours & dest_metro_pop_weighted_sum,54,60,-0.00668
service_span_hours & dest_metro_pop_weighted_sum,54,61,-0.00632
service_span_hours & dest_metro_pop_weighted_sum,55,0,-0.12692
service_span_hours & dest_metro_pop_weighted_sum,55,1,-0.1265
service_span_hours & dest_metro_pop_weighted_sum,55,2,-0.11504
service_span_hours & dest_metro_pop_weighted_sum,55,3,-0.11957
service_span_hours & dest_metro_pop_weighted_sum,55,4,-0.1199
service_span_hours & dest_metro_pop_weighted_sum,55,5,-0.11006
service_span_hours & dest_metro_pop_weighted_sum,55,6,-0.09731
service_span_hours & dest_metro_pop_weighted_sum,55,7,-0.09595
service_span_hours & dest_metro_pop_weighted_sum,55,8,-0.09858
service_span_hours & dest_metro_pop_weighted_sum,55,9,-0.0964
service_span_hours & dest_metro_pop_weighted_sum,55,10,-0.08876
service_span_hours & dest_metro_pop_weighted_sum,55,11,-0.04421
service_span_hours & dest_metro_pop_weighted_sum,55,12,-0.04162
service_span_hours & dest_metro_pop_weighted_sum,55,13,-0.02316
service_span_hours & dest_metro_pop_weighted_sum,55,14,-0.01971
service_span_hours & dest_metro_pop_weighted_sum,55,15,-0.01071
service_span_hours & dest_metro_pop_weighted_sum,55,16,0.03352
service_span_hours & dest_metro_pop_weighted_sum,55,17,0.03425
service_span_hours & dest_metro_pop_weighted_sum,55,18,0.03497
service_span_hours & dest_metro_pop_weighted_sum,55,19,0.04384
service_span_hours & dest_metro_pop_weighted_sum,55,20,0.0444
service_span_hours & dest_metro_pop_weighted_sum,55,21,0.04439
service_span_hours & dest_metro_pop_weighted_sum,55,22,0.04447
service_span_hours & dest_metro_pop_weighted_sum,55,23,0.04445
service_span_hours & dest_metro_pop_weighted_sum,55,24,0.04509
service_span_hours & dest_metro_pop_weighted_sum,55,25,0.05376
service_span_hours & dest_metro_pop_weighted_sum,55,26,0.05665
service_span_hours & dest_metro_pop_weighted_sum,55,27,0.05706
service_span_hours & dest_metro_pop_weighted_sum,55,28,0.05239
service_span_hours & dest_metro_pop_weighted_sum,55,29,0.05228
service_span_hours & dest_metro_pop_weighted_sum,55,30,-0.0096
service_span_hours & dest_metro_pop_weighted_sum,55,31,-0.0273
service_span_hours & dest_metro_pop_weighted_sum,55,32,-0.03288
service_span_hours & dest_metro_pop_weighted_sum,55,33,-0.03302
service_span_hours & dest_metro_pop_weighted_sum,55,34,-0.02622
service_span_hours & dest_metro_pop_weighted_sum,55,35,-0.02207
service_span_hours & dest_metro_pop_weighted_sum,55,36,-0.0185
service_span_hours & dest_metro_pop_weighted_sum,55,37,-0.01793
service_span_hours & dest_metro_pop_weighted_sum,55,38,-0.00842
service_span_hours & dest_metro_pop_weighted_sum,55,39,0.00174
service_span_hours & dest_metro_pop_weighted_sum,55,40,0.00139
service_span_hours & dest_metro_pop_weighted_sum,55,41,-0.00111
service_span_hours & dest_metro_pop_weighted_sum,55,42,-0.00093
service_span_hours & dest_metro_pop_weighted_sum,55,43,-0.00069
service_span_hours & dest_metro_pop_weighted_sum,55,44,-0.00061
service_span_hours & dest_metro_pop_weighted_sum,55,45,-0.00675
service_span_hours & dest_metro_pop_weighted_sum,55,46,-0.0065
service_span_hours & dest_metro_pop_weighted_sum,55,47,-0.00504
service_span_hours & dest_metro_pop_weighted_sum,55,48,-0.00445
service_span_hours & dest_metro_pop_weighted_sum,55,49,0.00964
service_span_hours & dest_metro_pop_weighted_sum,55,50,0.01267
service_span_hours & dest_metro_pop_weighted_sum,55,51,0.01343
service_span_hours & dest_metro_pop_weighted_sum,55,52,0.01648
service_span_hours & dest_metro_pop_weighted_sum,55,53,0.01645
service_span_hours & dest_metro_pop_weighted_sum,55,54,0.01645
service_span_hours & dest_metro_pop_weighted_sum,55,55,0.01454
service_span_hours & dest_metro_pop_weighted_sum,55,56,0.0135
service_span_hours & dest_metro_pop_weighted_sum,55,57,0.0136
service_span_hours & dest_metro_pop_weighted_sum,55,58,0.01348
service_span_hours & dest_metro_pop_weighted_sum,55,59,0.0139
service_span_hours & dest_metro_pop_weighted_sum,55,60,0.01443
service_span_hours & dest_metro_pop_weighted_sum,55,61,0.0148
service_span_hours & dest_metro_pop_weighted_sum,56,0,-0.13072
service_span_hours & dest_metro_pop_weighted_sum,56,1,-0.1303
service_span_hours & dest_metro_pop_weighted_sum,56,2,-0.11876
service_span_hours & dest_metro_pop_weighted_sum,56,3,-0.12329
service_span_hours & dest_metro_pop_weighted_sum,56,4,-0.12363
service_span_hours & dest_metro_pop_weighted_sum,56,5,-0.11378
service_span_hours & dest_metro_pop_weighted_sum,56,6,-0.10104
service_span_hours & dest_metro_pop_weighted_sum,56,7,-0.09968
service_span_hours & dest_metro_pop_weighted_sum,56,8,-0.1017
service_span_hours & dest_metro_pop_weighted_sum,56,9,-0.09952
service_span_hours & dest_metro_pop_weighted_sum,56,10,-0.09105
service_span_hours & dest_metro_pop_weighted_sum,56,11,-0.04599
service_span_hours & dest_metro_pop_weighted_sum,56,12,-0.04339
service_span_hours & dest_metro_pop_weighted_sum,56,13,-0.02396
service_span_hours & dest_metro_pop_weighted_sum,56,14,-0.02051
service_span_hours & dest_metro_pop_weighted_sum,56,15,-0.01151
service_span_hours & dest_metro_pop_weighted_sum,56,16,0.03272
service_span_hours & dest_metro_pop_weighted_sum,56,17,0.03399
service_span_hours & dest_metro_pop_weighted_sum,56,18,0.03472
service_span_hours & dest_metro_pop_weighted_sum,56,19,0.04358
service_span_hours & dest_metro_pop_weighted_sum,56,20,0.04414
service_span_hours & dest_metro_pop_weighted_sum,56,21,0.04414
service_span_hours & dest_metro_pop_weighted_sum,56,22,0.04422
service_span_hours & dest_metro_pop_weighted_sum,56,23,0.04423
service_span_hours & dest_metro_pop_weighted_sum,56,24,0.04487
service_span_hours & dest_metro_pop_weighted_sum,56,25,0.05354
service_span_hours & dest_metro_pop_weighted_sum,56,26,0.05649
service_span_hours & dest_metro_pop_weighted_sum,56,27,0.05717
service_span_hours & dest_metro_pop_weighted_sum,56,28,0.05271
service_span_hours & dest_metro_pop_weighted_sum,56,29,0.05259
service_span_hours & dest_metro_pop_weighted_sum,56,30,-0.00929
service_span_hours & dest_metro_pop_weighted_sum,56,31,-0.02688
service_span_hours & dest_metro_pop_weighted_sum,56,32,-0.03246
service_span_hours & dest_metro_pop_weighted_sum,56,33,-0.0326
service_span_hours & dest_metro_pop_weighted_sum,56,34,-0.0254
service_span_hours & dest_metro_pop_weighted_sum,56,35,-0.02125
service_span_hours & dest_metro_pop_weighted_sum,56,36,-0.01768
service_span_hours & dest_metro_pop_weighted_sum,56,37,-0.01697
service_span_hours & dest_metro_pop_weighted_sum,56,38,-0.00746
service_span_hours & dest_metro_pop_weighted_sum,56,39,0.0027
service_span_hours & dest_metro_pop_weighted_sum,56,40,0.00237
service_span_hours & dest_metro_pop_weighted_sum,56,41,-0.00013
service_span_hours & dest_metro_pop_weighted_sum,56,42,5e-05
service_span_hours & dest_metro_pop_weighted_sum,56,43,0.00029
service_span_hours & dest_metro_pop_weighted_sum,56,44,0.00037
service_span_hours & dest_metro_pop_weighted_sum,56,45,-0.00577
service_span_hours & dest_metro_pop_weighted_sum,56,46,-0.00552
service_span_hours & dest_metro_pop_weighted_sum,56,47,-0.00406
service_span_hours & dest_metro_pop_weighted_sum,56,48,-0.00347
service_span_hours & dest_metro_pop_weighted_sum,56,49,0.01062
service_span_hours & dest_metro_pop_weighted_sum,56,50,0.01365
service_span_hours & dest_metro_pop_weighted_sum,56,51,0.01441
service_span_hours & dest_metro_pop_weighted_sum,56,52,0.01749
service_span_hours & dest_metro_pop_weighted_sum,56,53,0.01747
service_span_hours & dest_metro_pop_weighted_sum,56,54,0.01747
service_span_hours & dest_metro_pop_weighted_sum,56,55,0.01556
service_span_hours & dest_metro_pop_weighted_sum,56,56,0.01452
service_span_hours & dest_metro_pop_weighted_sum,56,57,0.01454
service_span_hours & dest_metro_pop_weighted_sum,56,58,0.01441
service_span_hours & dest_metro_pop_weighted_sum,56,59,0.01484
service_span_hours & dest_metro_pop_weighted_sum,56,60,0.01537
service_span_hours & dest_metro_pop_weighted_sum,56,61,0.01573
service_span_hours & dest_metro_pop_weighted_sum,57,0,-0.11053
service_span_hours & dest_metro_pop_weighted_sum,57,1,-0.11012
service_span_hours & dest_metro_pop_weighted_sum,57,2,-0.09863
service_span_hours & dest_metro_pop_weighted_sum,57,3,-0.10316
service_span_hours & dest_metro_pop_weighted_sum,57,4,-0.10333
service_span_hours & dest_metro_pop_weighted_sum,57,5,-0.09348
service_span_hours & dest_metro_pop_weighted_sum,57,6,-0.08074
service_span_hours & dest_metro_pop_weighted_sum,57,7,-0.07938
service_span_hours & dest_metro_pop_weighted_sum,57,8,-0.0814
service_span_hours & dest_metro_pop_weighted_sum,57,9,-0.07921
service_span_hours & dest_metro_pop_weighted_sum,57,10,-0.07074
service_span_hours & dest_metro_pop_weighted_sum,57,11,-0.02568
service_span_hours & dest_metro_pop_weighted_sum,57,12,-0.02307
service_span_hours & dest_metro_pop_weighted_sum,57,13,-0.00363
service_span_hours & dest_metro_pop_weighted_sum,57,14,-0.00019
service_span_hours & dest_metro_pop_weighted_sum,57,15,0.00889
service_span_hours & dest_metro_pop_weighted_sum,57,16,0.05312
service_span_hours & dest_metro_pop_weighted_sum,57,17,0.05476
service_span_hours & dest_metro_pop_weighted_sum,57,18,0.05548
service_span_hours & dest_metro_pop_weighted_sum,57,19,0.06487
service_span_hours & dest_metro_pop_weighted_sum,57,20,0.06544
service_span_hours & dest_metro_pop_weighted_sum,57,21,0.06543
service_span_hours & dest_metro_pop_weighted_sum,57,22,0.06561
service_span_hours & dest_metro_pop_weighted_sum,57,23,0.06563
service_span_hours & dest_metro_pop_weighted_sum,57,24,0.06627
service_span_hours & dest_metro_pop_weighted_sum,57,25,0.07494
service_span_hours & dest_metro_pop_weighted_sum,57,26,0.07789
service_span_hours & dest_metro_pop_weighted_sum,57,27,0.07877
service_span_hours & dest_metro_pop_weighted_sum,57,28,0.0743
service_span_hours & dest_metro_pop_weighted_sum,57,29,0.07419
service_span_hours & dest_metro_pop_weighted_sum,57,30,0.01208
service_span_hours & dest_metro_pop_weighted_sum,57,31,-0.00551
service_span_hours & dest_metro_pop_weighted_sum,57,32,-0.01103
service_span_hours & dest_metro_pop_weighted_sum,57,33,-0.01117
service_span_hours & dest_metro_pop_weighted_sum,57,34,0.00219
service_span_hours & dest_metro_pop_weighted_sum,57,35,0.01331
service_span_hours & dest_metro_pop_weighted_sum,57,36,0.01688
service_span_hours & dest_metro_pop_weighted_sum,57,37,0.01759
service_span_hours & dest_metro_pop_weighted_sum,57,38,0.0271
service_span_hours & dest_metro_pop_weighted_sum,57,39,0.03733
service_span_hours & dest_metro_pop_weighted_sum,57,40,0.03701
service_span_hours & dest_metro_pop_weighted_sum,57,41,0.0345
service_span_hours & dest_metro_pop_weighted_sum,57,42,0.03469
service_span_hours & dest_metro_pop_weighted_sum,57,43,0.03492
service_span_hours & dest_metro_pop_weighted_sum,57,44,0.03504
service_span_hours & dest_metro_pop_weighted_sum,57,45,0.00423
service_span_hours & dest_metro_pop_weighted_sum,57,46,0.00449
service_span_hours & dest_metro_pop_weighted_sum,57,47,0.00595
service_span_hours & dest_metro_pop_weighted_sum,57,48,0.00654
service_span_hours & dest_metro_pop_weighted_sum,57,49,0.02063
service_span_hours & dest_metro_pop_weighted_sum,57,50,0.02365
service_span_hours & dest_metro_pop_weighted_sum,57,51,0.02441
service_span_hours & dest_metro_pop_weighted_sum,57,52,0.02741
service_span_hours & dest_metro_pop_weighted_sum,57,53,0.02739
service_span_hours & dest_metro_pop_weighted_sum,57,54,0.02739
service_span_hours & dest_metro_pop_weighted_sum,57,55,0.02548
service_span_hours & dest_metro_pop_weighted_sum,57,56,0.02439
service_span_hours & dest_metro_pop_weighted_sum,57,57,0.02439
service_span_hours & dest_metro_pop_weighted_sum,57,58,0.02427
service_span_hours & dest_metro_pop_weighted_sum,57,59,0.02469
service_span_hours & dest_metro_pop_weighted_sum,57,60,0.02522
service_span_hours & dest_metro_pop_weighted_sum,57,61,0.02559
service_span_hours & dest_metro_pop_weighted_sum,58,0,-0.11048
service_span_hours & dest_metro_pop_weighted_sum,58,1,-0.11007
service_span_hours & dest_metro_pop_weighted_sum,58,2,-0.09858
service_span_hours & dest_metro_pop_weighted_sum,58,3,-0.10311
service_span_hours & dest_metro_pop_weighted_sum,58,4,-0.10328
service_span_hours & dest_metro_pop_weighted_sum,58,5,-0.09343
service_span_hours & dest_metro_pop_weighted_sum,58,6,-0.08068
service_span_hours & dest_metro_pop_weighted_sum,58,7,-0.07933
service_span_hours & dest_metro_pop_weighted_sum,58,8,-0.08135
service_span_hours & dest_metro_pop_weighted_sum,58,9,-0.07916
service_span_hours & dest_metro_pop_weighted_sum,58,10,-0.07069
service_span_hours & dest_metro_pop_weighted_sum,58,11,-0.02559
service_span_hours & dest_metro_pop_weighted_sum,58,12,-0.02298
service_span_hours & dest_metro_pop_weighted_sum,58,13,-0.00348
service_span_hours & dest_metro_pop_weighted_sum,58,14,-4e-05
service_span_hours & dest_metro_pop_weighted_sum,58,15,0.00904
service_span_hours & dest_metro_pop_weighted_sum,58,16,0.05327
service_span_hours & dest_metro_pop_weighted_sum,58,17,0.05491
service_span_hours & dest_metro_pop_weighted_sum,58,18,0.05563
service_span_hours & dest_metro_pop_weighted_sum,58,19,0.06509
service_span_hours & dest_metro_pop_weighted_sum,58,20,0.06566
service_span_hours & dest_metro_pop_weighted_sum,58,21,0.06565
service_span_hours & dest_metro_pop_weighted_sum,58,22,0.06583
service_span_hours & dest_metro_pop_weighted_sum,58,23,0.06585
service_span_hours & dest_metro_pop_weighted_sum,58,24,0.0665
service_span_hours & dest_metro_pop_weighted_sum,58,25,0.07517
service_span_hours & dest_metro_pop_weighted_sum,58,26,0.07813
service_span_hours & dest_metro_pop_weighted_sum,58,27,0.079
service_span_hours & dest_metro_pop_weighted_sum,58,28,0.07454
service_span_hours & dest_metro_pop_weighted_sum,58,29,0.07442
service_span_hours & dest_metro_pop_weighted_sum,58,30,0.01223
service_span_hours & dest_metro_pop_weighted_sum,58,31,-0.00535
service_span_hours & dest_metro_pop_weighted_sum,58,32,-0.01087
service_span_hours & dest_metro_pop_weighted_sum,58,33,-0.01101
service_span_hours & dest_metro_pop_weighted_sum,58,34,0.00234
service_span_hours & dest_metro_pop_weighted_sum,58,35,0.01359
service_span_hours & dest_metro_pop_weighted_sum,58,36,0.01723
service_span_hours & dest_metro_pop_weighted_sum,58,37,0.01794
service_span_hours & dest_metro_pop_weighted_sum,58,38,0.02745
service_span_hours & dest_metro_pop_weighted_sum,58,39,0.03789
service_span_hours & dest_metro_pop_weighted_sum,58,40,0.03756
service_span_hours & dest_metro_pop_weighted_sum,58,41,0.03506
service_span_hours & dest_metro_pop_weighted_sum,58,42,0.03524
service_span_hours & dest_metro_pop_weighted_sum,58,43,0.03548
service_span_hours & dest_metro_pop_weighted_sum,58,44,0.03559
service_span_hours & dest_metro_pop_weighted_sum,58,45,0.00487
service_span_hours & dest_metro_pop_weighted_sum,58,46,0.00513
service_span_hours & dest_metro_pop_weighted_sum,58,47,0.00659
service_span_hours & dest_metro_pop_weighted_sum,58,48,0.00718
service_span_hours & dest_metro_pop_weighted_sum,58,49,0.0213
service_span_hours & dest_metro_pop_weighted_sum,58,50,0.02432
service_span_hours & dest_metro_pop_weighted_sum,58,51,0.02508
service_span_hours & dest_metro_pop_weighted_sum,58,52,0.02808
service_span_hours & dest_metro_pop_weighted_sum,58,53,0.02796
service_span_hours & dest_metro_pop_weighted_sum,58,54,0.02797
service_span_hours & dest_metro_pop_weighted_sum,58,55,0.02575
service_span_hours & dest_metro_pop_weighted_sum,58,56,0.02466
service_span_hours & dest_metro_pop_weighted_sum,58,57,0.02466
service_span_hours & dest_metro_pop_weighted_sum,58,58,0.02454
service_span_hours & dest_metro_pop_weighted_sum,58,59,0.02496
service_span_hours & dest_metro_pop_weighted_sum,58,60,0.02537
service_span_hours & dest_metro_pop_weighted_sum,58,61,0.02573
service_span_hours & dest_metro_pop_weighted_sum,59,0,-0.18359
service_span_hours & dest_metro_pop_weighted_sum,59,1,-0.18325
service_span_hours & dest_metro_pop_weighted_sum,59,2,-0.17176
service_span_hours & dest_metro_pop_weighted_sum,59,3,-0.1763
service_span_hours & dest_metro_pop_weighted_sum,59,4,-0.17647
service_span_hours & dest_metro_pop_weighted_sum,59,5,-0.16663
service_span_hours & dest_metro_pop_weighted_sum,59,6,-0.15388
service_span_hours & dest_metro_pop_weighted_sum,59,7,-0.15252
service_span_hours & dest_metro_pop_weighted_sum,59,8,-0.15449
service_span_hours & dest_metro_pop_weighted_sum,59,9,-0.1523
service_span_hours & dest_metro_pop_weighted_sum,59,10,-0.14383
service_span_hours & dest_metro_pop_weighted_sum,59,11,-0.09876
service_span_hours & dest_metro_pop_weighted_sum,59,12,-0.09614
service_span_hours & dest_metro_pop_weighted_sum,59,13,-0.07665
service_span_hours & dest_metro_pop_weighted_sum,59,14,-0.07315
service_span_hours & dest_metro_pop_weighted_sum,59,15,-0.06407
service_span_hours & dest_metro_pop_weighted_sum,59,16,-0.01984
service_span_hours & dest_metro_pop_weighted_sum,59,17,-0.0182
service_span_hours & dest_metro_pop_weighted_sum,59,18,-0.01744
service_span_hours & dest_metro_pop_weighted_sum,59,19,-0.00798
service_span_hours & dest_metro_pop_weighted_sum,59,20,-0.00741
service_span_hours & dest_metro_pop_weighted_sum,59,21,-0.00742
service_span_hours & dest_metro_pop_weighted_sum,59,22,-0.00721
service_span_hours & dest_metro_pop_weighted_sum,59,23,-0.00719
service_span_hours & dest_metro_pop_weighted_sum,59,24,-0.00654
service_span_hours & dest_metro_pop_weighted_sum,59,25,0.00208
service_span_hours & dest_metro_pop_weighted_sum,59,26,0.00503
service_span_hours & dest_metro_pop_weighted_sum,59,27,0.00591
service_span_hours & dest_metro_pop_weighted_sum,59,28,0.00144
service_span_hours & dest_metro_pop_weighted_sum,59,29,0.00133
service_span_hours & dest_metro_pop_weighted_sum,59,30,-0.06063
service_span_hours & dest_metro_pop_weighted_sum,59,31,-0.07817
service_span_hours & dest_metro_pop_weighted_sum,59,32,-0.08309
service_span_hours & dest_metro_pop_weighted_sum,59,33,-0.08324
service_span_hours & dest_metro_pop_weighted_sum,59,34,-0.0547
service_span_hours & dest_metro_pop_weighted_sum,59,35,-0.01613
service_span_hours & dest_metro_pop_weighted_sum,59,36,-0.01086
service_span_hours & dest_metro_pop_weighted_sum,59,37,-0.0095
service_span_hours & dest_metro_pop_weighted_sum,59,38,0.0005
service_span_hours & dest_metro_pop_weighted_sum,59,39,0.01094
service_span_hours & dest_metro_pop_weighted_sum,59,40,0.01061
service_span_hours & dest_metro_pop_weighted_sum,59,41,0.00848
service_span_hours & dest_metro_pop_weighted_sum,59,42,0.00866
service_span_hours & dest_metro_pop_weighted_sum,59,43,0.0089
service_span_hours & dest_metro_pop_weighted_sum,59,44,0.00901
service_span_hours & dest_metro_pop_weighted_sum,59,45,-0.0216
service_span_hours & dest_metro_pop_weighted_sum,59,46,-0.02135
service_span_hours & dest_metro_pop_weighted_sum,59,47,0.00354
service_span_hours & dest_metro_pop_weighted_sum,59,48,0.00874
service_span_hours & dest_metro_pop_weighted_sum,59,49,0.03421
service_span_hours & dest_metro_pop_weighted_sum,59,50,0.03826
service_span_hours & dest_metro_pop_weighted_sum,59,51,0.03945
service_span_hours & dest_metro_pop_weighted_sum,59,52,0.04245
service_span_hours & dest_metro_pop_weighted_sum,59,53,0.04233
service_span_hours & dest_metro_pop_weighted_sum,59,54,0.04233
service_span_hours & dest_metro_pop_weighted_sum,59,55,0.04012
service_span_hours & dest_metro_pop_weighted_sum,59,56,0.03903
service_span_hours & dest_metro_pop_weighted_sum,59,57,0.03906
service_span_hours & dest_metro_pop_weighted_sum,59,58,0.03894
service_span_hours & dest_metro_pop_weighted_sum,59,59,0.03936
service_span_hours & dest_metro_pop_weighted_sum,59,60,0.03977
service_span_hours & dest_metro_pop_weighted_sum,59,61,0.04015
service_span_hours & dest_metro_pop_weighted_sum,60,0,-0.31905
service_span_hours & dest_metro_pop_weighted_sum,60,1,-0.31888
service_span_hours & dest_metro_pop_weighted_sum,60,2,-0.30742
service_span_hours & dest_metro_pop_weighted_sum,60,3,-0.31196
service_span_hours & dest_metro_pop_weighted_sum,60,4,-0.31213
service_span_hours & dest_metro_pop_weighted_sum,60,5,-0.30229
service_span_hours & dest_metro_pop_weighted_sum,60,6,-0.28954
service_span_hours & dest_metro_pop_weighted_sum,60,7,-0.28818
service_span_hours & dest_metro_pop_weighted_sum,60,8,-0.29015
service_span_hours & dest_metro_pop_weighted_sum,60,9,-0.28794
service_span_hours & dest_metro_pop_weighted_sum,60,10,-0.27951
service_span_hours & dest_metro_pop_weighted_sum,60,11,-0.23444
service_span_hours & dest_metro_pop_weighted_sum,60,12,-0.23182
service_span_hours & dest_metro_pop_weighted_sum,60,13,-0.21233
service_span_hours & dest_metro_pop_weighted_sum,60,14,-0.20883
service_span_hours & dest_metro_pop_weighted_sum,60,15,-0.19969
service_span_hours & dest_metro_pop_weighted_sum,60,16,-0.15546
service_span_hours & dest_metro_pop_weighted_sum,60,17,-0.15377
service_span_hours & dest_metro_pop_weighted_sum,60,18,-0.153
service_span_hours & dest_metro_pop_weighted_sum,60,19,-0.14354
service_span_hours & dest_metro_pop_weighted_sum,60,20,-0.14298
service_span_hours & dest_metro_pop_weighted_sum,60,21,-0.14299
service_span_hours & dest_metro_pop_weighted_sum,60,22,-0.14278
service_span_hours & dest_metro_pop_weighted_sum,60,23,-0.14276
service_span_hours & dest_metro_pop_weighted_sum,60,24,-0.14211
service_span_hours & dest_metro_pop_weighted_sum,60,25,-0.13349
service_span_hours & dest_metro_pop_weighted_sum,60,26,-0.13054
service_span_hours & dest_metro_pop_weighted_sum,60,27,-0.12966
service_span_hours & dest_metro_pop_weighted_sum,60,28,-0.13307
service_span_hours & dest_metro_pop_weighted_sum,60,29,-0.13318
service_span_hours & dest_metro_pop_weighted_sum,60,30,-0.19416
service_span_hours & dest_metro_pop_weighted_sum,60,31,-0.21171
service_span_hours & dest_metro_pop_weighted_sum,60,32,-0.21663
service_span_hours & dest_metro_pop_weighted_sum,60,33,-0.21606
service_span_hours & dest_metro_pop_weighted_sum,60,34,-0.13416
service_span_hours & dest_metro_pop_weighted_sum,60,35,-0.01373
service_span_hours & dest_metro_pop_weighted_sum,60,36,-0.00605
service_span_hours & dest_metro_pop_weighted_sum,60,37,-0.00404
service_span_hours & dest_metro_pop_weighted_sum,60,38,0.00596
service_span_hours & dest_metro_pop_weighted_sum,60,39,0.01845
service_span_hours & dest_metro_pop_weighted_sum,60,40,0.01878
service_span_hours & dest_metro_pop_weighted_sum,60,41,0.01701
service_span_hours & dest_metro_pop_weighted_sum,60,42,0.0172
service_span_hours & dest_metro_pop_weighted_sum,60,43,0.01743
service_span_hours & dest_metro_pop_weighted_sum,60,44,0.01755
service_span_hours & dest_metro_pop_weighted_sum,60,45,-0.01307
service_span_hours & dest_metro_pop_weighted_sum,60,46,-0.01281
service_span_hours & dest_metro_pop_weighted_sum,60,47,0.01208
service_span_hours & dest_metro_pop_weighted_sum,60,48,0.01761
service_span_hours & dest_metro_pop_weighted_sum,60,49,0.04308
service_span_hours & dest_metro_pop_weighted_sum,60,50,0.04713
service_span_hours & dest_metro_pop_weighted_sum,60,51,0.04832
service_span_hours & dest_metro_pop_weighted_sum,60,52,0.05132
service_span_hours & dest_metro_pop_weighted_sum,60,53,0.0512
service_span_hours & dest_metro_pop_weighted_sum,60,54,0.05117
service_span_hours & dest_metro_pop_weighted_sum,60,55,0.04896
service_span_hours & dest_metro_pop_weighted_sum,60,56,0.04765
service_span_hours & dest_metro_pop_weighted_sum,60,57,0.0477
service_span_hours & dest_metro_pop_weighted_sum,60,58,0.04757
service_span_hours & dest_metro_pop_weighted_sum,60,59,0.04799
service_span_hours & dest_metro_pop_weighted_sum,60,60,0.0484
service_span_hours & dest_metro_pop_weighted_sum,60,61,0.04878
service_span_hours & dest_metro_pop_weighted_sum,61,0,-0.33658
service_span_hours & dest_metro_pop_weighted_sum,61,1,-0.33641
service_span_hours & dest_metro_pop_weighted_sum,61,2,-0.33646
service_span_hours & dest_metro_pop_weighted_sum,61,3,-0.341
service_span_hours & dest_metro_pop_weighted_sum,61,4,-0.34117
service_span_hours & dest_metro_pop_weighted_sum,61,5,-0.33132
service_span_hours & dest_metro_pop_weighted_sum,61,6,-0.31865
service_span_hours & dest_metro_pop_weighted_sum,61,7,-0.31733
service_span_hours & dest_metro_pop_weighted_sum,61,8,-0.3193
service_span_hours & dest_metro_pop_weighted_sum,61,9,-0.31709
service_span_hours & dest_metro_pop_weighted_sum,61,10,-0.30866
service_span_hours & dest_metro_pop_weighted_sum,61,11,-0.26369
service_span_hours & dest_metro_pop_weighted_sum,61,12,-0.26108
service_span_hours & dest_metro_pop_weighted_sum,61,13,-0.24158
service_span_hours & dest_metro_pop_weighted_sum,61,14,-0.23809
service_span_hours & dest_metro_pop_weighted_sum,61,15,-0.22898
service_span_hours & dest_metro_pop_weighted_sum,61,16,-0.18475
service_span_hours & dest_metro_pop_weighted_sum,61,17,-0.18306
service_span_hours & dest_metro_pop_weighted_sum,61,18,-0.18229
service_span_hours & dest_metro_pop_weighted_sum,61,19,-0.17287
service_span_hours & dest_metro_pop_weighted_sum,61,20,-0.17231
service_span_hours & dest_metro_pop_weighted_sum,61,21,-0.17233
service_span_hours & dest_metro_pop_weighted_sum,61,22,-0.17211
service_span_hours & dest_metro_pop_weighted_sum,61,23,-0.1721
service_span_hours & dest_metro_pop_weighted_sum,61,24,-0.17145
service_span_hours & dest_metro_pop_weighted_sum,61,25,-0.16283
service_span_hours & dest_metro_pop_weighted_sum,61,26,-0.15987
service_span_hours & dest_metro_pop_weighted_sum,61,27,-0.159
service_span_hours & dest_metro_pop_weighted_sum,61,28,-0.16241
service_span_hours & dest_metro_pop_weighted_sum,61,29,-0.16263
service_span_hours & dest_metro_pop_weighted_sum,61,30,-0.22361
service_span_hours & dest_metro_pop_weighted_sum,61,31,-0.23966
service_span_hours & dest_metro_pop_weighted_sum,61,32,-0.24197
service_span_hours & dest_metro_pop_weighted_sum,61,33,-0.2414
service_span_hours & dest_metro_pop_weighted_sum,61,34,-0.1595
service_span_hours & dest_metro_pop_weighted_sum,61,35,-0.03907
service_span_hours & dest_metro_pop_weighted_sum,61,36,-0.03051
service_span_hours & dest_metro_pop_weighted_sum,61,37,-0.02749
service_span_hours & dest_metro_pop_weighted_sum,61,38,-0.01749
service_span_hours & dest_metro_pop_weighted_sum,61,39,-0.00459
service_span_hours & dest_metro_pop_weighted_sum,61,40,-0.00426
service_span_hours & dest_metro_pop_weighted_sum,61,41,-0.00603
service_span_hours & dest_metro_pop_weighted_sum,61,42,-0.00585
service_span_hours & dest_metro_pop_weighted_sum,61,43,-0.00473
service_span_hours & dest_metro_pop_weighted_sum,61,44,-0.00432
service_span_hours & dest_metro_pop_weighted_sum,61,45,-0.03493
service_span_hours & dest_metro_pop_weighted_sum,61,46,-0.03468
service_span_hours & dest_metro_pop_weighted_sum,61,47,-0.00979
service_span_hours & dest_metro_pop_weighted_sum,61,48,-0.00426
service_span_hours & dest_metro_pop_weighted_sum,61,49,0.01779
service_span_hours & dest_metro_pop_weighted_sum,61,50,0.02184
service_span_hours & dest_metro_pop_weighted_sum,61,51,0.02303
service_span_hours & dest_metro_pop_weighted_sum,61,52,0.02603
service_span_hours & dest_metro_pop_weighted_sum,61,53,0.02591
service_span_hours & dest_metro_pop_weighted_sum,61,54,0.0259
service_span_hours & dest_metro_pop_weighted_sum,61,55,0.02371
service_span_hours & dest_metro_pop_weighted_sum,61,56,0.0224
service_span_hours & dest_metro_pop_weighted_sum,61,57,0.02245
service_span_hours & dest_metro_pop_weighted_sum,61,58,0.02232
service_span_hours & dest_metro_pop_weighted_sum,61,59,0.02275
service_span_hours & dest_metro_pop_weighted_sum,61,60,0.02315
service_span_hours & dest_metro_pop_weighted_sum,61,61,0.02353
pct_rail_commute & dest_metro_pop_weighted_sum,0,0,0.03591
pct_rail_commute & dest_metro_pop_weighted_sum,0,1,0.03945
pct_rail_commute & dest_metro_pop_weighted_sum,0,2,0.06678
pct_rail_commute & dest_metro_pop_weighted_sum,0,3,0.06672
pct_rail_commute & dest_metro_pop_weighted_sum,0,4,0.06517
pct_rail_commute & dest_metro_pop_weighted_sum,0,5,0.064
pct_rail_commute & dest_metro_pop_weighted_sum,0,6,0.06333
pct_rail_commute & dest_metro_pop_weighted_sum,0,7,0.06181
pct_rail_commute & dest_metro_pop_weighted_sum,0,8,0.05709
pct_rail_commute & dest_metro_pop_weighted_sum,0,9,0.05555
pct_rail_commute & dest_metro_pop_weighted_sum,0,10,0.05463
pct_rail_commute & dest_metro_pop_weighted_sum,0,11,0.05405
pct_rail_commute & dest_metro_pop_weighted_sum,0,12,0.05198
pct_rail_commute & dest_metro_pop_weighted_sum,0,13,0.04942
pct_rail_commute & dest_metro_pop_weighted_sum,0,14,0.04821
pct_rail_commute & dest_metro_pop_weighted_sum,0,15,0.04744
pct_rail_commute & dest_metro_pop_weighted_sum,0,16,0.04666
pct_rail_commute & dest_metro_pop_weighted_sum,0,17,0.04539
pct_rail_commute & dest_metro_pop_weighted_sum,0,18,0.04437
pct_rail_commute & dest_metro_pop_weighted_sum,0,19,0.04317
pct_rail_commute & dest_metro_pop_weighted_sum,0,20,0.04083
pct_rail_commute & dest_metro_pop_weighted_sum,0,21,0.03965
pct_rail_commute & dest_metro_pop_weighted_sum,0,22,0.03551
pct_rail_commute & dest_metro_pop_weighted_sum,0,23,0.03452
pct_rail_commute & dest_metro_pop_weighted_sum,0,24,0.03354
pct_rail_commute & dest_metro_pop_weighted_sum,0,25,0.0328
pct_rail_commute & dest_metro_pop_weighted_sum,0,26,0.03184
pct_rail_commute & dest_metro_pop_weighted_sum,0,27,0.03112
pct_rail_commute & dest_metro_pop_weighted_sum,0,28,0.02982
pct_rail_commute & dest_metro_pop_weighted_sum,0,29,0.02874
pct_rail_commute & dest_metro_pop_weighted_sum,0,30,0.02665
pct_rail_commute & dest_metro_pop_weighted_sum,0,31,0.02557
pct_rail_commute & dest_metro_pop_weighted_sum,0,32,0.02455
pct_rail_commute & dest_metro_pop_weighted_sum,0,33,0.02342
pct_rail_commute & dest_metro_pop_weighted_sum,0,34,0.02268
pct_rail_commute & dest_metro_pop_weighted_sum,0,35,0.01937
pct_rail_commute & dest_metro_pop_weighted_sum,0,36,0.01859
pct_rail_commute & dest_metro_pop_weighted_sum,0,37,0.0179
pct_rail_commute & dest_metro_pop_weighted_sum,0,38,0.01763
pct_rail_commute & dest_metro_pop_weighted_sum,0,39,0.02642
pct_rail_commute & dest_metro_pop_weighted_sum,0,40,0.02588
pct_rail_commute & dest_metro_pop_weighted_sum,0,41,-0.06602
pct_rail_commute & dest_metro_pop_weighted_sum,0,42,-0.07534
pct_rail_commute & dest_metro_pop_weighted_sum,0,43,-0.07623
pct_rail_commute & dest_metro_pop_weighted_sum,0,44,-0.07712
pct_rail_commute & dest_metro_pop_weighted_sum,0,45,-0.07741
pct_rail_commute & dest_metro_pop_weighted_sum,0,46,-0.07815
pct_rail_commute & dest_metro_pop_weighted_sum,0,47,-0.07876
pct_rail_commute & dest_metro_pop_weighted_sum,0,48,-0.07952
pct_rail_commute & dest_metro_pop_weighted_sum,0,49,-0.05828
pct_rail_commute & dest_metro_pop_weighted_sum,0,50,-0.05803
pct_rail_commute & dest_metro_pop_weighted_sum,0,51,-0.05374
pct_rail_commute & dest_metro_pop_weighted_sum,0,52,-0.05386
pct_rail_commute & dest_metro_pop_weighted_sum,0,53,-0.05398
pct_rail_commute & dest_metro_pop_weighted_sum,0,54,-0.05431
pct_rail_commute & dest_metro_pop_weighted_sum,0,55,-0.05543
pct_rail_commute & dest_metro_pop_weighted_sum,0,56,-0.06787
pct_rail_commute & dest_metro_pop_weighted_sum,0,57,-0.06775
pct_rail_commute & dest_metro_pop_weighted_sum,0,58,-0.0595
pct_rail_commute & dest_metro_pop_weighted_sum,0,59,-0.05845
pct_rail_commute & dest_metro_pop_weighted_sum,0,60,-0.05937
pct_rail_commute & dest_metro_pop_weighted_sum,0,61,-0.05706
pct_rail_commute & dest_metro_pop_weighted_sum,1,0,0.03654
pct_rail_commute & dest_metro_pop_weighted_sum,1,1,0.03921
pct_rail_commute & dest_metro_pop_weighted_sum,1,2,0.06653
pct_rail_commute & dest_metro_pop_weighted_sum,1,3,0.06648
pct_rail_commute & dest_metro_pop_weighted_sum,1,4,0.06499
pct_rail_commute & dest_metro_pop_weighted_sum,1,5,0.06381
pct_rail_commute & dest_metro_pop_weighted_sum,1,6,0.06334
pct_rail_commute & dest_metro_pop_weighted_sum,1,7,0.06182
pct_rail_commute & dest_metro_pop_weighted_sum,1,8,0.0571
pct_rail_commute & dest_metro_pop_weighted_sum,1,9,0.05574
pct_rail_commute & dest_metro_pop_weighted_sum,1,10,0.05481
pct_rail_commute & dest_metro_pop_weighted_sum,1,11,0.05423
pct_rail_commute & dest_metro_pop_weighted_sum,1,12,0.05217
pct_rail_commute & dest_metro_pop_weighted_sum,1,13,0.04961
pct_rail_commute & dest_metro_pop_weighted_sum,1,14,0.0484
pct_rail_commute & dest_metro_pop_weighted_sum,1,15,0.04763
pct_rail_commute & dest_metro_pop_weighted_sum,1,16,0.04685
pct_rail_commute & dest_metro_pop_weighted_sum,1,17,0.04558
pct_rail_commute & dest_metro_pop_weighted_sum,1,18,0.04456
pct_rail_commute & dest_metro_pop_weighted_sum,1,19,0.04349
pct_rail_commute & dest_metro_pop_weighted_sum,1,20,0.04135
pct_rail_commute & dest_metro_pop_weighted_sum,1,21,0.04017
pct_rail_commute & dest_metro_pop_weighted_sum,1,22,0.03603
pct_rail_commute & dest_metro_pop_weighted_sum,1,23,0.03504
pct_rail_commute & dest_metro_pop_weighted_sum,1,24,0.03407
pct_rail_commute & dest_metro_pop_weighted_sum,1,25,0.03333
pct_rail_commute & dest_metro_pop_weighted_sum,1,26,0.03255
pct_rail_commute & dest_metro_pop_weighted_sum,1,27,0.03184
pct_rail_commute & dest_metro_pop_weighted_sum,1,28,0.03054
pct_rail_commute & dest_metro_pop_weighted_sum,1,29,0.02946
pct_rail_commute & dest_metro_pop_weighted_sum,1,30,0.02776
pct_rail_commute & dest_metro_pop_weighted_sum,1,31,0.02668
pct_rail_commute & dest_metro_pop_weighted_sum,1,32,0.02566
pct_rail_commute & dest_metro_pop_weighted_sum,1,33,0.02473
pct_rail_commute & dest_metro_pop_weighted_sum,1,34,0.02398
pct_rail_commute & dest_metro_pop_weighted_sum,1,35,0.02067
pct_rail_commute & dest_metro_pop_weighted_sum,1,36,0.01989
pct_rail_commute & dest_metro_pop_weighted_sum,1,37,0.0192
pct_rail_commute & dest_metro_pop_weighted_sum,1,38,0.01893
pct_rail_commute & dest_metro_pop_weighted_sum,1,39,0.02785
pct_rail_commute & dest_metro_pop_weighted_sum,1,40,0.02733
pct_rail_commute & dest_metro_pop_weighted_sum,1,41,-0.06544
pct_rail_commute & dest_metro_pop_weighted_sum,1,42,-0.0747
pct_rail_commute & dest_metro_pop_weighted_sum,1,43,-0.07559
pct_rail_commute & dest_metro_pop_weighted_sum,1,44,-0.07649
pct_rail_commute & dest_metro_pop_weighted_sum,1,45,-0.07678
pct_rail_commute & dest_metro_pop_weighted_sum,1,46,-0.07751
pct_rail_commute & dest_metro_pop_weighted_sum,1,47,-0.07812
pct_rail_commute & dest_metro_pop_weighted_sum,1,48,-0.07889
pct_rail_commute & dest_metro_pop_weighted_sum,1,49,-0.05765
pct_rail_commute & dest_metro_pop_weighted_sum,1,50,-0.05743
pct_rail_commute & dest_metro_pop_weighted_sum,1,51,-0.05315
pct_rail_commute & dest_metro_pop_weighted_sum,1,52,-0.05327
pct_rail_commute & dest_metro_pop_weighted_sum,1,53,-0.05341
pct_rail_commute & dest_metro_pop_weighted_sum,1,54,-0.05374
pct_rail_commute & dest_metro_pop_weighted_sum,1,55,-0.05813
pct_rail_commute & dest_metro_pop_weighted_sum,1,56,-0.07083
pct_rail_commute & dest_metro_pop_weighted_sum,1,57,-0.07071
pct_rail_commute & dest_metro_pop_weighted_sum,1,58,-0.06266
pct_rail_commute & dest_metro_pop_weighted_sum,1,59,-0.06162
pct_rail_commute & dest_metro_pop_weighted_sum,1,60,-0.06254
pct_rail_commute & dest_metro_pop_weighted_sum,1,61,-0.06023
pct_rail_commute & dest_metro_pop_weighted_sum,2,0,0.03437
pct_rail_commute & dest_metro_pop_weighted_sum,2,1,0.03701
pct_rail_commute & dest_metro_pop_weighted_sum,2,2,0.06434
pct_rail_commute & dest_metro_pop_weighted_sum,2,3,0.06424
pct_rail_commute & dest_metro_pop_weighted_sum,2,4,0.06276
pct_rail_commute & dest_metro_pop_weighted_sum,2,5,0.06158
pct_rail_commute & dest_metro_pop_weighted_sum,2,6,0.06117
pct_rail_commute & dest_metro_pop_weighted_sum,2,7,0.06017
pct_rail_commute & dest_metro_pop_weighted_sum,2,8,0.05546
pct_rail_commute & dest_metro_pop_weighted_sum,2,9,0.05409
pct_rail_commute & dest_metro_pop_weighted_sum,2,10,0.05317
pct_rail_commute & dest_metro_pop_weighted_sum,2,11,0.05259
pct_rail_commute & dest_metro_pop_weighted_sum,2,12,0.05052
pct_rail_commute & dest_metro_pop_weighted_sum,2,13,0.04796
pct_rail_commute & dest_metro_pop_weighted_sum,2,14,0.04692
pct_rail_commute & dest_metro_pop_weighted_sum,2,15,0.04614
pct_rail_commute & dest_metro_pop_weighted_sum,2,16,0.04536
pct_rail_commute & dest_metro_pop_weighted_sum,2,17,0.04433
pct_rail_commute & dest_metro_pop_weighted_sum,2,18,0.04331
pct_rail_commute & dest_metro_pop_weighted_sum,2,19,0.04225
pct_rail_commute & dest_metro_pop_weighted_sum,2,20,0.04034
pct_rail_commute & dest_metro_pop_weighted_sum,2,21,0.03916
pct_rail_commute & dest_metro_pop_weighted_sum,2,22,0.03532
pct_rail_commute & dest_metro_pop_weighted_sum,2,23,0.03433
pct_rail_commute & dest_metro_pop_weighted_sum,2,24,0.03355
pct_rail_commute & dest_metro_pop_weighted_sum,2,25,0.03282
pct_rail_commute & dest_metro_pop_weighted_sum,2,26,0.03203
pct_rail_commute & dest_metro_pop_weighted_sum,2,27,0.03132
pct_rail_commute & dest_metro_pop_weighted_sum,2,28,0.03002
pct_rail_commute & dest_metro_pop_weighted_sum,2,29,0.02894
pct_rail_commute & dest_metro_pop_weighted_sum,2,30,0.02724
pct_rail_commute & dest_metro_pop_weighted_sum,2,31,0.02616
pct_rail_commute & dest_metro_pop_weighted_sum,2,32,0.02548
pct_rail_commute & dest_metro_pop_weighted_sum,2,33,0.0246
pct_rail_commute & dest_metro_pop_weighted_sum,2,34,0.02386
pct_rail_commute & dest_metro_pop_weighted_sum,2,35,0.02063
pct_rail_commute & dest_metro_pop_weighted_sum,2,36,0.01985
pct_rail_commute & dest_metro_pop_weighted_sum,2,37,0.01916
pct_rail_commute & dest_metro_pop_weighted_sum,2,38,0.01889
pct_rail_commute & dest_metro_pop_weighted_sum,2,39,0.02781
pct_rail_commute & dest_metro_pop_weighted_sum,2,40,0.02729
pct_rail_commute & dest_metro_pop_weighted_sum,2,41,-0.06542
pct_rail_commute & dest_metro_pop_weighted_sum,2,42,-0.07468
pct_rail_commute & dest_metro_pop_weighted_sum,2,43,-0.07557
pct_rail_commute & dest_metro_pop_weighted_sum,2,44,-0.07647
pct_rail_commute & dest_metro_pop_weighted_sum,2,45,-0.07669
pct_rail_commute & dest_metro_pop_weighted_sum,2,46,-0.07742
pct_rail_commute & dest_metro_pop_weighted_sum,2,47,-0.07803
pct_rail_commute & dest_metro_pop_weighted_sum,2,48,-0.0788
pct_rail_commute & dest_metro_pop_weighted_sum,2,49,-0.05754
pct_rail_commute & dest_metro_pop_weighted_sum,2,50,-0.05732
pct_rail_commute & dest_metro_pop_weighted_sum,2,51,-0.05305
pct_rail_commute & dest_metro_pop_weighted_sum,2,52,-0.05318
pct_rail_commute & dest_metro_pop_weighted_sum,2,53,-0.05331
pct_rail_commute & dest_metro_pop_weighted_sum,2,54,-0.05365
pct_rail_commute & dest_metro_pop_weighted_sum,2,55,-0.05864
pct_rail_commute & dest_metro_pop_weighted_sum,2,56,-0.07134
pct_rail_commute & dest_metro_pop_weighted_sum,2,57,-0.07137
pct_rail_commute & dest_metro_pop_weighted_sum,2,58,-0.06344
pct_rail_commute & dest_metro_pop_weighted_sum,2,59,-0.0624
pct_rail_commute & dest_metro_pop_weighted_sum,2,60,-0.06332
pct_rail_commute & dest_metro_pop_weighted_sum,2,61,-0.06101
pct_rail_commute & dest_metro_pop_weighted_sum,3,0,0.02632
pct_rail_commute & dest_metro_pop_weighted_sum,3,1,0.02897
pct_rail_commute & dest_metro_pop_weighted_sum,3,2,0.0563
pct_rail_commute & dest_metro_pop_weighted_sum,3,3,0.05624
pct_rail_commute & dest_metro_pop_weighted_sum,3,4,0.05475
pct_rail_commute & dest_metro_pop_weighted_sum,3,5,0.05372
pct_rail_commute & dest_metro_pop_weighted_sum,3,6,0.05349
pct_rail_commute & dest_metro_pop_weighted_sum,3,7,0.05249
pct_rail_commute & dest_metro_pop_weighted_sum,3,8,0.05062
pct_rail_commute & dest_metro_pop_weighted_sum,3,9,0.04946
pct_rail_commute & dest_metro_pop_weighted_sum,3,10,0.04854
pct_rail_commute & dest_metro_pop_weighted_sum,3,11,0.04839
pct_rail_commute & dest_metro_pop_weighted_sum,3,12,0.04632
pct_rail_commute & dest_metro_pop_weighted_sum,3,13,0.04376
pct_rail_commute & dest_metro_pop_weighted_sum,3,14,0.04271
pct_rail_commute & dest_metro_pop_weighted_sum,3,15,0.0421
pct_rail_commute & dest_metro_pop_weighted_sum,3,16,0.04132
pct_rail_commute & dest_metro_pop_weighted_sum,3,17,0.04029
pct_rail_commute & dest_metro_pop_weighted_sum,3,18,0.03927
pct_rail_commute & dest_metro_pop_weighted_sum,3,19,0.03829
pct_rail_commute & dest_metro_pop_weighted_sum,3,20,0.03639
pct_rail_commute & dest_metro_pop_weighted_sum,3,21,0.0352
pct_rail_commute & dest_metro_pop_weighted_sum,3,22,0.03494
pct_rail_commute & dest_metro_pop_weighted_sum,3,23,0.03395
pct_rail_commute & dest_metro_pop_weighted_sum,3,24,0.03323
pct_rail_commute & dest_metro_pop_weighted_sum,3,25,0.0325
pct_rail_commute & dest_metro_pop_weighted_sum,3,26,0.03171
pct_rail_commute & dest_metro_pop_weighted_sum,3,27,0.031
pct_rail_commute & dest_metro_pop_weighted_sum,3,28,0.0297
pct_rail_commute & dest_metro_pop_weighted_sum,3,29,0.02862
pct_rail_commute & dest_metro_pop_weighted_sum,3,30,0.02692
pct_rail_commute & dest_metro_pop_weighted_sum,3,31,0.02584
pct_rail_commute & dest_metro_pop_weighted_sum,3,32,0.02516
pct_rail_commute & dest_metro_pop_weighted_sum,3,33,0.02428
pct_rail_commute & dest_metro_pop_weighted_sum,3,34,0.02354
pct_rail_commute & dest_metro_pop_weighted_sum,3,35,0.02031
pct_rail_commute & dest_metro_pop_weighted_sum,3,36,0.01963
pct_rail_commute & dest_metro_pop_weighted_sum,3,37,0.01894
pct_rail_commute & dest_metro_pop_weighted_sum,3,38,0.01867
pct_rail_commute & dest_metro_pop_weighted_sum,3,39,0.02759
pct_rail_commute & dest_metro_pop_weighted_sum,3,40,0.02706
pct_rail_commute & dest_metro_pop_weighted_sum,3,41,-0.06557
pct_rail_commute & dest_metro_pop_weighted_sum,3,42,-0.07483
pct_rail_commute & dest_metro_pop_weighted_sum,3,43,-0.0756
pct_rail_commute & dest_metro_pop_weighted_sum,3,44,-0.0764
pct_rail_commute & dest_metro_pop_weighted_sum,3,45,-0.07664
pct_rail_commute & dest_metro_pop_weighted_sum,3,46,-0.07737
pct_rail_commute & dest_metro_pop_weighted_sum,3,47,-0.07798
pct_rail_commute & dest_metro_pop_weighted_sum,3,48,-0.07875
pct_rail_commute & dest_metro_pop_weighted_sum,3,49,-0.05749
pct_rail_commute & dest_metro_pop_weighted_sum,3,50,-0.05727
pct_rail_commute & dest_metro_pop_weighted_sum,3,51,-0.053
pct_rail_commute & dest_metro_pop_weighted_sum,3,52,-0.05312
pct_rail_commute & dest_metro_pop_weighted_sum,3,53,-0.05326
pct_rail_commute & dest_metro_pop_weighted_sum,3,54,-0.05357
pct_rail_commute & dest_metro_pop_weighted_sum,3,55,-0.05876
pct_rail_commute & dest_metro_pop_weighted_sum,3,56,-0.07196
pct_rail_commute & dest_metro_pop_weighted_sum,3,57,-0.07199
pct_rail_commute & dest_metro_pop_weighted_sum,3,58,-0.06407
pct_rail_commute & dest_metro_pop_weighted_sum,3,59,-0.06319
pct_rail_commute & dest_metro_pop_weighted_sum,3,60,-0.06411
pct_rail_commute & dest_metro_pop_weighted_sum,3,61,-0.0618
pct_rail_commute & dest_metro_pop_weighted_sum,4,0,0.02485
pct_rail_commute & dest_metro_pop_weighted_sum,4,1,0.02731
pct_rail_commute & dest_metro_pop_weighted_sum,4,2,0.05465
pct_rail_commute & dest_metro_pop_weighted_sum,4,3,0.05466
pct_rail_commute & dest_metro_pop_weighted_sum,4,4,0.05348
pct_rail_commute & dest_metro_pop_weighted_sum,4,5,0.05245
pct_rail_commute & dest_metro_pop_weighted_sum,4,6,0.05221
pct_rail_commute & dest_metro_pop_weighted_sum,4,7,0.05147
pct_rail_commute & dest_metro_pop_weighted_sum,4,8,0.04959
pct_rail_commute & dest_metro_pop_weighted_sum,4,9,0.04843
pct_rail_commute & dest_metro_pop_weighted_sum,4,10,0.04751
pct_rail_commute & dest_metro_pop_weighted_sum,4,11,0.04736
pct_rail_commute & dest_metro_pop_weighted_sum,4,12,0.04529
pct_rail_commute & dest_metro_pop_weighted_sum,4,13,0.04273
pct_rail_commute & dest_metro_pop_weighted_sum,4,14,0.04168
pct_rail_commute & dest_metro_pop_weighted_sum,4,15,0.04108
pct_rail_commute & dest_metro_pop_weighted_sum,4,16,0.04035
pct_rail_commute & dest_metro_pop_weighted_sum,4,17,0.03932
pct_rail_commute & dest_metro_pop_weighted_sum,4,18,0.03846
pct_rail_commute & dest_metro_pop_weighted_sum,4,19,0.03748
pct_rail_commute & dest_metro_pop_weighted_sum,4,20,0.03589
pct_rail_commute & dest_metro_pop_weighted_sum,4,21,0.03471
pct_rail_commute & dest_metro_pop_weighted_sum,4,22,0.03445
pct_rail_commute & dest_metro_pop_weighted_sum,4,23,0.03345
pct_rail_commute & dest_metro_pop_weighted_sum,4,24,0.03273
pct_rail_commute & dest_metro_pop_weighted_sum,4,25,0.032
pct_rail_commute & dest_metro_pop_weighted_sum,4,26,0.03122
pct_rail_commute & dest_metro_pop_weighted_sum,4,27,0.03075
pct_rail_commute & dest_metro_pop_weighted_sum,4,28,0.02945
pct_rail_commute & dest_metro_pop_weighted_sum,4,29,0.02837
pct_rail_commute & dest_metro_pop_weighted_sum,4,30,0.02679
pct_rail_commute & dest_metro_pop_weighted_sum,4,31,0.02571
pct_rail_commute & dest_metro_pop_weighted_sum,4,32,0.02503
pct_rail_commute & dest_metro_pop_weighted_sum,4,33,0.02415
pct_rail_commute & dest_metro_pop_weighted_sum,4,34,0.02358
pct_rail_commute & dest_metro_pop_weighted_sum,4,35,0.02035
pct_rail_commute & dest_metro_pop_weighted_sum,4,36,0.01967
pct_rail_commute & dest_metro_pop_weighted_sum,4,37,0.01897
pct_rail_commute & dest_metro_pop_weighted_sum,4,38,0.01871
pct_rail_commute & dest_metro_pop_weighted_sum,4,39,0.02762
pct_rail_commute & dest_metro_pop_weighted_sum,4,40,0.0271
pct_rail_commute & dest_metro_pop_weighted_sum,4,41,-0.06553
pct_rail_commute & dest_metro_pop_weighted_sum,4,42,-0.0748
pct_rail_commute & dest_metro_pop_weighted_sum,4,43,-0.07556
pct_rail_commute & dest_metro_pop_weighted_sum,4,44,-0.07636
pct_rail_commute & dest_metro_pop_weighted_sum,4,45,-0.07655
pct_rail_commute & dest_metro_pop_weighted_sum,4,46,-0.07729
pct_rail_commute & dest_metro_pop_weighted_sum,4,47,-0.07785
pct_rail_commute & dest_metro_pop_weighted_sum,4,48,-0.07861
pct_rail_commute & dest_metro_pop_weighted_sum,4,49,-0.05736
pct_rail_commute & dest_metro_pop_weighted_sum,4,50,-0.05714
pct_rail_commute & dest_metro_pop_weighted_sum,4,51,-0.05287
pct_rail_commute & dest_metro_pop_weighted_sum,4,52,-0.05299
pct_rail_commute & dest_metro_pop_weighted_sum,4,53,-0.05312
pct_rail_commute & dest_metro_pop_weighted_sum,4,54,-0.05343
pct_rail_commute & dest_metro_pop_weighted_sum,4,55,-0.05862
pct_rail_commute & dest_metro_pop_weighted_sum,4,56,-0.07182
pct_rail_commute & dest_metro_pop_weighted_sum,4,57,-0.07186
pct_rail_commute & dest_metro_pop_weighted_sum,4,58,-0.06393
pct_rail_commute & dest_metro_pop_weighted_sum,4,59,-0.06314
pct_rail_commute & dest_metro_pop_weighted_sum,4,60,-0.06406
pct_rail_commute & dest_metro_pop_weighted_sum,4,61,-0.06176
pct_rail_commute & dest_metro_pop_weighted_sum,5,0,0.02274
pct_rail_commute & dest_metro_pop_weighted_sum,5,1,0.0252
pct_rail_commute & dest_metro_pop_weighted_sum,5,2,0.05255
pct_rail_commute & dest_metro_pop_weighted_sum,5,3,0.05256
pct_rail_commute & dest_metro_pop_weighted_sum,5,4,0.05137
pct_rail_commute & dest_metro_pop_weighted_sum,5,5,0.05034
pct_rail_commute & dest_metro_pop_weighted_sum,5,6,0.05047
pct_rail_commute & dest_metro_pop_weighted_sum,5,7,0.04992
pct_rail_commute & dest_metro_pop_weighted_sum,5,8,0.04805
pct_rail_commute & dest_metro_pop_weighted_sum,5,9,0.04689
pct_rail_commute & dest_metro_pop_weighted_sum,5,10,0.04605
pct_rail_commute & dest_metro_pop_weighted_sum,5,11,0.0459
pct_rail_commute & dest_metro_pop_weighted_sum,5,12,0.04383
pct_rail_commute & dest_metro_pop_weighted_sum,5,13,0.04143
pct_rail_commute & dest_metro_pop_weighted_sum,5,14,0.04039
pct_rail_commute & dest_metro_pop_weighted_sum,5,15,0.03978
pct_rail_commute & dest_metro_pop_weighted_sum,5,16,0.0393
pct_rail_commute & dest_metro_pop_weighted_sum,5,17,0.03827
pct_rail_commute & dest_metro_pop_weighted_sum,5,18,0.03741
pct_rail_commute & dest_metro_pop_weighted_sum,5,19,0.03662
pct_rail_commute & dest_metro_pop_weighted_sum,5,20,0.03533
pct_rail_commute & dest_metro_pop_weighted_sum,5,21,0.03415
pct_rail_commute & dest_metro_pop_weighted_sum,5,22,0.03389
pct_rail_commute & dest_metro_pop_weighted_sum,5,23,0.0329
pct_rail_commute & dest_metro_pop_weighted_sum,5,24,0.03217
pct_rail_commute & dest_metro_pop_weighted_sum,5,25,0.03144
pct_rail_commute & dest_metro_pop_weighted_sum,5,26,0.03066
pct_rail_commute & dest_metro_pop_weighted_sum,5,27,0.03019
pct_rail_commute & dest_metro_pop_weighted_sum,5,28,0.02947
pct_rail_commute & dest_metro_pop_weighted_sum,5,29,0.02852
pct_rail_commute & dest_metro_pop_weighted_sum,5,30,0.02742
pct_rail_commute & dest_metro_pop_weighted_sum,5,31,0.02634
pct_rail_commute & dest_metro_pop_weighted_sum,5,32,0.02565
pct_rail_commute & dest_metro_pop_weighted_sum,5,33,0.02497
pct_rail_commute & dest_metro_pop_weighted_sum,5,34,0.02439
pct_rail_commute & dest_metro_pop_weighted_sum,5,35,0.02117
pct_rail_commute & dest_metro_pop_weighted_sum,5,36,0.02048
pct_rail_commute & dest_metro_pop_weighted_sum,5,37,0.01983
pct_rail_commute & dest_metro_pop_weighted_sum,5,38,0.01956
pct_rail_commute & dest_metro_pop_weighted_sum,5,39,0.02398
pct_rail_commute & dest_metro_pop_weighted_sum,5,40,0.02346
pct_rail_commute & dest_metro_pop_weighted_sum,5,41,-0.06917
pct_rail_commute & dest_metro_pop_weighted_sum,5,42,-0.07844
pct_rail_commute & dest_metro_pop_weighted_sum,5,43,-0.07906
pct_rail_commute & dest_metro_pop_weighted_sum,5,44,-0.07986
pct_rail_commute & dest_metro_pop_weighted_sum,5,45,-0.08005
pct_rail_commute & dest_metro_pop_weighted_sum,5,46,-0.08078
pct_rail_commute & dest_metro_pop_weighted_sum,5,47,-0.08134
pct_rail_commute & dest_metro_pop_weighted_sum,5,48,-0.08211
pct_rail_commute & dest_metro_pop_weighted_sum,5,49,-0.06085
pct_rail_commute & dest_metro_pop_weighted_sum,5,50,-0.06066
pct_rail_commute & dest_metro_pop_weighted_sum,5,51,-0.05638
pct_rail_commute & dest_metro_pop_weighted_sum,5,52,-0.0565
pct_rail_commute & dest_metro_pop_weighted_sum,5,53,-0.05661
pct_rail_commute & dest_metro_pop_weighted_sum,5,54,-0.05692
pct_rail_commute & dest_metro_pop_weighted_sum,5,55,-0.06256
pct_rail_commute & dest_metro_pop_weighted_sum,5,56,-0.07575
pct_rail_commute & dest_metro_pop_weighted_sum,5,57,-0.07579
pct_rail_commute & dest_metro_pop_weighted_sum,5,58,-0.06786
pct_rail_commute & dest_metro_pop_weighted_sum,5,59,-0.06708
pct_rail_commute & dest_metro_pop_weighted_sum,5,60,-0.068
pct_rail_commute & dest_metro_pop_weighted_sum,5,61,-0.06569
pct_rail_commute & dest_metro_pop_weighted_sum,6,0,0.02169
pct_rail_commute & dest_metro_pop_weighted_sum,6,1,0.02381
pct_rail_commute & dest_metro_pop_weighted_sum,6,2,0.05115
pct_rail_commute & dest_metro_pop_weighted_sum,6,3,0.05116
pct_rail_commute & dest_metro_pop_weighted_sum,6,4,0.04997
pct_rail_commute & dest_metro_pop_weighted_sum,6,5,0.04909
pct_rail_commute & dest_metro_pop_weighted_sum,6,6,0.04921
pct_rail_commute & dest_metro_pop_weighted_sum,6,7,0.04881
pct_rail_commute & dest_metro_pop_weighted_sum,6,8,0.04694
pct_rail_commute & dest_metro_pop_weighted_sum,6,9,0.04591
pct_rail_commute & dest_metro_pop_weighted_sum,6,10,0.04534
pct_rail_commute & dest_metro_pop_weighted_sum,6,11,0.04519
pct_rail_commute & dest_metro_pop_weighted_sum,6,12,0.04312
pct_rail_commute & dest_metro_pop_weighted_sum,6,13,0.04073
pct_rail_commute & dest_metro_pop_weighted_sum,6,14,0.03975
pct_rail_commute & dest_metro_pop_weighted_sum,6,15,0.03914
pct_rail_commute & dest_metro_pop_weighted_sum,6,16,0.03866
pct_rail_commute & dest_metro_pop_weighted_sum,6,17,0.03763
pct_rail_commute & dest_metro_pop_weighted_sum,6,18,0.03678
pct_rail_commute & dest_metro_pop_weighted_sum,6,19,0.03598
pct_rail_commute & dest_metro_pop_weighted_sum,6,20,0.03486
pct_rail_commute & dest_metro_pop_weighted_sum,6,21,0.03368
pct_rail_commute & dest_metro_pop_weighted_sum,6,22,0.03342
pct_rail_commute & dest_metro_pop_weighted_sum,6,23,0.03243
pct_rail_commute & dest_metro_pop_weighted_sum,6,24,0.03171
pct_rail_commute & dest_metro_pop_weighted_sum,6,25,0.03097
pct_rail_commute & dest_metro_pop_weighted_sum,6,26,0.03024
pct_rail_commute & dest_metro_pop_weighted_sum,6,27,0.02978
pct_rail_commute & dest_metro_pop_weighted_sum,6,28,0.02905
pct_rail_commute & dest_metro_pop_weighted_sum,6,29,0.0281
pct_rail_commute & dest_metro_pop_weighted_sum,6,30,0.027
pct_rail_commute & dest_metro_pop_weighted_sum,6,31,0.0261
pct_rail_commute & dest_metro_pop_weighted_sum,6,32,0.02541
pct_rail_commute & dest_metro_pop_weighted_sum,6,33,0.02473
pct_rail_commute & dest_metro_pop_weighted_sum,6,34,0.02415
pct_rail_commute & dest_metro_pop_weighted_sum,6,35,0.02114
pct_rail_commute & dest_metro_pop_weighted_sum,6,36,0.02046
pct_rail_commute & dest_metro_pop_weighted_sum,6,37,0.01981
pct_rail_commute & dest_metro_pop_weighted_sum,6,38,0.01954
pct_rail_commute & dest_metro_pop_weighted_sum,6,39,0.024
pct_rail_commute & dest_metro_pop_weighted_sum,6,40,0.02348
pct_rail_commute & dest_metro_pop_weighted_sum,6,41,-0.06903
pct_rail_commute & dest_metro_pop_weighted_sum,6,42,-0.07829
pct_rail_commute & dest_metro_pop_weighted_sum,6,43,-0.07891
pct_rail_commute & dest_metro_pop_weighted_sum,6,44,-0.07971
pct_rail_commute & dest_metro_pop_weighted_sum,6,45,-0.07989
pct_rail_commute & dest_metro_pop_weighted_sum,6,46,-0.08047
pct_rail_commute & dest_metro_pop_weighted_sum,6,47,-0.08103
pct_rail_commute & dest_metro_pop_weighted_sum,6,48,-0.08179
pct_rail_commute & dest_metro_pop_weighted_sum,6,49,-0.06054
pct_rail_commute & dest_metro_pop_weighted_sum,6,50,-0.06034
pct_rail_commute & dest_metro_pop_weighted_sum,6,51,-0.05601
pct_rail_commute & dest_metro_pop_weighted_sum,6,52,-0.05613
pct_rail_commute & dest_metro_pop_weighted_sum,6,53,-0.05623
pct_rail_commute & dest_metro_pop_weighted_sum,6,54,-0.05654
pct_rail_commute & dest_metro_pop_weighted_sum,6,55,-0.06229
pct_rail_commute & dest_metro_pop_weighted_sum,6,56,-0.076
pct_rail_commute & dest_metro_pop_weighted_sum,6,57,-0.07604
pct_rail_commute & dest_metro_pop_weighted_sum,6,58,-0.06832
pct_rail_commute & dest_metro_pop_weighted_sum,6,59,-0.06753
pct_rail_commute & dest_metro_pop_weighted_sum,6,60,-0.06863
pct_rail_commute & dest_metro_pop_weighted_sum,6,61,-0.06633
pct_rail_commute & dest_metro_pop_weighted_sum,7,0,0.02058
pct_rail_commute & dest_metro_pop_weighted_sum,7,1,0.0227
pct_rail_commute & dest_metro_pop_weighted_sum,7,2,0.04991
pct_rail_commute & dest_metro_pop_weighted_sum,7,3,0.04991
pct_rail_commute & dest_metro_pop_weighted_sum,7,4,0.04873
pct_rail_commute & dest_metro_pop_weighted_sum,7,5,0.04784
pct_rail_commute & dest_metro_pop_weighted_sum,7,6,0.04796
pct_rail_commute & dest_metro_pop_weighted_sum,7,7,0.04757
pct_rail_commute & dest_metro_pop_weighted_sum,7,8,0.04569
pct_rail_commute & dest_metro_pop_weighted_sum,7,9,0.04467
pct_rail_commute & dest_metro_pop_weighted_sum,7,10,0.0441
pct_rail_commute & dest_metro_pop_weighted_sum,7,11,0.04395
pct_rail_commute & dest_metro_pop_weighted_sum,7,12,0.04188
pct_rail_commute & dest_metro_pop_weighted_sum,7,13,0.03948
pct_rail_commute & dest_metro_pop_weighted_sum,7,14,0.0385
pct_rail_commute & dest_metro_pop_weighted_sum,7,15,0.0379
pct_rail_commute & dest_metro_pop_weighted_sum,7,16,0.03742
pct_rail_commute & dest_metro_pop_weighted_sum,7,17,0.03671
pct_rail_commute & dest_metro_pop_weighted_sum,7,18,0.03585
pct_rail_commute & dest_metro_pop_weighted_sum,7,19,0.03505
pct_rail_commute & dest_metro_pop_weighted_sum,7,20,0.03394
pct_rail_commute & dest_metro_pop_weighted_sum,7,21,0.03304
pct_rail_commute & dest_metro_pop_weighted_sum,7,22,0.03278
pct_rail_commute & dest_metro_pop_weighted_sum,7,23,0.03179
pct_rail_commute & dest_metro_pop_weighted_sum,7,24,0.03107
pct_rail_commute & dest_metro_pop_weighted_sum,7,25,0.03034
pct_rail_commute & dest_metro_pop_weighted_sum,7,26,0.02984
pct_rail_commute & dest_metro_pop_weighted_sum,7,27,0.0297
pct_rail_commute & dest_metro_pop_weighted_sum,7,28,0.02897
pct_rail_commute & dest_metro_pop_weighted_sum,7,29,0.02805
pct_rail_commute & dest_metro_pop_weighted_sum,7,30,0.02695
pct_rail_commute & dest_metro_pop_weighted_sum,7,31,0.02605
pct_rail_commute & dest_metro_pop_weighted_sum,7,32,0.02536
pct_rail_commute & dest_metro_pop_weighted_sum,7,33,0.02468
pct_rail_commute & dest_metro_pop_weighted_sum,7,34,0.0241
pct_rail_commute & dest_metro_pop_weighted_sum,7,35,0.02109
pct_rail_commute & dest_metro_pop_weighted_sum,7,36,0.02041
pct_rail_commute & dest_metro_pop_weighted_sum,7,37,0.01975
pct_rail_commute & dest_metro_pop_weighted_sum,7,38,0.01949
pct_rail_commute & dest_metro_pop_weighted_sum,7,39,0.02395
pct_rail_commute & dest_metro_pop_weighted_sum,7,40,0.02343
pct_rail_commute & dest_metro_pop_weighted_sum,7,41,-0.06908
pct_rail_commute & dest_metro_pop_weighted_sum,7,42,-0.07835
pct_rail_commute & dest_metro_pop_weighted_sum,7,43,-0.07896
pct_rail_commute & dest_metro_pop_weighted_sum,7,44,-0.07967
pct_rail_commute & dest_metro_pop_weighted_sum,7,45,-0.07986
pct_rail_commute & dest_metro_pop_weighted_sum,7,46,-0.08038
pct_rail_commute & dest_metro_pop_weighted_sum,7,47,-0.08093
pct_rail_commute & dest_metro_pop_weighted_sum,7,48,-0.0817
pct_rail_commute & dest_metro_pop_weighted_sum,7,49,-0.0604
pct_rail_commute & dest_metro_pop_weighted_sum,7,50,-0.06012
pct_rail_commute & dest_metro_pop_weighted_sum,7,51,-0.05579
pct_rail_commute & dest_metro_pop_weighted_sum,7,52,-0.05591
pct_rail_commute & dest_metro_pop_weighted_sum,7,53,-0.05601
pct_rail_commute & dest_metro_pop_weighted_sum,7,54,-0.05632
pct_rail_commute & dest_metro_pop_weighted_sum,7,55,-0.0624
pct_rail_commute & dest_metro_pop_weighted_sum,7,56,-0.07697
pct_rail_commute & dest_metro_pop_weighted_sum,7,57,-0.077
pct_rail_commute & dest_metro_pop_weighted_sum,7,58,-0.06928
pct_rail_commute & dest_metro_pop_weighted_sum,7,59,-0.06851
pct_rail_commute & dest_metro_pop_weighted_sum,7,60,-0.06961
pct_rail_commute & dest_metro_pop_weighted_sum,7,61,-0.06734
pct_rail_commute & dest_metro_pop_weighted_sum,8,0,0.02205
pct_rail_commute & dest_metro_pop_weighted_sum,8,1,0.02417
pct_rail_commute & dest_metro_pop_weighted_sum,8,2,0.04718
pct_rail_commute & dest_metro_pop_weighted_sum,8,3,0.04719
pct_rail_commute & dest_metro_pop_weighted_sum,8,4,0.04616
pct_rail_commute & dest_metro_pop_weighted_sum,8,5,0.04527
pct_rail_commute & dest_metro_pop_weighted_sum,8,6,0.0454
pct_rail_commute & dest_metro_pop_weighted_sum,8,7,0.045
pct_rail_commute & dest_metro_pop_weighted_sum,8,8,0.04313
pct_rail_commute & dest_metro_pop_weighted_sum,8,9,0.0421
pct_rail_commute & dest_metro_pop_weighted_sum,8,10,0.04179
pct_rail_commute & dest_metro_pop_weighted_sum,8,11,0.04164
pct_rail_commute & dest_metro_pop_weighted_sum,8,12,0.03957
pct_rail_commute & dest_metro_pop_weighted_sum,8,13,0.03718
pct_rail_commute & dest_metro_pop_weighted_sum,8,14,0.03641
pct_rail_commute & dest_metro_pop_weighted_sum,8,15,0.0358
pct_rail_commute & dest_metro_pop_weighted_sum,8,16,0.03532
pct_rail_commute & dest_metro_pop_weighted_sum,8,17,0.03461
pct_rail_commute & dest_metro_pop_weighted_sum,8,18,0.03382
pct_rail_commute & dest_metro_pop_weighted_sum,8,19,0.03356
pct_rail_commute & dest_metro_pop_weighted_sum,8,20,0.03273
pct_rail_commute & dest_metro_pop_weighted_sum,8,21,0.03183
pct_rail_commute & dest_metro_pop_weighted_sum,8,22,0.03157
pct_rail_commute & dest_metro_pop_weighted_sum,8,23,0.03058
pct_rail_commute & dest_metro_pop_weighted_sum,8,24,0.02995
pct_rail_commute & dest_metro_pop_weighted_sum,8,25,0.02921
pct_rail_commute & dest_metro_pop_weighted_sum,8,26,0.02872
pct_rail_commute & dest_metro_pop_weighted_sum,8,27,0.02857
pct_rail_commute & dest_metro_pop_weighted_sum,8,28,0.02785
pct_rail_commute & dest_metro_pop_weighted_sum,8,29,0.02734
pct_rail_commute & dest_metro_pop_weighted_sum,8,30,0.02647
pct_rail_commute & dest_metro_pop_weighted_sum,8,31,0.02557
pct_rail_commute & dest_metro_pop_weighted_sum,8,32,0.02488
pct_rail_commute & dest_metro_pop_weighted_sum,8,33,0.0242
pct_rail_commute & dest_metro_pop_weighted_sum,8,34,0.02362
pct_rail_commute & dest_metro_pop_weighted_sum,8,35,0.02061
pct_rail_commute & dest_metro_pop_weighted_sum,8,36,0.01993
pct_rail_commute & dest_metro_pop_weighted_sum,8,37,0.01927
pct_rail_commute & dest_metro_pop_weighted_sum,8,38,0.019
pct_rail_commute & dest_metro_pop_weighted_sum,8,39,0.02347
pct_rail_commute & dest_metro_pop_weighted_sum,8,40,0.02295
pct_rail_commute & dest_metro_pop_weighted_sum,8,41,-0.06949
pct_rail_commute & dest_metro_pop_weighted_sum,8,42,-0.07875
pct_rail_commute & dest_metro_pop_weighted_sum,8,43,-0.07935
pct_rail_commute & dest_metro_pop_weighted_sum,8,44,-0.08001
pct_rail_commute & dest_metro_pop_weighted_sum,8,45,-0.08019
pct_rail_commute & dest_metro_pop_weighted_sum,8,46,-0.08071
pct_rail_commute & dest_metro_pop_weighted_sum,8,47,-0.08127
pct_rail_commute & dest_metro_pop_weighted_sum,8,48,-0.08204
pct_rail_commute & dest_metro_pop_weighted_sum,8,49,-0.06041
pct_rail_commute & dest_metro_pop_weighted_sum,8,50,-0.06014
pct_rail_commute & dest_metro_pop_weighted_sum,8,51,-0.05581
pct_rail_commute & dest_metro_pop_weighted_sum,8,52,-0.05593
pct_rail_commute & dest_metro_pop_weighted_sum,8,53,-0.05603
pct_rail_commute & dest_metro_pop_weighted_sum,8,54,-0.05633
pct_rail_commute & dest_metro_pop_weighted_sum,8,55,-0.06283
pct_rail_commute & dest_metro_pop_weighted_sum,8,56,-0.07754
pct_rail_commute & dest_metro_pop_weighted_sum,8,57,-0.07757
pct_rail_commute & dest_metro_pop_weighted_sum,8,58,-0.06985
pct_rail_commute & dest_metro_pop_weighted_sum,8,59,-0.06908
pct_rail_commute & dest_metro_pop_weighted_sum,8,60,-0.07018
pct_rail_commute & dest_metro_pop_weighted_sum,8,61,-0.06791
pct_rail_commute & dest_metro_pop_weighted_sum,9,0,0.02018
pct_rail_commute & dest_metro_pop_weighted_sum,9,1,0.0223
pct_rail_commute & dest_metro_pop_weighted_sum,9,2,0.04532
pct_rail_commute & dest_metro_pop_weighted_sum,9,3,0.04532
pct_rail_commute & dest_metro_pop_weighted_sum,9,4,0.0443
pct_rail_commute & dest_metro_pop_weighted_sum,9,5,0.04349
pct_rail_commute & dest_metro_pop_weighted_sum,9,6,0.04361
pct_rail_commute & dest_metro_pop_weighted_sum,9,7,0.04335
pct_rail_commute & dest_metro_pop_weighted_sum,9,8,0.04147
pct_rail_commute & dest_metro_pop_weighted_sum,9,9,0.04045
pct_rail_commute & dest_metro_pop_weighted_sum,9,10,0.04047
pct_rail_commute & dest_metro_pop_weighted_sum,9,11,0.04042
pct_rail_commute & dest_metro_pop_weighted_sum,9,12,0.03857
pct_rail_commute & dest_metro_pop_weighted_sum,9,13,0.03617
pct_rail_commute & dest_metro_pop_weighted_sum,9,14,0.03561
pct_rail_commute & dest_metro_pop_weighted_sum,9,15,0.035
pct_rail_commute & dest_metro_pop_weighted_sum,9,16,0.03453
pct_rail_commute & dest_metro_pop_weighted_sum,9,17,0.03398
pct_rail_commute & dest_metro_pop_weighted_sum,9,18,0.03319
pct_rail_commute & dest_metro_pop_weighted_sum,9,19,0.03292
pct_rail_commute & dest_metro_pop_weighted_sum,9,20,0.03209
pct_rail_commute & dest_metro_pop_weighted_sum,9,21,0.0312
pct_rail_commute & dest_metro_pop_weighted_sum,9,22,0.03094
pct_rail_commute & dest_metro_pop_weighted_sum,9,23,0.02995
pct_rail_commute & dest_metro_pop_weighted_sum,9,24,0.02931
pct_rail_commute & dest_metro_pop_weighted_sum,9,25,0.02863
pct_rail_commute & dest_metro_pop_weighted_sum,9,26,0.02813
pct_rail_commute & dest_metro_pop_weighted_sum,9,27,0.02799
pct_rail_commute & dest_metro_pop_weighted_sum,9,28,0.02727
pct_rail_commute & dest_metro_pop_weighted_sum,9,29,0.02675
pct_rail_commute & dest_metro_pop_weighted_sum,9,30,0.02589
pct_rail_commute & dest_metro_pop_weighted_sum,9,31,0.02498
pct_rail_commute & dest_metro_pop_weighted_sum,9,32,0.0243
pct_rail_commute & dest_metro_pop_weighted_sum,9,33,0.02361
pct_rail_commute & dest_metro_pop_weighted_sum,9,34,0.02304
pct_rail_commute & dest_metro_pop_weighted_sum,9,35,0.02018
pct_rail_commute & dest_metro_pop_weighted_sum,9,36,0.01949
pct_rail_commute & dest_metro_pop_weighted_sum,9,37,0.01914
pct_rail_commute & dest_metro_pop_weighted_sum,9,38,0.01887
pct_rail_commute & dest_metro_pop_weighted_sum,9,39,0.02334
pct_rail_commute & dest_metro_pop_weighted_sum,9,40,0.02282
pct_rail_commute & dest_metro_pop_weighted_sum,9,41,-0.06962
pct_rail_commute & dest_metro_pop_weighted_sum,9,42,-0.07888
pct_rail_commute & dest_metro_pop_weighted_sum,9,43,-0.07948
pct_rail_commute & dest_metro_pop_weighted_sum,9,44,-0.08014
pct_rail_commute & dest_metro_pop_weighted_sum,9,45,-0.08032
pct_rail_commute & dest_metro_pop_weighted_sum,9,46,-0.08066
pct_rail_commute & dest_metro_pop_weighted_sum,9,47,-0.08122
pct_rail_commute & dest_metro_pop_weighted_sum,9,48,-0.08198
pct_rail_commute & dest_metro_pop_weighted_sum,9,49,-0.0602
pct_rail_commute & dest_metro_pop_weighted_sum,9,50,-0.05986
pct_rail_commute & dest_metro_pop_weighted_sum,9,51,-0.05551
pct_rail_commute & dest_metro_pop_weighted_sum,9,52,-0.05562
pct_rail_commute & dest_metro_pop_weighted_sum,9,53,-0.05571
pct_rail_commute & dest_metro_pop_weighted_sum,9,54,-0.05602
pct_rail_commute & dest_metro_pop_weighted_sum,9,55,-0.06252
pct_rail_commute & dest_metro_pop_weighted_sum,9,56,-0.07723
pct_rail_commute & dest_metro_pop_weighted_sum,9,57,-0.07729
pct_rail_commute & dest_metro_pop_weighted_sum,9,58,-0.06977
pct_rail_commute & dest_metro_pop_weighted_sum,9,59,-0.069
pct_rail_commute & dest_metro_pop_weighted_sum,9,60,-0.07009
pct_rail_commute & dest_metro_pop_weighted_sum,9,61,-0.06782
pct_rail_commute & dest_metro_pop_weighted_sum,10,0,0.01805
pct_rail_commute & dest_metro_pop_weighted_sum,10,1,0.01998
pct_rail_commute & dest_metro_pop_weighted_sum,10,2,0.04314
pct_rail_commute & dest_metro_pop_weighted_sum,10,3,0.04315
pct_rail_commute & dest_metro_pop_weighted_sum,10,4,0.04229
pct_rail_commute & dest_metro_pop_weighted_sum,10,5,0.04148
pct_rail_commute & dest_metro_pop_weighted_sum,10,6,0.04183
pct_rail_commute & dest_metro_pop_weighted_sum,10,7,0.04157
pct_rail_commute & dest_metro_pop_weighted_sum,10,8,0.04008
pct_rail_commute & dest_metro_pop_weighted_sum,10,9,0.03905
pct_rail_commute & dest_metro_pop_weighted_sum,10,10,0.03917
pct_rail_commute & dest_metro_pop_weighted_sum,10,11,0.03912
pct_rail_commute & dest_metro_pop_weighted_sum,10,12,0.03727
pct_rail_commute & dest_metro_pop_weighted_sum,10,13,0.03487
pct_rail_commute & dest_metro_pop_weighted_sum,10,14,0.03431
pct_rail_commute & dest_metro_pop_weighted_sum,10,15,0.0337
pct_rail_commute & dest_metro_pop_weighted_sum,10,16,0.03336
pct_rail_commute & dest_metro_pop_weighted_sum,10,17,0.03281
pct_rail_commute & dest_metro_pop_weighted_sum,10,18,0.03218
pct_rail_commute & dest_metro_pop_weighted_sum,10,19,0.03192
pct_rail_commute & dest_metro_pop_weighted_sum,10,20,0.03136
pct_rail_commute & dest_metro_pop_weighted_sum,10,21,0.03048
pct_rail_commute & dest_metro_pop_weighted_sum,10,22,0.03022
pct_rail_commute & dest_metro_pop_weighted_sum,10,23,0.02944
pct_rail_commute & dest_metro_pop_weighted_sum,10,24,0.02881
pct_rail_commute & dest_metro_pop_weighted_sum,10,25,0.02812
pct_rail_commute & dest_metro_pop_weighted_sum,10,26,0.02763
pct_rail_commute & dest_metro_pop_weighted_sum,10,27,0.02771
pct_rail_commute & dest_metro_pop_weighted_sum,10,28,0.02698
pct_rail_commute & dest_metro_pop_weighted_sum,10,29,0.02647
pct_rail_commute & dest_metro_pop_weighted_sum,10,30,0.0256
pct_rail_commute & dest_metro_pop_weighted_sum,10,31,0.0247
pct_rail_commute & dest_metro_pop_weighted_sum,10,32,0.02401
pct_rail_commute & dest_metro_pop_weighted_sum,10,33,0.02333
pct_rail_commute & dest_metro_pop_weighted_sum,10,34,0.02275
pct_rail_commute & dest_metro_pop_weighted_sum,10,35,0.01989
pct_rail_commute & dest_metro_pop_weighted_sum,10,36,0.01921
pct_rail_commute & dest_metro_pop_weighted_sum,10,37,0.01892
pct_rail_commute & dest_metro_pop_weighted_sum,10,38,0.01865
pct_rail_commute & dest_metro_pop_weighted_sum,10,39,0.02312
pct_rail_commute & dest_metro_pop_weighted_sum,10,40,0.0226
pct_rail_commute & dest_metro_pop_weighted_sum,10,41,-0.0696
pct_rail_commute & dest_metro_pop_weighted_sum,10,42,-0.07868
pct_rail_commute & dest_metro_pop_weighted_sum,10,43,-0.07928
pct_rail_commute & dest_metro_pop_weighted_sum,10,44,-0.07975
pct_rail_commute & dest_metro_pop_weighted_sum,10,45,-0.07992
pct_rail_commute & dest_metro_pop_weighted_sum,10,46,-0.08026
pct_rail_commute & dest_metro_pop_weighted_sum,10,47,-0.08081
pct_rail_commute & dest_metro_pop_weighted_sum,10,48,-0.08158
pct_rail_commute & dest_metro_pop_weighted_sum,10,49,-0.0598
pct_rail_commute & dest_metro_pop_weighted_sum,10,50,-0.05946
pct_rail_commute & dest_metro_pop_weighted_sum,10,51,-0.05511
pct_rail_commute & dest_metro_pop_weighted_sum,10,52,-0.05522
pct_rail_commute & dest_metro_pop_weighted_sum,10,53,-0.05531
pct_rail_commute & dest_metro_pop_weighted_sum,10,54,-0.05561
pct_rail_commute & dest_metro_pop_weighted_sum,10,55,-0.06213
pct_rail_commute & dest_metro_pop_weighted_sum,10,56,-0.07688
pct_rail_commute & dest_metro_pop_weighted_sum,10,57,-0.07703
pct_rail_commute & dest_metro_pop_weighted_sum,10,58,-0.06957
pct_rail_commute & dest_metro_pop_weighted_sum,10,59,-0.06879
pct_rail_commute & dest_metro_pop_weighted_sum,10,60,-0.06989
pct_rail_commute & dest_metro_pop_weighted_sum,10,61,-0.06762
pct_rail_commute & dest_metro_pop_weighted_sum,11,0,0.01788
pct_rail_commute & dest_metro_pop_weighted_sum,11,1,0.01982
pct_rail_commute & dest_metro_pop_weighted_sum,11,2,0.04298
pct_rail_commute & dest_metro_pop_weighted_sum,11,3,0.04299
pct_rail_commute & dest_metro_pop_weighted_sum,11,4,0.04235
pct_rail_commute & dest_metro_pop_weighted_sum,11,5,0.04154
pct_rail_commute & dest_metro_pop_weighted_sum,11,6,0.0419
pct_rail_commute & dest_metro_pop_weighted_sum,11,7,0.04164
pct_rail_commute & dest_metro_pop_weighted_sum,11,8,0.04014
pct_rail_commute & dest_metro_pop_weighted_sum,11,9,0.03912
pct_rail_commute & dest_metro_pop_weighted_sum,11,10,0.03924
pct_rail_commute & dest_metro_pop_weighted_sum,11,11,0.03946
pct_rail_commute & dest_metro_pop_weighted_sum,11,12,0.0376
pct_rail_commute & dest_metro_pop_weighted_sum,11,13,0.03534
pct_rail_commute & dest_metro_pop_weighted_sum,11,14,0.03478
pct_rail_commute & dest_metro_pop_weighted_sum,11,15,0.03417
pct_rail_commute & dest_metro_pop_weighted_sum,11,16,0.03383
pct_rail_commute & dest_metro_pop_weighted_sum,11,17,0.03343
pct_rail_commute & dest_metro_pop_weighted_sum,11,18,0.0328
pct_rail_commute & dest_metro_pop_weighted_sum,11,19,0.03254
pct_rail_commute & dest_metro_pop_weighted_sum,11,20,0.03202
pct_rail_commute & dest_metro_pop_weighted_sum,11,21,0.03114
pct_rail_commute & dest_metro_pop_weighted_sum,11,22,0.03088
pct_rail_commute & dest_metro_pop_weighted_sum,11,23,0.03028
pct_rail_commute & dest_metro_pop_weighted_sum,11,24,0.02965
pct_rail_commute & dest_metro_pop_weighted_sum,11,25,0.02897
pct_rail_commute & dest_metro_pop_weighted_sum,11,26,0.02882
pct_rail_commute & dest_metro_pop_weighted_sum,11,27,0.02916
pct_rail_commute & dest_metro_pop_weighted_sum,11,28,0.02859
pct_rail_commute & dest_metro_pop_weighted_sum,11,29,0.02833
pct_rail_commute & dest_metro_pop_weighted_sum,11,30,0.02762
pct_rail_commute & dest_metro_pop_weighted_sum,11,31,0.02677
pct_rail_commute & dest_metro_pop_weighted_sum,11,32,0.02608
pct_rail_commute & dest_metro_pop_weighted_sum,11,33,0.0254
pct_rail_commute & dest_metro_pop_weighted_sum,11,34,0.02482
pct_rail_commute & dest_metro_pop_weighted_sum,11,35,0.02196
pct_rail_commute & dest_metro_pop_weighted_sum,11,36,0.02128
pct_rail_commute & dest_metro_pop_weighted_sum,11,37,0.02104
pct_rail_commute & dest_metro_pop_weighted_sum,11,38,0.02077
pct_rail_commute & dest_metro_pop_weighted_sum,11,39,0.02531
pct_rail_commute & dest_metro_pop_weighted_sum,11,40,0.02479
pct_rail_commute & dest_metro_pop_weighted_sum,11,41,-0.06714
pct_rail_commute & dest_metro_pop_weighted_sum,11,42,-0.07621
pct_rail_commute & dest_metro_pop_weighted_sum,11,43,-0.07682
pct_rail_commute & dest_metro_pop_weighted_sum,11,44,-0.07715
pct_rail_commute & dest_metro_pop_weighted_sum,11,45,-0.07733
pct_rail_commute & dest_metro_pop_weighted_sum,11,46,-0.07739
pct_rail_commute & dest_metro_pop_weighted_sum,11,47,-0.07795
pct_rail_commute & dest_metro_pop_weighted_sum,11,48,-0.07872
pct_rail_commute & dest_metro_pop_weighted_sum,11,49,-0.05693
pct_rail_commute & dest_metro_pop_weighted_sum,11,50,-0.05649
pct_rail_commute & dest_metro_pop_weighted_sum,11,51,-0.05616
pct_rail_commute & dest_metro_pop_weighted_sum,11,52,-0.05627
pct_rail_commute & dest_metro_pop_weighted_sum,11,53,-0.05636
pct_rail_commute & dest_metro_pop_weighted_sum,11,54,-0.05667
pct_rail_commute & dest_metro_pop_weighted_sum,11,55,-0.06571
pct_rail_commute & dest_metro_pop_weighted_sum,11,56,-0.08047
pct_rail_commute & dest_metro_pop_weighted_sum,11,57,-0.08061
pct_rail_commute & dest_metro_pop_weighted_sum,11,58,-0.07315
pct_rail_commute & dest_metro_pop_weighted_sum,11,59,-0.07238
pct_rail_commute & dest_metro_pop_weighted_sum,11,60,-0.07348
pct_rail_commute & dest_metro_pop_weighted_sum,11,61,-0.07121
pct_rail_commute & dest_metro_pop_weighted_sum,12,0,0.01719
pct_rail_commute & dest_metro_pop_weighted_sum,12,1,0.01913
pct_rail_commute & dest_metro_pop_weighted_sum,12,2,0.04229
pct_rail_commute & dest_metro_pop_weighted_sum,12,3,0.04232
pct_rail_commute & dest_metro_pop_weighted_sum,12,4,0.04169
pct_rail_commute & dest_metro_pop_weighted_sum,12,5,0.04088
pct_rail_commute & dest_metro_pop_weighted_sum,12,6,0.04123
pct_rail_commute & dest_metro_pop_weighted_sum,12,7,0.04097
pct_rail_commute & dest_metro_pop_weighted_sum,12,8,0.03948
pct_rail_commute & dest_metro_pop_weighted_sum,12,9,0.03845
pct_rail_commute & dest_metro_pop_weighted_sum,12,10,0.03858
pct_rail_commute & dest_metro_pop_weighted_sum,12,11,0.03879
pct_rail_commute & dest_metro_pop_weighted_sum,12,12,0.0372
pct_rail_commute & dest_metro_pop_weighted_sum,12,13,0.03524
pct_rail_commute & dest_metro_pop_weighted_sum,12,14,0.03468
pct_rail_commute & dest_metro_pop_weighted_sum,12,15,0.03407
pct_rail_commute & dest_metro_pop_weighted_sum,12,16,0.03373
pct_rail_commute & dest_metro_pop_weighted_sum,12,17,0.03333
pct_rail_commute & dest_metro_pop_weighted_sum,12,18,0.0327
pct_rail_commute & dest_metro_pop_weighted_sum,12,19,0.0326
pct_rail_commute & dest_metro_pop_weighted_sum,12,20,0.03212
pct_rail_commute & dest_metro_pop_weighted_sum,12,21,0.03124
pct_rail_commute & dest_metro_pop_weighted_sum,12,22,0.03098
pct_rail_commute & dest_metro_pop_weighted_sum,12,23,0.03039
pct_rail_commute & dest_metro_pop_weighted_sum,12,24,0.02976
pct_rail_commute & dest_metro_pop_weighted_sum,12,25,0.02927
pct_rail_commute & dest_metro_pop_weighted_sum,12,26,0.02912
pct_rail_commute & dest_metro_pop_weighted_sum,12,27,0.02966
pct_rail_commute & dest_metro_pop_weighted_sum,12,28,0.02946
pct_rail_commute & dest_metro_pop_weighted_sum,12,29,0.0292
pct_rail_commute & dest_metro_pop_weighted_sum,12,30,0.0285
pct_rail_commute & dest_metro_pop_weighted_sum,12,31,0.02764
pct_rail_commute & dest_metro_pop_weighted_sum,12,32,0.02695
pct_rail_commute & dest_metro_pop_weighted_sum,12,33,0.02636
pct_rail_commute & dest_metro_pop_weighted_sum,12,34,0.02598
pct_rail_commute & dest_metro_pop_weighted_sum,12,35,0.02322
pct_rail_commute & dest_metro_pop_weighted_sum,12,36,0.02253
pct_rail_commute & dest_metro_pop_weighted_sum,12,37,0.02229
pct_rail_commute & dest_metro_pop_weighted_sum,12,38,0.02207
pct_rail_commute & dest_metro_pop_weighted_sum,12,39,0.02318
pct_rail_commute & dest_metro_pop_weighted_sum,12,40,0.02266
pct_rail_commute & dest_metro_pop_weighted_sum,12,41,-0.06926
pct_rail_commute & dest_metro_pop_weighted_sum,12,42,-0.07834
pct_rail_commute & dest_metro_pop_weighted_sum,12,43,-0.07894
pct_rail_commute & dest_metro_pop_weighted_sum,12,44,-0.07928
pct_rail_commute & dest_metro_pop_weighted_sum,12,45,-0.07946
pct_rail_commute & dest_metro_pop_weighted_sum,12,46,-0.07952
pct_rail_commute & dest_metro_pop_weighted_sum,12,47,-0.08008
pct_rail_commute & dest_metro_pop_weighted_sum,12,48,-0.08076
pct_rail_commute & dest_metro_pop_weighted_sum,12,49,-0.05898
pct_rail_commute & dest_metro_pop_weighted_sum,12,50,-0.05854
pct_rail_commute & dest_metro_pop_weighted_sum,12,51,-0.05821
pct_rail_commute & dest_metro_pop_weighted_sum,12,52,-0.05832
pct_rail_commute & dest_metro_pop_weighted_sum,12,53,-0.05841
pct_rail_commute & dest_metro_pop_weighted_sum,12,54,-0.05873
pct_rail_commute & dest_metro_pop_weighted_sum,12,55,-0.06777
pct_rail_commute & dest_metro_pop_weighted_sum,12,56,-0.08252
pct_rail_commute & dest_metro_pop_weighted_sum,12,57,-0.08267
pct_rail_commute & dest_metro_pop_weighted_sum,12,58,-0.07521
pct_rail_commute & dest_metro_pop_weighted_sum,12,59,-0.07444
pct_rail_commute & dest_metro_pop_weighted_sum,12,60,-0.07553
pct_rail_commute & dest_metro_pop_weighted_sum,12,61,-0.07326
pct_rail_commute & dest_metro_pop_weighted_sum,13,0,0.01585
pct_rail_commute & dest_metro_pop_weighted_sum,13,1,0.01778
pct_rail_commute & dest_metro_pop_weighted_sum,13,2,0.04094
pct_rail_commute & dest_metro_pop_weighted_sum,13,3,0.04097
pct_rail_commute & dest_metro_pop_weighted_sum,13,4,0.04034
pct_rail_commute & dest_metro_pop_weighted_sum,13,5,0.03953
pct_rail_commute & dest_metro_pop_weighted_sum,13,6,0.03988
pct_rail_commute & dest_metro_pop_weighted_sum,13,7,0.03962
pct_rail_commute & dest_metro_pop_weighted_sum,13,8,0.03813
pct_rail_commute & dest_metro_pop_weighted_sum,13,9,0.0371
pct_rail_commute & dest_metro_pop_weighted_sum,13,10,0.03723
pct_rail_commute & dest_metro_pop_weighted_sum,13,11,0.03744
pct_rail_commute & dest_metro_pop_weighted_sum,13,12,0.03611
pct_rail_commute & dest_metro_pop_weighted_sum,13,13,0.03415
pct_rail_commute & dest_metro_pop_weighted_sum,13,14,0.03402
pct_rail_commute & dest_metro_pop_weighted_sum,13,15,0.03341
pct_rail_commute & dest_metro_pop_weighted_sum,13,16,0.03307
pct_rail_commute & dest_metro_pop_weighted_sum,13,17,0.03267
pct_rail_commute & dest_metro_pop_weighted_sum,13,18,0.03204
pct_rail_commute & dest_metro_pop_weighted_sum,13,19,0.032
pct_rail_commute & dest_metro_pop_weighted_sum,13,20,0.03152
pct_rail_commute & dest_metro_pop_weighted_sum,13,21,0.03064
pct_rail_commute & dest_metro_pop_weighted_sum,13,22,0.03038
pct_rail_commute & dest_metro_pop_weighted_sum,13,23,0.02981
pct_rail_commute & dest_metro_pop_weighted_sum,13,24,0.02938
pct_rail_commute & dest_metro_pop_weighted_sum,13,25,0.02893
pct_rail_commute & dest_metro_pop_weighted_sum,13,26,0.02893
pct_rail_commute & dest_metro_pop_weighted_sum,13,27,0.02946
pct_rail_commute & dest_metro_pop_weighted_sum,13,28,0.02927
pct_rail_commute & dest_metro_pop_weighted_sum,13,29,0.02901
pct_rail_commute & dest_metro_pop_weighted_sum,13,30,0.0283
pct_rail_commute & dest_metro_pop_weighted_sum,13,31,0.02745
pct_rail_commute & dest_metro_pop_weighted_sum,13,32,0.02676
pct_rail_commute & dest_metro_pop_weighted_sum,13,33,0.02652
pct_rail_commute & dest_metro_pop_weighted_sum,13,34,0.02614
pct_rail_commute & dest_metro_pop_weighted_sum,13,35,0.02337
pct_rail_commute & dest_metro_pop_weighted_sum,13,36,0.02271
pct_rail_commute & dest_metro_pop_weighted_sum,13,37,0.02247
pct_rail_commute & dest_metro_pop_weighted_sum,13,38,0.02225
pct_rail_commute & dest_metro_pop_weighted_sum,13,39,0.02217
pct_rail_commute & dest_metro_pop_weighted_sum,13,40,0.02187
pct_rail_commute & dest_metro_pop_weighted_sum,13,41,-0.07005
pct_rail_commute & dest_metro_pop_weighted_sum,13,42,-0.07913
pct_rail_commute & dest_metro_pop_weighted_sum,13,43,-0.07973
pct_rail_commute & dest_metro_pop_weighted_sum,13,44,-0.07988
pct_rail_commute & dest_metro_pop_weighted_sum,13,45,-0.08002
pct_rail_commute & dest_metro_pop_weighted_sum,13,46,-0.08008
pct_rail_commute & dest_metro_pop_weighted_sum,13,47,-0.08064
pct_rail_commute & dest_metro_pop_weighted_sum,13,48,-0.08132
pct_rail_commute & dest_metro_pop_weighted_sum,13,49,-0.05954
pct_rail_commute & dest_metro_pop_weighted_sum,13,50,-0.0591
pct_rail_commute & dest_metro_pop_weighted_sum,13,51,-0.05879
pct_rail_commute & dest_metro_pop_weighted_sum,13,52,-0.0589
pct_rail_commute & dest_metro_pop_weighted_sum,13,53,-0.05899
pct_rail_commute & dest_metro_pop_weighted_sum,13,54,-0.05931
pct_rail_commute & dest_metro_pop_weighted_sum,13,55,-0.06835
pct_rail_commute & dest_metro_pop_weighted_sum,13,56,-0.0831
pct_rail_commute & dest_metro_pop_weighted_sum,13,57,-0.08325
pct_rail_commute & dest_metro_pop_weighted_sum,13,58,-0.07579
pct_rail_commute & dest_metro_pop_weighted_sum,13,59,-0.07502
pct_rail_commute & dest_metro_pop_weighted_sum,13,60,-0.07611
pct_rail_commute & dest_metro_pop_weighted_sum,13,61,-0.07384
pct_rail_commute & dest_metro_pop_weighted_sum,14,0,0.01321
pct_rail_commute & dest_metro_pop_weighted_sum,14,1,0.01514
pct_rail_commute & dest_metro_pop_weighted_sum,14,2,0.0383
pct_rail_commute & dest_metro_pop_weighted_sum,14,3,0.03833
pct_rail_commute & dest_metro_pop_weighted_sum,14,4,0.0377
pct_rail_commute & dest_metro_pop_weighted_sum,14,5,0.03689
pct_rail_commute & dest_metro_pop_weighted_sum,14,6,0.03725
pct_rail_commute & dest_metro_pop_weighted_sum,14,7,0.03698
pct_rail_commute & dest_metro_pop_weighted_sum,14,8,0.03549
pct_rail_commute & dest_metro_pop_weighted_sum,14,9,0.03447
pct_rail_commute & dest_metro_pop_weighted_sum,14,10,0.03459
pct_rail_commute & dest_metro_pop_weighted_sum,14,11,0.03481
pct_rail_commute & dest_metro_pop_weighted_sum,14,12,0.03372
pct_rail_commute & dest_metro_pop_weighted_sum,14,13,0.03192
pct_rail_commute & dest_metro_pop_weighted_sum,14,14,0.0318
pct_rail_commute & dest_metro_pop_weighted_sum,14,15,0.03119
pct_rail_commute & dest_metro_pop_weighted_sum,14,16,0.03085
pct_rail_commute & dest_metro_pop_weighted_sum,14,17,0.03045
pct_rail_commute & dest_metro_pop_weighted_sum,14,18,0.02982
pct_rail_commute & dest_metro_pop_weighted_sum,14,19,0.02978
pct_rail_commute & dest_metro_pop_weighted_sum,14,20,0.02962
pct_rail_commute & dest_metro_pop_weighted_sum,14,21,0.02874
pct_rail_commute & dest_metro_pop_weighted_sum,14,22,0.02848
pct_rail_commute & dest_metro_pop_weighted_sum,14,23,0.02796
pct_rail_commute & dest_metro_pop_weighted_sum,14,24,0.02816
pct_rail_commute & dest_metro_pop_weighted_sum,14,25,0.0277
pct_rail_commute & dest_metro_pop_weighted_sum,14,26,0.02797
pct_rail_commute & dest_metro_pop_weighted_sum,14,27,0.02851
pct_rail_commute & dest_metro_pop_weighted_sum,14,28,0.02831
pct_rail_commute & dest_metro_pop_weighted_sum,14,29,0.0282
pct_rail_commute & dest_metro_pop_weighted_sum,14,30,0.02791
pct_rail_commute & dest_metro_pop_weighted_sum,14,31,0.02762
pct_rail_commute & dest_metro_pop_weighted_sum,14,32,0.02696
pct_rail_commute & dest_metro_pop_weighted_sum,14,33,0.02672
pct_rail_commute & dest_metro_pop_weighted_sum,14,34,0.02634
pct_rail_commute & dest_metro_pop_weighted_sum,14,35,0.0237
pct_rail_commute & dest_metro_pop_weighted_sum,14,36,0.02304
pct_rail_commute & dest_metro_pop_weighted_sum,14,37,0.0228
pct_rail_commute & dest_metro_pop_weighted_sum,14,38,0.02269
pct_rail_commute & dest_metro_pop_weighted_sum,14,39,0.02262
pct_rail_commute & dest_metro_pop_weighted_sum,14,40,0.02239
pct_rail_commute & dest_metro_pop_weighted_sum,14,41,-0.06953
pct_rail_commute & dest_metro_pop_weighted_sum,14,42,-0.07833
pct_rail_commute & dest_metro_pop_weighted_sum,14,43,-0.07894
pct_rail_commute & dest_metro_pop_weighted_sum,14,44,-0.07908
pct_rail_commute & dest_metro_pop_weighted_sum,14,45,-0.07922
pct_rail_commute & dest_metro_pop_weighted_sum,14,46,-0.07928
pct_rail_commute & dest_metro_pop_weighted_sum,14,47,-0.07933
pct_rail_commute & dest_metro_pop_weighted_sum,14,48,-0.07995
pct_rail_commute & dest_metro_pop_weighted_sum,14,49,-0.05816
pct_rail_commute & dest_metro_pop_weighted_sum,14,50,-0.05772
pct_rail_commute & dest_metro_pop_weighted_sum,14,51,-0.05742
pct_rail_commute & dest_metro_pop_weighted_sum,14,52,-0.05753
pct_rail_commute & dest_metro_pop_weighted_sum,14,53,-0.05762
pct_rail_commute & dest_metro_pop_weighted_sum,14,54,-0.05788
pct_rail_commute & dest_metro_pop_weighted_sum,14,55,-0.06693
pct_rail_commute & dest_metro_pop_weighted_sum,14,56,-0.08168
pct_rail_commute & dest_metro_pop_weighted_sum,14,57,-0.08184
pct_rail_commute & dest_metro_pop_weighted_sum,14,58,-0.07438
pct_rail_commute & dest_metro_pop_weighted_sum,14,59,-0.0736
pct_rail_commute & dest_metro_pop_weighted_sum,14,60,-0.07492
pct_rail_commute & dest_metro_pop_weighted_sum,14,61,-0.07266
pct_rail_commute & dest_metro_pop_weighted_sum,15,0,0.00158
pct_rail_commute & dest_metro_pop_weighted_sum,15,1,0.00338
pct_rail_commute & dest_metro_pop_weighted_sum,15,2,0.02655
pct_rail_commute & dest_metro_pop_weighted_sum,15,3,0.02658
pct_rail_commute & dest_metro_pop_weighted_sum,15,4,0.02594
pct_rail_commute & dest_metro_pop_weighted_sum,15,5,0.02516
pct_rail_commute & dest_metro_pop_weighted_sum,15,6,0.02601
pct_rail_commute & dest_metro_pop_weighted_sum,15,7,0.02575
pct_rail_commute & dest_metro_pop_weighted_sum,15,8,0.03327
pct_rail_commute & dest_metro_pop_weighted_sum,15,9,0.03224
pct_rail_commute & dest_metro_pop_weighted_sum,15,10,0.03237
pct_rail_commute & dest_metro_pop_weighted_sum,15,11,0.03258
pct_rail_commute & dest_metro_pop_weighted_sum,15,12,0.03149
pct_rail_commute & dest_metro_pop_weighted_sum,15,13,0.0297
pct_rail_commute & dest_metro_pop_weighted_sum,15,14,0.02957
pct_rail_commute & dest_metro_pop_weighted_sum,15,15,0.02924
pct_rail_commute & dest_metro_pop_weighted_sum,15,16,0.02914
pct_rail_commute & dest_metro_pop_weighted_sum,15,17,0.02874
pct_rail_commute & dest_metro_pop_weighted_sum,15,18,0.02822
pct_rail_commute & dest_metro_pop_weighted_sum,15,19,0.0283
pct_rail_commute & dest_metro_pop_weighted_sum,15,20,0.02814
pct_rail_commute & dest_metro_pop_weighted_sum,15,21,0.02741
pct_rail_commute & dest_metro_pop_weighted_sum,15,22,0.02715
pct_rail_commute & dest_metro_pop_weighted_sum,15,23,0.0268
pct_rail_commute & dest_metro_pop_weighted_sum,15,24,0.02735
pct_rail_commute & dest_metro_pop_weighted_sum,15,25,0.02689
pct_rail_commute & dest_metro_pop_weighted_sum,15,26,0.0273
pct_rail_commute & dest_metro_pop_weighted_sum,15,27,0.02783
pct_rail_commute & dest_metro_pop_weighted_sum,15,28,0.02764
pct_rail_commute & dest_metro_pop_weighted_sum,15,29,0.02782
pct_rail_commute & dest_metro_pop_weighted_sum,15,30,0.02753
pct_rail_commute & dest_metro_pop_weighted_sum,15,31,0.02724
pct_rail_commute & dest_metro_pop_weighted_sum,15,32,0.02659
pct_rail_commute & dest_metro_pop_weighted_sum,15,33,0.02635
pct_rail_commute & dest_metro_pop_weighted_sum,15,34,0.02597
pct_rail_commute & dest_metro_pop_weighted_sum,15,35,0.02345
pct_rail_commute & dest_metro_pop_weighted_sum,15,36,0.02298
pct_rail_commute & dest_metro_pop_weighted_sum,15,37,0.02273
pct_rail_commute & dest_metro_pop_weighted_sum,15,38,0.02278
pct_rail_commute & dest_metro_pop_weighted_sum,15,39,0.0227
pct_rail_commute & dest_metro_pop_weighted_sum,15,40,0.02248
pct_rail_commute & dest_metro_pop_weighted_sum,15,41,-0.06922
pct_rail_commute & dest_metro_pop_weighted_sum,15,42,-0.07802
pct_rail_commute & dest_metro_pop_weighted_sum,15,43,-0.07851
pct_rail_commute & dest_metro_pop_weighted_sum,15,44,-0.07865
pct_rail_commute & dest_metro_pop_weighted_sum,15,45,-0.07879
pct_rail_commute & dest_metro_pop_weighted_sum,15,46,-0.07886
pct_rail_commute & dest_metro_pop_weighted_sum,15,47,-0.07862
pct_rail_commute & dest_metro_pop_weighted_sum,15,48,-0.07924
pct_rail_commute & dest_metro_pop_weighted_sum,15,49,-0.05714
pct_rail_commute & dest_metro_pop_weighted_sum,15,50,-0.0567
pct_rail_commute & dest_metro_pop_weighted_sum,15,51,-0.0564
pct_rail_commute & dest_metro_pop_weighted_sum,15,52,-0.05657
pct_rail_commute & dest_metro_pop_weighted_sum,15,53,-0.05666
pct_rail_commute & dest_metro_pop_weighted_sum,15,54,-0.05692
pct_rail_commute & dest_metro_pop_weighted_sum,15,55,-0.06596
pct_rail_commute & dest_metro_pop_weighted_sum,15,56,-0.08071
pct_rail_commute & dest_metro_pop_weighted_sum,15,57,-0.08087
pct_rail_commute & dest_metro_pop_weighted_sum,15,58,-0.07341
pct_rail_commute & dest_metro_pop_weighted_sum,15,59,-0.07276
pct_rail_commute & dest_metro_pop_weighted_sum,15,60,-0.07408
pct_rail_commute & dest_metro_pop_weighted_sum,15,61,-0.07182
pct_rail_commute & dest_metro_pop_weighted_sum,16,0,-0.0016
pct_rail_commute & dest_metro_pop_weighted_sum,16,1,0.00021
pct_rail_commute & dest_metro_pop_weighted_sum,16,2,0.02337
pct_rail_commute & dest_metro_pop_weighted_sum,16,3,0.0234
pct_rail_commute & dest_metro_pop_weighted_sum,16,4,0.02277
pct_rail_commute & dest_metro_pop_weighted_sum,16,5,0.02198
pct_rail_commute & dest_metro_pop_weighted_sum,16,6,0.02307
pct_rail_commute & dest_metro_pop_weighted_sum,16,7,0.02281
pct_rail_commute & dest_metro_pop_weighted_sum,16,8,0.03033
pct_rail_commute & dest_metro_pop_weighted_sum,16,9,0.02956
pct_rail_commute & dest_metro_pop_weighted_sum,16,10,0.03002
pct_rail_commute & dest_metro_pop_weighted_sum,16,11,0.03024
pct_rail_commute & dest_metro_pop_weighted_sum,16,12,0.02915
pct_rail_commute & dest_metro_pop_weighted_sum,16,13,0.02736
pct_rail_commute & dest_metro_pop_weighted_sum,16,14,0.02723
pct_rail_commute & dest_metro_pop_weighted_sum,16,15,0.02689
pct_rail_commute & dest_metro_pop_weighted_sum,16,16,0.0268
pct_rail_commute & dest_metro_pop_weighted_sum,16,17,0.0264
pct_rail_commute & dest_metro_pop_weighted_sum,16,18,0.02588
pct_rail_commute & dest_metro_pop_weighted_sum,16,19,0.02596
pct_rail_commute & dest_metro_pop_weighted_sum,16,20,0.0258
pct_rail_commute & dest_metro_pop_weighted_sum,16,21,0.02537
pct_rail_commute & dest_metro_pop_weighted_sum,16,22,0.02522
pct_rail_commute & dest_metro_pop_weighted_sum,16,23,0.02487
pct_rail_commute & dest_metro_pop_weighted_sum,16,24,0.02542
pct_rail_commute & dest_metro_pop_weighted_sum,16,25,0.02496
pct_rail_commute & dest_metro_pop_weighted_sum,16,26,0.02537
pct_rail_commute & dest_metro_pop_weighted_sum,16,27,0.02603
pct_rail_commute & dest_metro_pop_weighted_sum,16,28,0.02584
pct_rail_commute & dest_metro_pop_weighted_sum,16,29,0.02602
pct_rail_commute & dest_metro_pop_weighted_sum,16,30,0.02573
pct_rail_commute & dest_metro_pop_weighted_sum,16,31,0.02544
pct_rail_commute & dest_metro_pop_weighted_sum,16,32,0.02478
pct_rail_commute & dest_metro_pop_weighted_sum,16,33,0.02471
pct_rail_commute & dest_metro_pop_weighted_sum,16,34,0.02433
pct_rail_commute & dest_metro_pop_weighted_sum,16,35,0.02181
pct_rail_commute & dest_metro_pop_weighted_sum,16,36,0.02158
pct_rail_commute & dest_metro_pop_weighted_sum,16,37,0.02133
pct_rail_commute & dest_metro_pop_weighted_sum,16,38,0.02138
pct_rail_commute & dest_metro_pop_weighted_sum,16,39,0.02141
pct_rail_commute & dest_metro_pop_weighted_sum,16,40,0.02121
pct_rail_commute & dest_metro_pop_weighted_sum,16,41,-0.07028
pct_rail_commute & dest_metro_pop_weighted_sum,16,42,-0.0786
pct_rail_commute & dest_metro_pop_weighted_sum,16,43,-0.07909
pct_rail_commute & dest_metro_pop_weighted_sum,16,44,-0.07918
pct_rail_commute & dest_metro_pop_weighted_sum,16,45,-0.07924
pct_rail_commute & dest_metro_pop_weighted_sum,16,46,-0.0793
pct_rail_commute & dest_metro_pop_weighted_sum,16,47,-0.07901
pct_rail_commute & dest_metro_pop_weighted_sum,16,48,-0.07963
pct_rail_commute & dest_metro_pop_weighted_sum,16,49,-0.05634
pct_rail_commute & dest_metro_pop_weighted_sum,16,50,-0.0559
pct_rail_commute & dest_metro_pop_weighted_sum,16,51,-0.0556
pct_rail_commute & dest_metro_pop_weighted_sum,16,52,-0.05577
pct_rail_commute & dest_metro_pop_weighted_sum,16,53,-0.05586
pct_rail_commute & dest_metro_pop_weighted_sum,16,54,-0.05607
pct_rail_commute & dest_metro_pop_weighted_sum,16,55,-0.06511
pct_rail_commute & dest_metro_pop_weighted_sum,16,56,-0.07986
pct_rail_commute & dest_metro_pop_weighted_sum,16,57,-0.08002
pct_rail_commute & dest_metro_pop_weighted_sum,16,58,-0.07256
pct_rail_commute & dest_metro_pop_weighted_sum,16,59,-0.07191
pct_rail_commute & dest_metro_pop_weighted_sum,16,60,-0.07323
pct_rail_commute & dest_metro_pop_weighted_sum,16,61,-0.07097
pct_rail_commute & dest_metro_pop_weighted_sum,17,0,-0.00491
pct_rail_commute & dest_metro_pop_weighted_sum,17,1,-0.00319
pct_rail_commute & dest_metro_pop_weighted_sum,17,2,0.01997
pct_rail_commute & dest_metro_pop_weighted_sum,17,3,0.02017
pct_rail_commute & dest_metro_pop_weighted_sum,17,4,0.01954
pct_rail_commute & dest_metro_pop_weighted_sum,17,5,0.01887
pct_rail_commute & dest_metro_pop_weighted_sum,17,6,0.01996
pct_rail_commute & dest_metro_pop_weighted_sum,17,7,0.0197
pct_rail_commute & dest_metro_pop_weighted_sum,17,8,0.02722
pct_rail_commute & dest_metro_pop_weighted_sum,17,9,0.02645
pct_rail_commute & dest_metro_pop_weighted_sum,17,10,0.02714
pct_rail_commute & dest_metro_pop_weighted_sum,17,11,0.02736
pct_rail_commute & dest_metro_pop_weighted_sum,17,12,0.02627
pct_rail_commute & dest_metro_pop_weighted_sum,17,13,0.02448
pct_rail_commute & dest_metro_pop_weighted_sum,17,14,0.02435
pct_rail_commute & dest_metro_pop_weighted_sum,17,15,0.02401
pct_rail_commute & dest_metro_pop_weighted_sum,17,16,0.02405
pct_rail_commute & dest_metro_pop_weighted_sum,17,17,0.02365
pct_rail_commute & dest_metro_pop_weighted_sum,17,18,0.02313
pct_rail_commute & dest_metro_pop_weighted_sum,17,19,0.02321
pct_rail_commute & dest_metro_pop_weighted_sum,17,20,0.02313
pct_rail_commute & dest_metro_pop_weighted_sum,17,21,0.0227
pct_rail_commute & dest_metro_pop_weighted_sum,17,22,0.02275
pct_rail_commute & dest_metro_pop_weighted_sum,17,23,0.0224
pct_rail_commute & dest_metro_pop_weighted_sum,17,24,0.02295
pct_rail_commute & dest_metro_pop_weighted_sum,17,25,0.02249
pct_rail_commute & dest_metro_pop_weighted_sum,17,26,0.0229
pct_rail_commute & dest_metro_pop_weighted_sum,17,27,0.02371
pct_rail_commute & dest_metro_pop_weighted_sum,17,28,0.02367
pct_rail_commute & dest_metro_pop_weighted_sum,17,29,0.02385
pct_rail_commute & dest_metro_pop_weighted_sum,17,30,0.02357
pct_rail_commute & dest_metro_pop_weighted_sum,17,31,0.02327
pct_rail_commute & dest_metro_pop_weighted_sum,17,32,0.02262
pct_rail_commute & dest_metro_pop_weighted_sum,17,33,0.02255
pct_rail_commute & dest_metro_pop_weighted_sum,17,34,0.02217
pct_rail_commute & dest_metro_pop_weighted_sum,17,35,0.01965
pct_rail_commute & dest_metro_pop_weighted_sum,17,36,0.01958
pct_rail_commute & dest_metro_pop_weighted_sum,17,37,0.01933
pct_rail_commute & dest_metro_pop_weighted_sum,17,38,0.01938
pct_rail_commute & dest_metro_pop_weighted_sum,17,39,0.01961
pct_rail_commute & dest_metro_pop_weighted_sum,17,40,0.01941
pct_rail_commute & dest_metro_pop_weighted_sum,17,41,-0.06489
pct_rail_commute & dest_metro_pop_weighted_sum,17,42,-0.07315
pct_rail_commute & dest_metro_pop_weighted_sum,17,43,-0.07355
pct_rail_commute & dest_metro_pop_weighted_sum,17,44,-0.07365
pct_rail_commute & dest_metro_pop_weighted_sum,17,45,-0.0737
pct_rail_commute & dest_metro_pop_weighted_sum,17,46,-0.07377
pct_rail_commute & dest_metro_pop_weighted_sum,17,47,-0.07347
pct_rail_commute & dest_metro_pop_weighted_sum,17,48,-0.07393
pct_rail_commute & dest_metro_pop_weighted_sum,17,49,-0.05064
pct_rail_commute & dest_metro_pop_weighted_sum,17,50,-0.0502
pct_rail_commute & dest_metro_pop_weighted_sum,17,51,-0.0499
pct_rail_commute & dest_metro_pop_weighted_sum,17,52,-0.05007
pct_rail_commute & dest_metro_pop_weighted_sum,17,53,-0.05016
pct_rail_commute & dest_metro_pop_weighted_sum,17,54,-0.05036
pct_rail_commute & dest_metro_pop_weighted_sum,17,55,-0.05941
pct_rail_commute & dest_metro_pop_weighted_sum,17,56,-0.07416
pct_rail_commute & dest_metro_pop_weighted_sum,17,57,-0.07432
pct_rail_commute & dest_metro_pop_weighted_sum,17,58,-0.06686
pct_rail_commute & dest_metro_pop_weighted_sum,17,59,-0.06621
pct_rail_commute & dest_metro_pop_weighted_sum,17,60,-0.06754
pct_rail_commute & dest_metro_pop_weighted_sum,17,61,-0.06532
pct_rail_commute & dest_metro_pop_weighted_sum,18,0,-0.00763
pct_rail_commute & dest_metro_pop_weighted_sum,18,1,-0.00591
pct_rail_commute & dest_metro_pop_weighted_sum,18,2,0.01725
pct_rail_commute & dest_metro_pop_weighted_sum,18,3,0.01746
pct_rail_commute & dest_metro_pop_weighted_sum,18,4,0.01705
pct_rail_commute & dest_metro_pop_weighted_sum,18,5,0.01638
pct_rail_commute & dest_metro_pop_weighted_sum,18,6,0.01747
pct_rail_commute & dest_metro_pop_weighted_sum,18,7,0.01721
pct_rail_commute & dest_metro_pop_weighted_sum,18,8,0.02473
pct_rail_commute & dest_metro_pop_weighted_sum,18,9,0.02395
pct_rail_commute & dest_metro_pop_weighted_sum,18,10,0.02465
pct_rail_commute & dest_metro_pop_weighted_sum,18,11,0.02492
pct_rail_commute & dest_metro_pop_weighted_sum,18,12,0.02383
pct_rail_commute & dest_metro_pop_weighted_sum,18,13,0.02204
pct_rail_commute & dest_metro_pop_weighted_sum,18,14,0.02202
pct_rail_commute & dest_metro_pop_weighted_sum,18,15,0.02168
pct_rail_commute & dest_metro_pop_weighted_sum,18,16,0.02199
pct_rail_commute & dest_metro_pop_weighted_sum,18,17,0.02183
pct_rail_commute & dest_metro_pop_weighted_sum,18,18,0.02131
pct_rail_commute & dest_metro_pop_weighted_sum,18,19,0.0219
pct_rail_commute & dest_metro_pop_weighted_sum,18,20,0.02182
pct_rail_commute & dest_metro_pop_weighted_sum,18,21,0.02139
pct_rail_commute & dest_metro_pop_weighted_sum,18,22,0.02177
pct_rail_commute & dest_metro_pop_weighted_sum,18,23,0.02142
pct_rail_commute & dest_metro_pop_weighted_sum,18,24,0.02197
pct_rail_commute & dest_metro_pop_weighted_sum,18,25,0.02152
pct_rail_commute & dest_metro_pop_weighted_sum,18,26,0.02221
pct_rail_commute & dest_metro_pop_weighted_sum,18,27,0.02302
pct_rail_commute & dest_metro_pop_weighted_sum,18,28,0.02299
pct_rail_commute & dest_metro_pop_weighted_sum,18,29,0.02317
pct_rail_commute & dest_metro_pop_weighted_sum,18,30,0.02319
pct_rail_commute & dest_metro_pop_weighted_sum,18,31,0.023
pct_rail_commute & dest_metro_pop_weighted_sum,18,32,0.02235
pct_rail_commute & dest_metro_pop_weighted_sum,18,33,0.02227
pct_rail_commute & dest_metro_pop_weighted_sum,18,34,0.02204
pct_rail_commute & dest_metro_pop_weighted_sum,18,35,0.01952
pct_rail_commute & dest_metro_pop_weighted_sum,18,36,0.01944
pct_rail_commute & dest_metro_pop_weighted_sum,18,37,0.0192
pct_rail_commute & dest_metro_pop_weighted_sum,18,38,0.01925
pct_rail_commute & dest_metro_pop_weighted_sum,18,39,0.01948
pct_rail_commute & dest_metro_pop_weighted_sum,18,40,0.01938
pct_rail_commute & dest_metro_pop_weighted_sum,18,41,-0.0642
pct_rail_commute & dest_metro_pop_weighted_sum,18,42,-0.07246
pct_rail_commute & dest_metro_pop_weighted_sum,18,43,-0.07286
pct_rail_commute & dest_metro_pop_weighted_sum,18,44,-0.07296
pct_rail_commute & dest_metro_pop_weighted_sum,18,45,-0.07301
pct_rail_commute & dest_metro_pop_weighted_sum,18,46,-0.07302
pct_rail_commute & dest_metro_pop_weighted_sum,18,47,-0.07273
pct_rail_commute & dest_metro_pop_weighted_sum,18,48,-0.07315
pct_rail_commute & dest_metro_pop_weighted_sum,18,49,-0.04986
pct_rail_commute & dest_metro_pop_weighted_sum,18,50,-0.04921
pct_rail_commute & dest_metro_pop_weighted_sum,18,51,-0.04881
pct_rail_commute & dest_metro_pop_weighted_sum,18,52,-0.04878
pct_rail_commute & dest_metro_pop_weighted_sum,18,53,-0.04887
pct_rail_commute & dest_metro_pop_weighted_sum,18,54,-0.04908
pct_rail_commute & dest_metro_pop_weighted_sum,18,55,-0.05812
pct_rail_commute & dest_metro_pop_weighted_sum,18,56,-0.07287
pct_rail_commute & dest_metro_pop_weighted_sum,18,57,-0.07303
pct_rail_commute & dest_metro_pop_weighted_sum,18,58,-0.06557
pct_rail_commute & dest_metro_pop_weighted_sum,18,59,-0.06494
pct_rail_commute & dest_metro_pop_weighted_sum,18,60,-0.06628
pct_rail_commute & dest_metro_pop_weighted_sum,18,61,-0.06419
pct_rail_commute & dest_metro_pop_weighted_sum,19,0,-0.01033
pct_rail_commute & dest_metro_pop_weighted_sum,19,1,-0.00861
pct_rail_commute & dest_metro_pop_weighted_sum,19,2,0.01521
pct_rail_commute & dest_metro_pop_weighted_sum,19,3,0.01541
pct_rail_commute & dest_metro_pop_weighted_sum,19,4,0.015
pct_rail_commute & dest_metro_pop_weighted_sum,19,5,0.01433
pct_rail_commute & dest_metro_pop_weighted_sum,19,6,0.01573
pct_rail_commute & dest_metro_pop_weighted_sum,19,7,0.01547
pct_rail_commute & dest_metro_pop_weighted_sum,19,8,0.02299
pct_rail_commute & dest_metro_pop_weighted_sum,19,9,0.02221
pct_rail_commute & dest_metro_pop_weighted_sum,19,10,0.02291
pct_rail_commute & dest_metro_pop_weighted_sum,19,11,0.02318
pct_rail_commute & dest_metro_pop_weighted_sum,19,12,0.02209
pct_rail_commute & dest_metro_pop_weighted_sum,19,13,0.02056
pct_rail_commute & dest_metro_pop_weighted_sum,19,14,0.02054
pct_rail_commute & dest_metro_pop_weighted_sum,19,15,0.02032
pct_rail_commute & dest_metro_pop_weighted_sum,19,16,0.02079
pct_rail_commute & dest_metro_pop_weighted_sum,19,17,0.02064
pct_rail_commute & dest_metro_pop_weighted_sum,19,18,0.02016
pct_rail_commute & dest_metro_pop_weighted_sum,19,19,0.02087
pct_rail_commute & dest_metro_pop_weighted_sum,19,20,0.02112
pct_rail_commute & dest_metro_pop_weighted_sum,19,21,0.02069
pct_rail_commute & dest_metro_pop_weighted_sum,19,22,0.02107
pct_rail_commute & dest_metro_pop_weighted_sum,19,23,0.02072
pct_rail_commute & dest_metro_pop_weighted_sum,19,24,0.02127
pct_rail_commute & dest_metro_pop_weighted_sum,19,25,0.02081
pct_rail_commute & dest_metro_pop_weighted_sum,19,26,0.02164
pct_rail_commute & dest_metro_pop_weighted_sum,19,27,0.02245
pct_rail_commute & dest_metro_pop_weighted_sum,19,28,0.02241
pct_rail_commute & dest_metro_pop_weighted_sum,19,29,0.02259
pct_rail_commute & dest_metro_pop_weighted_sum,19,30,0.02281
pct_rail_commute & dest_metro_pop_weighted_sum,19,31,0.02263
pct_rail_commute & dest_metro_pop_weighted_sum,19,32,0.02197
pct_rail_commute & dest_metro_pop_weighted_sum,19,33,0.0219
pct_rail_commute & dest_metro_pop_weighted_sum,19,34,0.02183
pct_rail_commute & dest_metro_pop_weighted_sum,19,35,0.01931
pct_rail_commute & dest_metro_pop_weighted_sum,19,36,0.01929
pct_rail_commute & dest_metro_pop_weighted_sum,19,37,0.01905
pct_rail_commute & dest_metro_pop_weighted_sum,19,38,0.01909
pct_rail_commute & dest_metro_pop_weighted_sum,19,39,0.01932
pct_rail_commute & dest_metro_pop_weighted_sum,19,40,0.01922
pct_rail_commute & dest_metro_pop_weighted_sum,19,41,-0.06436
pct_rail_commute & dest_metro_pop_weighted_sum,19,42,-0.07261
pct_rail_commute & dest_metro_pop_weighted_sum,19,43,-0.07285
pct_rail_commute & dest_metro_pop_weighted_sum,19,44,-0.07294
pct_rail_commute & dest_metro_pop_weighted_sum,19,45,-0.073
pct_rail_commute & dest_metro_pop_weighted_sum,19,46,-0.07301
pct_rail_commute & dest_metro_pop_weighted_sum,19,47,-0.07265
pct_rail_commute & dest_metro_pop_weighted_sum,19,48,-0.07286
pct_rail_commute & dest_metro_pop_weighted_sum,19,49,-0.04943
pct_rail_commute & dest_metro_pop_weighted_sum,19,50,-0.04877
pct_rail_commute & dest_metro_pop_weighted_sum,19,51,-0.0483
pct_rail_commute & dest_metro_pop_weighted_sum,19,52,-0.04827
pct_rail_commute & dest_metro_pop_weighted_sum,19,53,-0.04837
pct_rail_commute & dest_metro_pop_weighted_sum,19,54,-0.04857
pct_rail_commute & dest_metro_pop_weighted_sum,19,55,-0.05757
pct_rail_commute & dest_metro_pop_weighted_sum,19,56,-0.07232
pct_rail_commute & dest_metro_pop_weighted_sum,19,57,-0.07247
pct_rail_commute & dest_metro_pop_weighted_sum,19,58,-0.06501
pct_rail_commute & dest_metro_pop_weighted_sum,19,59,-0.06438
pct_rail_commute & dest_metro_pop_weighted_sum,19,60,-0.06572
pct_rail_commute & dest_metro_pop_weighted_sum,19,61,-0.06363
pct_rail_commute & dest_metro_pop_weighted_sum,20,0,-0.01126
pct_rail_commute & dest_metro_pop_weighted_sum,20,1,-0.00954
pct_rail_commute & dest_metro_pop_weighted_sum,20,2,0.01428
pct_rail_commute & dest_metro_pop_weighted_sum,20,3,0.01448
pct_rail_commute & dest_metro_pop_weighted_sum,20,4,0.01407
pct_rail_commute & dest_metro_pop_weighted_sum,20,5,0.01342
pct_rail_commute & dest_metro_pop_weighted_sum,20,6,0.01513
pct_rail_commute & dest_metro_pop_weighted_sum,20,7,0.01487
pct_rail_commute & dest_metro_pop_weighted_sum,20,8,0.02239
pct_rail_commute & dest_metro_pop_weighted_sum,20,9,0.02161
pct_rail_commute & dest_metro_pop_weighted_sum,20,10,0.02231
pct_rail_commute & dest_metro_pop_weighted_sum,20,11,0.02258
pct_rail_commute & dest_metro_pop_weighted_sum,20,12,0.02163
pct_rail_commute & dest_metro_pop_weighted_sum,20,13,0.0201
pct_rail_commute & dest_metro_pop_weighted_sum,20,14,0.0202
pct_rail_commute & dest_metro_pop_weighted_sum,20,15,0.01998
pct_rail_commute & dest_metro_pop_weighted_sum,20,16,0.02048
pct_rail_commute & dest_metro_pop_weighted_sum,20,17,0.02047
pct_rail_commute & dest_metro_pop_weighted_sum,20,18,0.02
pct_rail_commute & dest_metro_pop_weighted_sum,20,19,0.02071
pct_rail_commute & dest_metro_pop_weighted_sum,20,20,0.02095
pct_rail_commute & dest_metro_pop_weighted_sum,20,21,0.02052
pct_rail_commute & dest_metro_pop_weighted_sum,20,22,0.0209
pct_rail_commute & dest_metro_pop_weighted_sum,20,23,0.02055
pct_rail_commute & dest_metro_pop_weighted_sum,20,24,0.0211
pct_rail_commute & dest_metro_pop_weighted_sum,20,25,0.02064
pct_rail_commute & dest_metro_pop_weighted_sum,20,26,0.02148
pct_rail_commute & dest_metro_pop_weighted_sum,20,27,0.02228
pct_rail_commute & dest_metro_pop_weighted_sum,20,28,0.02225
pct_rail_commute & dest_metro_pop_weighted_sum,20,29,0.02243
pct_rail_commute & dest_metro_pop_weighted_sum,20,30,0.02265
pct_rail_commute & dest_metro_pop_weighted_sum,20,31,0.02246
pct_rail_commute & dest_metro_pop_weighted_sum,20,32,0.02181
pct_rail_commute & dest_metro_pop_weighted_sum,20,33,0.02173
pct_rail_commute & dest_metro_pop_weighted_sum,20,34,0.02167
pct_rail_commute & dest_metro_pop_weighted_sum,20,35,0.01915
pct_rail_commute & dest_metro_pop_weighted_sum,20,36,0.01932
pct_rail_commute & dest_metro_pop_weighted_sum,20,37,0.01908
pct_rail_commute & dest_metro_pop_weighted_sum,20,38,0.01912
pct_rail_commute & dest_metro_pop_weighted_sum,20,39,0.01935
pct_rail_commute & dest_metro_pop_weighted_sum,20,40,0.01926
pct_rail_commute & dest_metro_pop_weighted_sum,20,41,-0.06432
pct_rail_commute & dest_metro_pop_weighted_sum,20,42,-0.07258
pct_rail_commute & dest_metro_pop_weighted_sum,20,43,-0.07281
pct_rail_commute & dest_metro_pop_weighted_sum,20,44,-0.07291
pct_rail_commute & dest_metro_pop_weighted_sum,20,45,-0.07296
pct_rail_commute & dest_metro_pop_weighted_sum,20,46,-0.07297
pct_rail_commute & dest_metro_pop_weighted_sum,20,47,-0.07262
pct_rail_commute & dest_metro_pop_weighted_sum,20,48,-0.07283
pct_rail_commute & dest_metro_pop_weighted_sum,20,49,-0.04939
pct_rail_commute & dest_metro_pop_weighted_sum,20,50,-0.04874
pct_rail_commute & dest_metro_pop_weighted_sum,20,51,-0.04827
pct_rail_commute & dest_metro_pop_weighted_sum,20,52,-0.04824
pct_rail_commute & dest_metro_pop_weighted_sum,20,53,-0.0483
pct_rail_commute & dest_metro_pop_weighted_sum,20,54,-0.0485
pct_rail_commute & dest_metro_pop_weighted_sum,20,55,-0.0575
pct_rail_commute & dest_metro_pop_weighted_sum,20,56,-0.0722
pct_rail_commute & dest_metro_pop_weighted_sum,20,57,-0.07235
pct_rail_commute & dest_metro_pop_weighted_sum,20,58,-0.06489
pct_rail_commute & dest_metro_pop_weighted_sum,20,59,-0.06427
pct_rail_commute & dest_metro_pop_weighted_sum,20,60,-0.06561
pct_rail_commute & dest_metro_pop_weighted_sum,20,61,-0.06352
pct_rail_commute & dest_metro_pop_weighted_sum,21,0,-0.04086
pct_rail_commute & dest_metro_pop_weighted_sum,21,1,-0.03926
pct_rail_commute & dest_metro_pop_weighted_sum,21,2,-0.01543
pct_rail_commute & dest_metro_pop_weighted_sum,21,3,-0.01415
pct_rail_commute & dest_metro_pop_weighted_sum,21,4,-0.01434
pct_rail_commute & dest_metro_pop_weighted_sum,21,5,-0.01469
pct_rail_commute & dest_metro_pop_weighted_sum,21,6,-0.01279
pct_rail_commute & dest_metro_pop_weighted_sum,21,7,-0.01286
pct_rail_commute & dest_metro_pop_weighted_sum,21,8,-0.00504
pct_rail_commute & dest_metro_pop_weighted_sum,21,9,-0.00563
pct_rail_commute & dest_metro_pop_weighted_sum,21,10,-0.00463
pct_rail_commute & dest_metro_pop_weighted_sum,21,11,-0.00412
pct_rail_commute & dest_metro_pop_weighted_sum,21,12,-0.00492
pct_rail_commute & dest_metro_pop_weighted_sum,21,13,-0.00646
pct_rail_commute & dest_metro_pop_weighted_sum,21,14,-0.00635
pct_rail_commute & dest_metro_pop_weighted_sum,21,15,-0.00646
pct_rail_commute & dest_metro_pop_weighted_sum,21,16,-0.00596
pct_rail_commute & dest_metro_pop_weighted_sum,21,17,-0.00597
pct_rail_commute & dest_metro_pop_weighted_sum,21,18,-0.00633
pct_rail_commute & dest_metro_pop_weighted_sum,21,19,-0.00557
pct_rail_commute & dest_metro_pop_weighted_sum,21,20,-0.00532
pct_rail_commute & dest_metro_pop_weighted_sum,21,21,-0.00575
pct_rail_commute & dest_metro_pop_weighted_sum,21,22,-0.00537
pct_rail_commute & dest_metro_pop_weighted_sum,21,23,-0.00572
pct_rail_commute & dest_metro_pop_weighted_sum,21,24,-0.00499
pct_rail_commute & dest_metro_pop_weighted_sum,21,25,-0.00545
pct_rail_commute & dest_metro_pop_weighted_sum,21,26,-0.00462
pct_rail_commute & dest_metro_pop_weighted_sum,21,27,-0.00376
pct_rail_commute & dest_metro_pop_weighted_sum,21,28,-0.00379
pct_rail_commute & dest_metro_pop_weighted_sum,21,29,-0.00361
pct_rail_commute & dest_metro_pop_weighted_sum,21,30,-0.00339
pct_rail_commute & dest_metro_pop_weighted_sum,21,31,-0.00358
pct_rail_commute & dest_metro_pop_weighted_sum,21,32,-0.00423
pct_rail_commute & dest_metro_pop_weighted_sum,21,33,-0.0043
pct_rail_commute & dest_metro_pop_weighted_sum,21,34,-0.00426
pct_rail_commute & dest_metro_pop_weighted_sum,21,35,-0.00679
pct_rail_commute & dest_metro_pop_weighted_sum,21,36,-0.00661
pct_rail_commute & dest_metro_pop_weighted_sum,21,37,-0.00685
pct_rail_commute & dest_metro_pop_weighted_sum,21,38,-0.00681
pct_rail_commute & dest_metro_pop_weighted_sum,21,39,-0.00654
pct_rail_commute & dest_metro_pop_weighted_sum,21,40,-0.00664
pct_rail_commute & dest_metro_pop_weighted_sum,21,41,-0.03289
pct_rail_commute & dest_metro_pop_weighted_sum,21,42,-0.03328
pct_rail_commute & dest_metro_pop_weighted_sum,21,43,-0.03351
pct_rail_commute & dest_metro_pop_weighted_sum,21,44,-0.03361
pct_rail_commute & dest_metro_pop_weighted_sum,21,45,-0.03366
pct_rail_commute & dest_metro_pop_weighted_sum,21,46,-0.03359
pct_rail_commute & dest_metro_pop_weighted_sum,21,47,-0.03324
pct_rail_commute & dest_metro_pop_weighted_sum,21,48,-0.03344
pct_rail_commute & dest_metro_pop_weighted_sum,21,49,-0.00975
pct_rail_commute & dest_metro_pop_weighted_sum,21,50,-0.00909
pct_rail_commute & dest_metro_pop_weighted_sum,21,51,-0.00862
pct_rail_commute & dest_metro_pop_weighted_sum,21,52,-0.00859
pct_rail_commute & dest_metro_pop_weighted_sum,21,53,-0.00866
pct_rail_commute & dest_metro_pop_weighted_sum,21,54,-0.00885
pct_rail_commute & dest_metro_pop_weighted_sum,21,55,-0.01781
pct_rail_commute & dest_metro_pop_weighted_sum,21,56,-0.03251
pct_rail_commute & dest_metro_pop_weighted_sum,21,57,-0.03266
pct_rail_commute & dest_metro_pop_weighted_sum,21,58,-0.0252
pct_rail_commute & dest_metro_pop_weighted_sum,21,59,-0.02458
pct_rail_commute & dest_metro_pop_weighted_sum,21,60,-0.026
pct_rail_commute & dest_metro_pop_weighted_sum,21,61,-0.02391
pct_rail_commute & dest_metro_pop_weighted_sum,22,0,-0.04255
pct_rail_commute & dest_metro_pop_weighted_sum,22,1,-0.04094
pct_rail_commute & dest_metro_pop_weighted_sum,22,2,-0.01712
pct_rail_commute & dest_metro_pop_weighted_sum,22,3,-0.01584
pct_rail_commute & dest_metro_pop_weighted_sum,22,4,-0.01603
pct_rail_commute & dest_metro_pop_weighted_sum,22,5,-0.01619
pct_rail_commute & dest_metro_pop_weighted_sum,22,6,-0.01429
pct_rail_commute & dest_metro_pop_weighted_sum,22,7,-0.01436
pct_rail_commute & dest_metro_pop_weighted_sum,22,8,-0.00653
pct_rail_commute & dest_metro_pop_weighted_sum,22,9,-0.00713
pct_rail_commute & dest_metro_pop_weighted_sum,22,10,-0.00612
pct_rail_commute & dest_metro_pop_weighted_sum,22,11,-0.00548
pct_rail_commute & dest_metro_pop_weighted_sum,22,12,-0.00628
pct_rail_commute & dest_metro_pop_weighted_sum,22,13,-0.0077
pct_rail_commute & dest_metro_pop_weighted_sum,22,14,-0.00743
pct_rail_commute & dest_metro_pop_weighted_sum,22,15,-0.00754
pct_rail_commute & dest_metro_pop_weighted_sum,22,16,-0.00704
pct_rail_commute & dest_metro_pop_weighted_sum,22,17,-0.00705
pct_rail_commute & dest_metro_pop_weighted_sum,22,18,-0.00741
pct_rail_commute & dest_metro_pop_weighted_sum,22,19,-0.00665
pct_rail_commute & dest_metro_pop_weighted_sum,22,20,-0.0064
pct_rail_commute & dest_metro_pop_weighted_sum,22,21,-0.00683
pct_rail_commute & dest_metro_pop_weighted_sum,22,22,-0.00645
pct_rail_commute & dest_metro_pop_weighted_sum,22,23,-0.00672
pct_rail_commute & dest_metro_pop_weighted_sum,22,24,-0.00593
pct_rail_commute & dest_metro_pop_weighted_sum,22,25,-0.00639
pct_rail_commute & dest_metro_pop_weighted_sum,22,26,-0.00556
pct_rail_commute & dest_metro_pop_weighted_sum,22,27,-0.00469
pct_rail_commute & dest_metro_pop_weighted_sum,22,28,-0.0045
pct_rail_commute & dest_metro_pop_weighted_sum,22,29,-0.00432
pct_rail_commute & dest_metro_pop_weighted_sum,22,30,-0.0041
pct_rail_commute & dest_metro_pop_weighted_sum,22,31,-0.00429
pct_rail_commute & dest_metro_pop_weighted_sum,22,32,-0.00494
pct_rail_commute & dest_metro_pop_weighted_sum,22,33,-0.00502
pct_rail_commute & dest_metro_pop_weighted_sum,22,34,-0.00475
pct_rail_commute & dest_metro_pop_weighted_sum,22,35,-0.00727
pct_rail_commute & dest_metro_pop_weighted_sum,22,36,-0.00709
pct_rail_commute & dest_metro_pop_weighted_sum,22,37,-0.00733
pct_rail_commute & dest_metro_pop_weighted_sum,22,38,-0.00729
pct_rail_commute & dest_metro_pop_weighted_sum,22,39,-0.00702
pct_rail_commute & dest_metro_pop_weighted_sum,22,40,-0.00686
pct_rail_commute & dest_metro_pop_weighted_sum,22,41,-0.03305
pct_rail_commute & dest_metro_pop_weighted_sum,22,42,-0.03344
pct_rail_commute & dest_metro_pop_weighted_sum,22,43,-0.03367
pct_rail_commute & dest_metro_pop_weighted_sum,22,44,-0.03365
pct_rail_commute & dest_metro_pop_weighted_sum,22,45,-0.03371
pct_rail_commute & dest_metro_pop_weighted_sum,22,46,-0.03363
pct_rail_commute & dest_metro_pop_weighted_sum,22,47,-0.03311
pct_rail_commute & dest_metro_pop_weighted_sum,22,48,-0.03285
pct_rail_commute & dest_metro_pop_weighted_sum,22,49,-0.00904
pct_rail_commute & dest_metro_pop_weighted_sum,22,50,-0.00838
pct_rail_commute & dest_metro_pop_weighted_sum,22,51,-0.00791
pct_rail_commute & dest_metro_pop_weighted_sum,22,52,-0.00788
pct_rail_commute & dest_metro_pop_weighted_sum,22,53,-0.00795
pct_rail_commute & dest_metro_pop_weighted_sum,22,54,-0.00811
pct_rail_commute & dest_metro_pop_weighted_sum,22,55,-0.01707
pct_rail_commute & dest_metro_pop_weighted_sum,22,56,-0.03177
pct_rail_commute & dest_metro_pop_weighted_sum,22,57,-0.03192
pct_rail_commute & dest_metro_pop_weighted_sum,22,58,-0.02446
pct_rail_commute & dest_metro_pop_weighted_sum,22,59,-0.02384
pct_rail_commute & dest_metro_pop_weighted_sum,22,60,-0.02525
pct_rail_commute & dest_metro_pop_weighted_sum,22,61,-0.02323
pct_rail_commute & dest_metro_pop_weighted_sum,23,0,-0.04388
pct_rail_commute & dest_metro_pop_weighted_sum,23,1,-0.04228
pct_rail_commute & dest_metro_pop_weighted_sum,23,2,-0.01846
pct_rail_commute & dest_metro_pop_weighted_sum,23,3,-0.01718
pct_rail_commute & dest_metro_pop_weighted_sum,23,4,-0.01737
pct_rail_commute & dest_metro_pop_weighted_sum,23,5,-0.01746
pct_rail_commute & dest_metro_pop_weighted_sum,23,6,-0.01556
pct_rail_commute & dest_metro_pop_weighted_sum,23,7,-0.01563
pct_rail_commute & dest_metro_pop_weighted_sum,23,8,-0.0078
pct_rail_commute & dest_metro_pop_weighted_sum,23,9,-0.0084
pct_rail_commute & dest_metro_pop_weighted_sum,23,10,-0.00739
pct_rail_commute & dest_metro_pop_weighted_sum,23,11,-0.00675
pct_rail_commute & dest_metro_pop_weighted_sum,23,12,-0.00755
pct_rail_commute & dest_metro_pop_weighted_sum,23,13,-0.00897
pct_rail_commute & dest_metro_pop_weighted_sum,23,14,-0.0087
pct_rail_commute & dest_metro_pop_weighted_sum,23,15,-0.00881
pct_rail_commute & dest_metro_pop_weighted_sum,23,16,-0.00821
pct_rail_commute & dest_metro_pop_weighted_sum,23,17,-0.00817
pct_rail_commute & dest_metro_pop_weighted_sum,23,18,-0.00854
pct_rail_commute & dest_metro_pop_weighted_sum,23,19,-0.00777
pct_rail_commute & dest_metro_pop_weighted_sum,23,20,-0.00753
pct_rail_commute & dest_metro_pop_weighted_sum,23,21,-0.00796
pct_rail_commute & dest_metro_pop_weighted_sum,23,22,-0.00707
pct_rail_commute & dest_metro_pop_weighted_sum,23,23,-0.00733
pct_rail_commute & dest_metro_pop_weighted_sum,23,24,-0.00655
pct_rail_commute & dest_metro_pop_weighted_sum,23,25,-0.00701
pct_rail_commute & dest_metro_pop_weighted_sum,23,26,-0.00618
pct_rail_commute & dest_metro_pop_weighted_sum,23,27,-0.00531
pct_rail_commute & dest_metro_pop_weighted_sum,23,28,-0.00492
pct_rail_commute & dest_metro_pop_weighted_sum,23,29,-0.00474
pct_rail_commute & dest_metro_pop_weighted_sum,23,30,-0.00452
pct_rail_commute & dest_metro_pop_weighted_sum,23,31,-0.00471
pct_rail_commute & dest_metro_pop_weighted_sum,23,32,-0.0052
pct_rail_commute & dest_metro_pop_weighted_sum,23,33,-0.00528
pct_rail_commute & dest_metro_pop_weighted_sum,23,34,-0.00501
pct_rail_commute & dest_metro_pop_weighted_sum,23,35,-0.00753
pct_rail_commute & dest_metro_pop_weighted_sum,23,36,-0.00735
pct_rail_commute & dest_metro_pop_weighted_sum,23,37,-0.00759
pct_rail_commute & dest_metro_pop_weighted_sum,23,38,-0.00755
pct_rail_commute & dest_metro_pop_weighted_sum,23,39,-0.0072
pct_rail_commute & dest_metro_pop_weighted_sum,23,40,-0.00693
pct_rail_commute & dest_metro_pop_weighted_sum,23,41,-0.03285
pct_rail_commute & dest_metro_pop_weighted_sum,23,42,-0.03324
pct_rail_commute & dest_metro_pop_weighted_sum,23,43,-0.03326
pct_rail_commute & dest_metro_pop_weighted_sum,23,44,-0.03324
pct_rail_commute & dest_metro_pop_weighted_sum,23,45,-0.0333
pct_rail_commute & dest_metro_pop_weighted_sum,23,46,-0.03323
pct_rail_commute & dest_metro_pop_weighted_sum,23,47,-0.03271
pct_rail_commute & dest_metro_pop_weighted_sum,23,48,-0.03244
pct_rail_commute & dest_metro_pop_weighted_sum,23,49,-0.00858
pct_rail_commute & dest_metro_pop_weighted_sum,23,50,-0.00793
pct_rail_commute & dest_metro_pop_weighted_sum,23,51,-0.00753
pct_rail_commute & dest_metro_pop_weighted_sum,23,52,-0.0075
pct_rail_commute & dest_metro_pop_weighted_sum,23,53,-0.00756
pct_rail_commute & dest_metro_pop_weighted_sum,23,54,-0.00772
pct_rail_commute & dest_metro_pop_weighted_sum,23,55,-0.01668
pct_rail_commute & dest_metro_pop_weighted_sum,23,56,-0.03138
pct_rail_commute & dest_metro_pop_weighted_sum,23,57,-0.03153
pct_rail_commute & dest_metro_pop_weighted_sum,23,58,-0.02431
pct_rail_commute & dest_metro_pop_weighted_sum,23,59,-0.02379
pct_rail_commute & dest_metro_pop_weighted_sum,23,60,-0.0252
pct_rail_commute & dest_metro_pop_weighted_sum,23,61,-0.02318
pct_rail_commute & dest_metro_pop_weighted_sum,24,0,-0.04704
pct_rail_commute & dest_metro_pop_weighted_sum,24,1,-0.04565
pct_rail_commute & dest_metro_pop_weighted_sum,24,2,-0.02095
pct_rail_commute & dest_metro_pop_weighted_sum,24,3,-0.01967
pct_rail_commute & dest_metro_pop_weighted_sum,24,4,-0.01986
pct_rail_commute & dest_metro_pop_weighted_sum,24,5,-0.01995
pct_rail_commute & dest_metro_pop_weighted_sum,24,6,-0.01805
pct_rail_commute & dest_metro_pop_weighted_sum,24,7,-0.01813
pct_rail_commute & dest_metro_pop_weighted_sum,24,8,-0.00982
pct_rail_commute & dest_metro_pop_weighted_sum,24,9,-0.01041
pct_rail_commute & dest_metro_pop_weighted_sum,24,10,-0.00941
pct_rail_commute & dest_metro_pop_weighted_sum,24,11,-0.00876
pct_rail_commute & dest_metro_pop_weighted_sum,24,12,-0.00918
pct_rail_commute & dest_metro_pop_weighted_sum,24,13,-0.01053
pct_rail_commute & dest_metro_pop_weighted_sum,24,14,-0.01026
pct_rail_commute & dest_metro_pop_weighted_sum,24,15,-0.01037
pct_rail_commute & dest_metro_pop_weighted_sum,24,16,-0.00977
pct_rail_commute & dest_metro_pop_weighted_sum,24,17,-0.00937
pct_rail_commute & dest_metro_pop_weighted_sum,24,18,-0.00974
pct_rail_commute & dest_metro_pop_weighted_sum,24,19,-0.00897
pct_rail_commute & dest_metro_pop_weighted_sum,24,20,-0.00873
pct_rail_commute & dest_metro_pop_weighted_sum,24,21,-0.00916
pct_rail_commute & dest_metro_pop_weighted_sum,24,22,-0.00827
pct_rail_commute & dest_metro_pop_weighted_sum,24,23,-0.0083
pct_rail_commute & dest_metro_pop_weighted_sum,24,24,-0.00752
pct_rail_commute & dest_metro_pop_weighted_sum,24,25,-0.00798
pct_rail_commute & dest_metro_pop_weighted_sum,24,26,-0.00715
pct_rail_commute & dest_metro_pop_weighted_sum,24,27,-0.00628
pct_rail_commute & dest_metro_pop_weighted_sum,24,28,-0.00525
pct_rail_commute & dest_metro_pop_weighted_sum,24,29,-0.00507
pct_rail_commute & dest_metro_pop_weighted_sum,24,30,-0.0048
pct_rail_commute & dest_metro_pop_weighted_sum,24,31,-0.00499
pct_rail_commute & dest_metro_pop_weighted_sum,24,32,-0.00548
pct_rail_commute & dest_metro_pop_weighted_sum,24,33,-0.00555
pct_rail_commute & dest_metro_pop_weighted_sum,24,34,-0.00528
pct_rail_commute & dest_metro_pop_weighted_sum,24,35,-0.0078
pct_rail_commute & dest_metro_pop_weighted_sum,24,36,-0.00763
pct_rail_commute & dest_metro_pop_weighted_sum,24,37,-0.00787
pct_rail_commute & dest_metro_pop_weighted_sum,24,38,-0.00774
pct_rail_commute & dest_metro_pop_weighted_sum,24,39,-0.00724
pct_rail_commute & dest_metro_pop_weighted_sum,24,40,-0.00697
pct_rail_commute & dest_metro_pop_weighted_sum,24,41,-0.03289
pct_rail_commute & dest_metro_pop_weighted_sum,24,42,-0.03318
pct_rail_commute & dest_metro_pop_weighted_sum,24,43,-0.0332
pct_rail_commute & dest_metro_pop_weighted_sum,24,44,-0.03314
pct_rail_commute & dest_metro_pop_weighted_sum,24,45,-0.03319
pct_rail_commute & dest_metro_pop_weighted_sum,24,46,-0.03312
pct_rail_commute & dest_metro_pop_weighted_sum,24,47,-0.03256
pct_rail_commute & dest_metro_pop_weighted_sum,24,48,-0.03207
pct_rail_commute & dest_metro_pop_weighted_sum,24,49,-0.00821
pct_rail_commute & dest_metro_pop_weighted_sum,24,50,-0.0075
pct_rail_commute & dest_metro_pop_weighted_sum,24,51,-0.00709
pct_rail_commute & dest_metro_pop_weighted_sum,24,52,-0.00707
pct_rail_commute & dest_metro_pop_weighted_sum,24,53,-0.00713
pct_rail_commute & dest_metro_pop_weighted_sum,24,54,-0.00729
pct_rail_commute & dest_metro_pop_weighted_sum,24,55,-0.01616
pct_rail_commute & dest_metro_pop_weighted_sum,24,56,-0.03086
pct_rail_commute & dest_metro_pop_weighted_sum,24,57,-0.03101
pct_rail_commute & dest_metro_pop_weighted_sum,24,58,-0.02402
pct_rail_commute & dest_metro_pop_weighted_sum,24,59,-0.02349
pct_rail_commute & dest_metro_pop_weighted_sum,24,60,-0.0249
pct_rail_commute & dest_metro_pop_weighted_sum,24,61,-0.02288
pct_rail_commute & dest_metro_pop_weighted_sum,25,0,-0.04805
pct_rail_commute & dest_metro_pop_weighted_sum,25,1,-0.04691
pct_rail_commute & dest_metro_pop_weighted_sum,25,2,-0.02165
pct_rail_commute & dest_metro_pop_weighted_sum,25,3,-0.02019
pct_rail_commute & dest_metro_pop_weighted_sum,25,4,-0.02038
pct_rail_commute & dest_metro_pop_weighted_sum,25,5,-0.02047
pct_rail_commute & dest_metro_pop_weighted_sum,25,6,-0.01857
pct_rail_commute & dest_metro_pop_weighted_sum,25,7,-0.01864
pct_rail_commute & dest_metro_pop_weighted_sum,25,8,-0.01033
pct_rail_commute & dest_metro_pop_weighted_sum,25,9,-0.01093
pct_rail_commute & dest_metro_pop_weighted_sum,25,10,-0.00992
pct_rail_commute & dest_metro_pop_weighted_sum,25,11,-0.00927
pct_rail_commute & dest_metro_pop_weighted_sum,25,12,-0.00969
pct_rail_commute & dest_metro_pop_weighted_sum,25,13,-0.01104
pct_rail_commute & dest_metro_pop_weighted_sum,25,14,-0.01077
pct_rail_commute & dest_metro_pop_weighted_sum,25,15,-0.01088
pct_rail_commute & dest_metro_pop_weighted_sum,25,16,-0.01028
pct_rail_commute & dest_metro_pop_weighted_sum,25,17,-0.00989
pct_rail_commute & dest_metro_pop_weighted_sum,25,18,-0.01025
pct_rail_commute & dest_metro_pop_weighted_sum,25,19,-0.00948
pct_rail_commute & dest_metro_pop_weighted_sum,25,20,-0.00924
pct_rail_commute & dest_metro_pop_weighted_sum,25,21,-0.0095
pct_rail_commute & dest_metro_pop_weighted_sum,25,22,-0.00862
pct_rail_commute & dest_metro_pop_weighted_sum,25,23,-0.00865
pct_rail_commute & dest_metro_pop_weighted_sum,25,24,-0.00786
pct_rail_commute & dest_metro_pop_weighted_sum,25,25,-0.00809
pct_rail_commute & dest_metro_pop_weighted_sum,25,26,-0.00726
pct_rail_commute & dest_metro_pop_weighted_sum,25,27,-0.00639
pct_rail_commute & dest_metro_pop_weighted_sum,25,28,-0.00536
pct_rail_commute & dest_metro_pop_weighted_sum,25,29,-0.00518
pct_rail_commute & dest_metro_pop_weighted_sum,25,30,-0.00491
pct_rail_commute & dest_metro_pop_weighted_sum,25,31,-0.0051
pct_rail_commute & dest_metro_pop_weighted_sum,25,32,-0.00553
pct_rail_commute & dest_metro_pop_weighted_sum,25,33,-0.0056
pct_rail_commute & dest_metro_pop_weighted_sum,25,34,-0.00534
pct_rail_commute & dest_metro_pop_weighted_sum,25,35,-0.00786
pct_rail_commute & dest_metro_pop_weighted_sum,25,36,-0.00768
pct_rail_commute & dest_metro_pop_weighted_sum,25,37,-0.00792
pct_rail_commute & dest_metro_pop_weighted_sum,25,38,-0.00779
pct_rail_commute & dest_metro_pop_weighted_sum,25,39,-0.00729
pct_rail_commute & dest_metro_pop_weighted_sum,25,40,-0.00703
pct_rail_commute & dest_metro_pop_weighted_sum,25,41,-0.03295
pct_rail_commute & dest_metro_pop_weighted_sum,25,42,-0.03323
pct_rail_commute & dest_metro_pop_weighted_sum,25,43,-0.03325
pct_rail_commute & dest_metro_pop_weighted_sum,25,44,-0.03319
pct_rail_commute & dest_metro_pop_weighted_sum,25,45,-0.03324
pct_rail_commute & dest_metro_pop_weighted_sum,25,46,-0.03317
pct_rail_commute & dest_metro_pop_weighted_sum,25,47,-0.03261
pct_rail_commute & dest_metro_pop_weighted_sum,25,48,-0.03196
pct_rail_commute & dest_metro_pop_weighted_sum,25,49,-0.0081
pct_rail_commute & dest_metro_pop_weighted_sum,25,50,-0.00733
pct_rail_commute & dest_metro_pop_weighted_sum,25,51,-0.00697
pct_rail_commute & dest_metro_pop_weighted_sum,25,52,-0.00705
pct_rail_commute & dest_metro_pop_weighted_sum,25,53,-0.00712
pct_rail_commute & dest_metro_pop_weighted_sum,25,54,-0.00728
pct_rail_commute & dest_metro_pop_weighted_sum,25,55,-0.01615
pct_rail_commute & dest_metro_pop_weighted_sum,25,56,-0.03085
pct_rail_commute & dest_metro_pop_weighted_sum,25,57,-0.0309
pct_rail_commute & dest_metro_pop_weighted_sum,25,58,-0.02391
pct_rail_commute & dest_metro_pop_weighted_sum,25,59,-0.02337
pct_rail_commute & dest_metro_pop_weighted_sum,25,60,-0.02479
pct_rail_commute & dest_metro_pop_weighted_sum,25,61,-0.02277
pct_rail_commute & dest_metro_pop_weighted_sum,26,0,-0.04951
pct_rail_commute & dest_metro_pop_weighted_sum,26,1,-0.04837
pct_rail_commute & dest_metro_pop_weighted_sum,26,2,-0.02311
pct_rail_commute & dest_metro_pop_weighted_sum,26,3,-0.02165
pct_rail_commute & dest_metro_pop_weighted_sum,26,4,-0.02184
pct_rail_commute & dest_metro_pop_weighted_sum,26,5,-0.02192
pct_rail_commute & dest_metro_pop_weighted_sum,26,6,-0.02003
pct_rail_commute & dest_metro_pop_weighted_sum,26,7,-0.01993
pct_rail_commute & dest_metro_pop_weighted_sum,26,8,-0.01162
pct_rail_commute & dest_metro_pop_weighted_sum,26,9,-0.01201
pct_rail_commute & dest_metro_pop_weighted_sum,26,10,-0.01101
pct_rail_commute & dest_metro_pop_weighted_sum,26,11,-0.01036
pct_rail_commute & dest_metro_pop_weighted_sum,26,12,-0.01061
pct_rail_commute & dest_metro_pop_weighted_sum,26,13,-0.01196
pct_rail_commute & dest_metro_pop_weighted_sum,26,14,-0.01147
pct_rail_commute & dest_metro_pop_weighted_sum,26,15,-0.01157
pct_rail_commute & dest_metro_pop_weighted_sum,26,16,-0.01098
pct_rail_commute & dest_metro_pop_weighted_sum,26,17,-0.01058
pct_rail_commute & dest_metro_pop_weighted_sum,26,18,-0.01094
pct_rail_commute & dest_metro_pop_weighted_sum,26,19,-0.01006
pct_rail_commute & dest_metro_pop_weighted_sum,26,20,-0.00982
pct_rail_commute & dest_metro_pop_weighted_sum,26,21,-0.01008
pct_rail_commute & dest_metro_pop_weighted_sum,26,22,-0.00919
pct_rail_commute & dest_metro_pop_weighted_sum,26,23,-0.00914
pct_rail_commute & dest_metro_pop_weighted_sum,26,24,-0.00835
pct_rail_commute & dest_metro_pop_weighted_sum,26,25,-0.00843
pct_rail_commute & dest_metro_pop_weighted_sum,26,26,-0.0075
pct_rail_commute & dest_metro_pop_weighted_sum,26,27,-0.00664
pct_rail_commute & dest_metro_pop_weighted_sum,26,28,-0.00561
pct_rail_commute & dest_metro_pop_weighted_sum,26,29,-0.00529
pct_rail_commute & dest_metro_pop_weighted_sum,26,30,-0.00502
pct_rail_commute & dest_metro_pop_weighted_sum,26,31,-0.00522
pct_rail_commute & dest_metro_pop_weighted_sum,26,32,-0.00551
pct_rail_commute & dest_metro_pop_weighted_sum,26,33,-0.00548
pct_rail_commute & dest_metro_pop_weighted_sum,26,34,-0.00521
pct_rail_commute & dest_metro_pop_weighted_sum,26,35,-0.00755
pct_rail_commute & dest_metro_pop_weighted_sum,26,36,-0.00737
pct_rail_commute & dest_metro_pop_weighted_sum,26,37,-0.00745
pct_rail_commute & dest_metro_pop_weighted_sum,26,38,-0.00731
pct_rail_commute & dest_metro_pop_weighted_sum,26,39,-0.00682
pct_rail_commute & dest_metro_pop_weighted_sum,26,40,-0.00655
pct_rail_commute & dest_metro_pop_weighted_sum,26,41,-0.03247
pct_rail_commute & dest_metro_pop_weighted_sum,26,42,-0.03276
pct_rail_commute & dest_metro_pop_weighted_sum,26,43,-0.03278
pct_rail_commute & dest_metro_pop_weighted_sum,26,44,-0.03268
pct_rail_commute & dest_metro_pop_weighted_sum,26,45,-0.03271
pct_rail_commute & dest_metro_pop_weighted_sum,26,46,-0.03264
pct_rail_commute & dest_metro_pop_weighted_sum,26,47,-0.03208
pct_rail_commute & dest_metro_pop_weighted_sum,26,48,-0.03143
pct_rail_commute & dest_metro_pop_weighted_sum,26,49,-0.00757
pct_rail_commute & dest_metro_pop_weighted_sum,26,50,-0.0068
pct_rail_commute & dest_metro_pop_weighted_sum,26,51,-0.00644
pct_rail_commute & dest_metro_pop_weighted_sum,26,52,-0.00644
pct_rail_commute & dest_metro_pop_weighted_sum,26,53,-0.00643
pct_rail_commute & dest_metro_pop_weighted_sum,26,54,-0.00659
pct_rail_commute & dest_metro_pop_weighted_sum,26,55,-0.01542
pct_rail_commute & dest_metro_pop_weighted_sum,26,56,-0.03012
pct_rail_commute & dest_metro_pop_weighted_sum,26,57,-0.03017
pct_rail_commute & dest_metro_pop_weighted_sum,26,58,-0.02317
pct_rail_commute & dest_metro_pop_weighted_sum,26,59,-0.02264
pct_rail_commute & dest_metro_pop_weighted_sum,26,60,-0.02409
pct_rail_commute & dest_metro_pop_weighted_sum,26,61,-0.02207
pct_rail_commute & dest_metro_pop_weighted_sum,27,0,-0.05216
pct_rail_commute & dest_metro_pop_weighted_sum,27,1,-0.05102
pct_rail_commute & dest_metro_pop_weighted_sum,27,2,-0.02516
pct_rail_commute & dest_metro_pop_weighted_sum,27,3,-0.02386
pct_rail_commute & dest_metro_pop_weighted_sum,27,4,-0.02405
pct_rail_commute & dest_metro_pop_weighted_sum,27,5,-0.02413
pct_rail_commute & dest_metro_pop_weighted_sum,27,6,-0.02224
pct_rail_commute & dest_metro_pop_weighted_sum,27,7,-0.02214
pct_rail_commute & dest_metro_pop_weighted_sum,27,8,-0.01383
pct_rail_commute & dest_metro_pop_weighted_sum,27,9,-0.01422
pct_rail_commute & dest_metro_pop_weighted_sum,27,10,-0.01306
pct_rail_commute & dest_metro_pop_weighted_sum,27,11,-0.01241
pct_rail_commute & dest_metro_pop_weighted_sum,27,12,-0.01266
pct_rail_commute & dest_metro_pop_weighted_sum,27,13,-0.01401
pct_rail_commute & dest_metro_pop_weighted_sum,27,14,-0.01323
pct_rail_commute & dest_metro_pop_weighted_sum,27,15,-0.01333
pct_rail_commute & dest_metro_pop_weighted_sum,27,16,-0.01274
pct_rail_commute & dest_metro_pop_weighted_sum,27,17,-0.01234
pct_rail_commute & dest_metro_pop_weighted_sum,27,18,-0.01264
pct_rail_commute & dest_metro_pop_weighted_sum,27,19,-0.01175
pct_rail_commute & dest_metro_pop_weighted_sum,27,20,-0.01111
pct_rail_commute & dest_metro_pop_weighted_sum,27,21,-0.01113
pct_rail_commute & dest_metro_pop_weighted_sum,27,22,-0.01005
pct_rail_commute & dest_metro_pop_weighted_sum,27,23,-0.00999
pct_rail_commute & dest_metro_pop_weighted_sum,27,24,-0.00921
pct_rail_commute & dest_metro_pop_weighted_sum,27,25,-0.00897
pct_rail_commute & dest_metro_pop_weighted_sum,27,26,-0.00779
pct_rail_commute & dest_metro_pop_weighted_sum,27,27,-0.00692
pct_rail_commute & dest_metro_pop_weighted_sum,27,28,-0.00576
pct_rail_commute & dest_metro_pop_weighted_sum,27,29,-0.00545
pct_rail_commute & dest_metro_pop_weighted_sum,27,30,-0.00518
pct_rail_commute & dest_metro_pop_weighted_sum,27,31,-0.00538
pct_rail_commute & dest_metro_pop_weighted_sum,27,32,-0.00567
pct_rail_commute & dest_metro_pop_weighted_sum,27,33,-0.00564
pct_rail_commute & dest_metro_pop_weighted_sum,27,34,-0.00537
pct_rail_commute & dest_metro_pop_weighted_sum,27,35,-0.00762
pct_rail_commute & dest_metro_pop_weighted_sum,27,36,-0.00741
pct_rail_commute & dest_metro_pop_weighted_sum,27,37,-0.00749
pct_rail_commute & dest_metro_pop_weighted_sum,27,38,-0.00734
pct_rail_commute & dest_metro_pop_weighted_sum,27,39,-0.00684
pct_rail_commute & dest_metro_pop_weighted_sum,27,40,-0.00658
pct_rail_commute & dest_metro_pop_weighted_sum,27,41,-0.0325
pct_rail_commute & dest_metro_pop_weighted_sum,27,42,-0.03253
pct_rail_commute & dest_metro_pop_weighted_sum,27,43,-0.0325
pct_rail_commute & dest_metro_pop_weighted_sum,27,44,-0.0324
pct_rail_commute & dest_metro_pop_weighted_sum,27,45,-0.03243
pct_rail_commute & dest_metro_pop_weighted_sum,27,46,-0.03221
pct_rail_commute & dest_metro_pop_weighted_sum,27,47,-0.03165
pct_rail_commute & dest_metro_pop_weighted_sum,27,48,-0.03093
pct_rail_commute & dest_metro_pop_weighted_sum,27,49,-0.00707
pct_rail_commute & dest_metro_pop_weighted_sum,27,50,-0.00615
pct_rail_commute & dest_metro_pop_weighted_sum,27,51,-0.00579
pct_rail_commute & dest_metro_pop_weighted_sum,27,52,-0.0058
pct_rail_commute & dest_metro_pop_weighted_sum,27,53,-0.00579
pct_rail_commute & dest_metro_pop_weighted_sum,27,54,-0.00595
pct_rail_commute & dest_metro_pop_weighted_sum,27,55,-0.01477
pct_rail_commute & dest_metro_pop_weighted_sum,27,56,-0.02947
pct_rail_commute & dest_metro_pop_weighted_sum,27,57,-0.02953
pct_rail_commute & dest_metro_pop_weighted_sum,27,58,-0.02253
pct_rail_commute & dest_metro_pop_weighted_sum,27,59,-0.022
pct_rail_commute & dest_metro_pop_weighted_sum,27,60,-0.02344
pct_rail_commute & dest_metro_pop_weighted_sum,27,61,-0.02151
pct_rail_commute & dest_metro_pop_weighted_sum,28,0,-0.05441
pct_rail_commute & dest_metro_pop_weighted_sum,28,1,-0.05327
pct_rail_commute & dest_metro_pop_weighted_sum,28,2,-0.02741
pct_rail_commute & dest_metro_pop_weighted_sum,28,3,-0.02597
pct_rail_commute & dest_metro_pop_weighted_sum,28,4,-0.02616
pct_rail_commute & dest_metro_pop_weighted_sum,28,5,-0.0261
pct_rail_commute & dest_metro_pop_weighted_sum,28,6,-0.0242
pct_rail_commute & dest_metro_pop_weighted_sum,28,7,-0.02396
pct_rail_commute & dest_metro_pop_weighted_sum,28,8,-0.01566
pct_rail_commute & dest_metro_pop_weighted_sum,28,9,-0.01605
pct_rail_commute & dest_metro_pop_weighted_sum,28,10,-0.01468
pct_rail_commute & dest_metro_pop_weighted_sum,28,11,-0.0139
pct_rail_commute & dest_metro_pop_weighted_sum,28,12,-0.01415
pct_rail_commute & dest_metro_pop_weighted_sum,28,13,-0.0155
pct_rail_commute & dest_metro_pop_weighted_sum,28,14,-0.01471
pct_rail_commute & dest_metro_pop_weighted_sum,28,15,-0.01482
pct_rail_commute & dest_metro_pop_weighted_sum,28,16,-0.01422
pct_rail_commute & dest_metro_pop_weighted_sum,28,17,-0.01383
pct_rail_commute & dest_metro_pop_weighted_sum,28,18,-0.01412
pct_rail_commute & dest_metro_pop_weighted_sum,28,19,-0.01305
pct_rail_commute & dest_metro_pop_weighted_sum,28,20,-0.01241
pct_rail_commute & dest_metro_pop_weighted_sum,28,21,-0.01243
pct_rail_commute & dest_metro_pop_weighted_sum,28,22,-0.01134
pct_rail_commute & dest_metro_pop_weighted_sum,28,23,-0.01129
pct_rail_commute & dest_metro_pop_weighted_sum,28,24,-0.01051
pct_rail_commute & dest_metro_pop_weighted_sum,28,25,-0.01026
pct_rail_commute & dest_metro_pop_weighted_sum,28,26,-0.00888
pct_rail_commute & dest_metro_pop_weighted_sum,28,27,-0.00802
pct_rail_commute & dest_metro_pop_weighted_sum,28,28,-0.00675
pct_rail_commute & dest_metro_pop_weighted_sum,28,29,-0.00643
pct_rail_commute & dest_metro_pop_weighted_sum,28,30,-0.00603
pct_rail_commute & dest_metro_pop_weighted_sum,28,31,-0.00611
pct_rail_commute & dest_metro_pop_weighted_sum,28,32,-0.00641
pct_rail_commute & dest_metro_pop_weighted_sum,28,33,-0.00621
pct_rail_commute & dest_metro_pop_weighted_sum,28,34,-0.00586
pct_rail_commute & dest_metro_pop_weighted_sum,28,35,-0.0079
pct_rail_commute & dest_metro_pop_weighted_sum,28,36,-0.0075
pct_rail_commute & dest_metro_pop_weighted_sum,28,37,-0.00758
pct_rail_commute & dest_metro_pop_weighted_sum,28,38,-0.00742
pct_rail_commute & dest_metro_pop_weighted_sum,28,39,-0.00693
pct_rail_commute & dest_metro_pop_weighted_sum,28,40,-0.00666
pct_rail_commute & dest_metro_pop_weighted_sum,28,41,-0.03258
pct_rail_commute & dest_metro_pop_weighted_sum,28,42,-0.03261
pct_rail_commute & dest_metro_pop_weighted_sum,28,43,-0.03259
pct_rail_commute & dest_metro_pop_weighted_sum,28,44,-0.03249
pct_rail_commute & dest_metro_pop_weighted_sum,28,45,-0.03252
pct_rail_commute & dest_metro_pop_weighted_sum,28,46,-0.03216
pct_rail_commute & dest_metro_pop_weighted_sum,28,47,-0.03117
pct_rail_commute & dest_metro_pop_weighted_sum,28,48,-0.03045
pct_rail_commute & dest_metro_pop_weighted_sum,28,49,-0.0066
pct_rail_commute & dest_metro_pop_weighted_sum,28,50,-0.00568
pct_rail_commute & dest_metro_pop_weighted_sum,28,51,-0.00532
pct_rail_commute & dest_metro_pop_weighted_sum,28,52,-0.00532
pct_rail_commute & dest_metro_pop_weighted_sum,28,53,-0.00531
pct_rail_commute & dest_metro_pop_weighted_sum,28,54,-0.00542
pct_rail_commute & dest_metro_pop_weighted_sum,28,55,-0.01425
pct_rail_commute & dest_metro_pop_weighted_sum,28,56,-0.02895
pct_rail_commute & dest_metro_pop_weighted_sum,28,57,-0.029
pct_rail_commute & dest_metro_pop_weighted_sum,28,58,-0.022
pct_rail_commute & dest_metro_pop_weighted_sum,28,59,-0.02147
pct_rail_commute & dest_metro_pop_weighted_sum,28,60,-0.02292
pct_rail_commute & dest_metro_pop_weighted_sum,28,61,-0.02096
pct_rail_commute & dest_metro_pop_weighted_sum,29,0,-0.05566
pct_rail_commute & dest_metro_pop_weighted_sum,29,1,-0.05461
pct_rail_commute & dest_metro_pop_weighted_sum,29,2,-0.02875
pct_rail_commute & dest_metro_pop_weighted_sum,29,3,-0.02731
pct_rail_commute & dest_metro_pop_weighted_sum,29,4,-0.02749
pct_rail_commute & dest_metro_pop_weighted_sum,29,5,-0.02744
pct_rail_commute & dest_metro_pop_weighted_sum,29,6,-0.02554
pct_rail_commute & dest_metro_pop_weighted_sum,29,7,-0.02525
pct_rail_commute & dest_metro_pop_weighted_sum,29,8,-0.01694
pct_rail_commute & dest_metro_pop_weighted_sum,29,9,-0.01733
pct_rail_commute & dest_metro_pop_weighted_sum,29,10,-0.01575
pct_rail_commute & dest_metro_pop_weighted_sum,29,11,-0.01496
pct_rail_commute & dest_metro_pop_weighted_sum,29,12,-0.01522
pct_rail_commute & dest_metro_pop_weighted_sum,29,13,-0.01656
pct_rail_commute & dest_metro_pop_weighted_sum,29,14,-0.01578
pct_rail_commute & dest_metro_pop_weighted_sum,29,15,-0.01572
pct_rail_commute & dest_metro_pop_weighted_sum,29,16,-0.01513
pct_rail_commute & dest_metro_pop_weighted_sum,29,17,-0.01473
pct_rail_commute & dest_metro_pop_weighted_sum,29,18,-0.01489
pct_rail_commute & dest_metro_pop_weighted_sum,29,19,-0.01362
pct_rail_commute & dest_metro_pop_weighted_sum,29,20,-0.01298
pct_rail_commute & dest_metro_pop_weighted_sum,29,21,-0.013
pct_rail_commute & dest_metro_pop_weighted_sum,29,22,-0.01191
pct_rail_commute & dest_metro_pop_weighted_sum,29,23,-0.01186
pct_rail_commute & dest_metro_pop_weighted_sum,29,24,-0.01108
pct_rail_commute & dest_metro_pop_weighted_sum,29,25,-0.01077
pct_rail_commute & dest_metro_pop_weighted_sum,29,26,-0.00939
pct_rail_commute & dest_metro_pop_weighted_sum,29,27,-0.00852
pct_rail_commute & dest_metro_pop_weighted_sum,29,28,-0.00725
pct_rail_commute & dest_metro_pop_weighted_sum,29,29,-0.00694
pct_rail_commute & dest_metro_pop_weighted_sum,29,30,-0.00653
pct_rail_commute & dest_metro_pop_weighted_sum,29,31,-0.00662
pct_rail_commute & dest_metro_pop_weighted_sum,29,32,-0.00691
pct_rail_commute & dest_metro_pop_weighted_sum,29,33,-0.0066
pct_rail_commute & dest_metro_pop_weighted_sum,29,34,-0.00604
pct_rail_commute & dest_metro_pop_weighted_sum,29,35,-0.00808
pct_rail_commute & dest_metro_pop_weighted_sum,29,36,-0.00768
pct_rail_commute & dest_metro_pop_weighted_sum,29,37,-0.00775
pct_rail_commute & dest_metro_pop_weighted_sum,29,38,-0.00752
pct_rail_commute & dest_metro_pop_weighted_sum,29,39,-0.00703
pct_rail_commute & dest_metro_pop_weighted_sum,29,40,-0.00676
pct_rail_commute & dest_metro_pop_weighted_sum,29,41,-0.03268
pct_rail_commute & dest_metro_pop_weighted_sum,29,42,-0.03239
pct_rail_commute & dest_metro_pop_weighted_sum,29,43,-0.03236
pct_rail_commute & dest_metro_pop_weighted_sum,29,44,-0.03226
pct_rail_commute & dest_metro_pop_weighted_sum,29,45,-0.0322
pct_rail_commute & dest_metro_pop_weighted_sum,29,46,-0.03184
pct_rail_commute & dest_metro_pop_weighted_sum,29,47,-0.03086
pct_rail_commute & dest_metro_pop_weighted_sum,29,48,-0.03014
pct_rail_commute & dest_metro_pop_weighted_sum,29,49,-0.00628
pct_rail_commute & dest_metro_pop_weighted_sum,29,50,-0.00536
pct_rail_commute & dest_metro_pop_weighted_sum,29,51,-0.005
pct_rail_commute & dest_metro_pop_weighted_sum,29,52,-0.0049
pct_rail_commute & dest_metro_pop_weighted_sum,29,53,-0.00489
pct_rail_commute & dest_metro_pop_weighted_sum,29,54,-0.00492
pct_rail_commute & dest_metro_pop_weighted_sum,29,55,-0.01367
pct_rail_commute & dest_metro_pop_weighted_sum,29,56,-0.02837
pct_rail_commute & dest_metro_pop_weighted_sum,29,57,-0.02842
pct_rail_commute & dest_metro_pop_weighted_sum,29,58,-0.02143
pct_rail_commute & dest_metro_pop_weighted_sum,29,59,-0.02089
pct_rail_commute & dest_metro_pop_weighted_sum,29,60,-0.02233
pct_rail_commute & dest_metro_pop_weighted_sum,29,61,-0.02037
pct_rail_commute & dest_metro_pop_weighted_sum,30,0,-0.06349
pct_rail_commute & dest_metro_pop_weighted_sum,30,1,-0.06244
pct_rail_commute & dest_metro_pop_weighted_sum,30,2,-0.03658
pct_rail_commute & dest_metro_pop_weighted_sum,30,3,-0.03466
pct_rail_commute & dest_metro_pop_weighted_sum,30,4,-0.03485
pct_rail_commute & dest_metro_pop_weighted_sum,30,5,-0.03479
pct_rail_commute & dest_metro_pop_weighted_sum,30,6,-0.03281
pct_rail_commute & dest_metro_pop_weighted_sum,30,7,-0.03244
pct_rail_commute & dest_metro_pop_weighted_sum,30,8,-0.02413
pct_rail_commute & dest_metro_pop_weighted_sum,30,9,-0.02452
pct_rail_commute & dest_metro_pop_weighted_sum,30,10,-0.02293
pct_rail_commute & dest_metro_pop_weighted_sum,30,11,-0.02178
pct_rail_commute & dest_metro_pop_weighted_sum,30,12,-0.02203
pct_rail_commute & dest_metro_pop_weighted_sum,30,13,-0.02338
pct_rail_commute & dest_metro_pop_weighted_sum,30,14,-0.02238
pct_rail_commute & dest_metro_pop_weighted_sum,30,15,-0.02233
pct_rail_commute & dest_metro_pop_weighted_sum,30,16,-0.02173
pct_rail_commute & dest_metro_pop_weighted_sum,30,17,-0.02112
pct_rail_commute & dest_metro_pop_weighted_sum,30,18,-0.021
pct_rail_commute & dest_metro_pop_weighted_sum,30,19,-0.0195
pct_rail_commute & dest_metro_pop_weighted_sum,30,20,-0.0173
pct_rail_commute & dest_metro_pop_weighted_sum,30,21,-0.01732
pct_rail_commute & dest_metro_pop_weighted_sum,30,22,-0.01304
pct_rail_commute & dest_metro_pop_weighted_sum,30,23,-0.01299
pct_rail_commute & dest_metro_pop_weighted_sum,30,24,-0.0122
pct_rail_commute & dest_metro_pop_weighted_sum,30,25,-0.01174
pct_rail_commute & dest_metro_pop_weighted_sum,30,26,-0.01036
pct_rail_commute & dest_metro_pop_weighted_sum,30,27,-0.00949
pct_rail_commute & dest_metro_pop_weighted_sum,30,28,-0.00822
pct_rail_commute & dest_metro_pop_weighted_sum,30,29,-0.00791
pct_rail_commute & dest_metro_pop_weighted_sum,30,30,-0.0075
pct_rail_commute & dest_metro_pop_weighted_sum,30,31,-0.00759
pct_rail_commute & dest_metro_pop_weighted_sum,30,32,-0.00788
pct_rail_commute & dest_metro_pop_weighted_sum,30,33,-0.00756
pct_rail_commute & dest_metro_pop_weighted_sum,30,34,-0.00701
pct_rail_commute & dest_metro_pop_weighted_sum,30,35,-0.00904
pct_rail_commute & dest_metro_pop_weighted_sum,30,36,-0.00864
pct_rail_commute & dest_metro_pop_weighted_sum,30,37,-0.00856
pct_rail_commute & dest_metro_pop_weighted_sum,30,38,-0.00814
pct_rail_commute & dest_metro_pop_weighted_sum,30,39,-0.00764
pct_rail_commute & dest_metro_pop_weighted_sum,30,40,-0.00738
pct_rail_commute & dest_metro_pop_weighted_sum,30,41,-0.0333
pct_rail_commute & dest_metro_pop_weighted_sum,30,42,-0.03301
pct_rail_commute & dest_metro_pop_weighted_sum,30,43,-0.03283
pct_rail_commute & dest_metro_pop_weighted_sum,30,44,-0.03273
pct_rail_commute & dest_metro_pop_weighted_sum,30,45,-0.03267
pct_rail_commute & dest_metro_pop_weighted_sum,30,46,-0.03231
pct_rail_commute & dest_metro_pop_weighted_sum,30,47,-0.03132
pct_rail_commute & dest_metro_pop_weighted_sum,30,48,-0.03061
pct_rail_commute & dest_metro_pop_weighted_sum,30,49,-0.00585
pct_rail_commute & dest_metro_pop_weighted_sum,30,50,-0.00493
pct_rail_commute & dest_metro_pop_weighted_sum,30,51,-0.00457
pct_rail_commute & dest_metro_pop_weighted_sum,30,52,-0.00453
pct_rail_commute & dest_metro_pop_weighted_sum,30,53,-0.00452
pct_rail_commute & dest_metro_pop_weighted_sum,30,54,-0.00455
pct_rail_commute & dest_metro_pop_weighted_sum,30,55,-0.0133
pct_rail_commute & dest_metro_pop_weighted_sum,30,56,-0.02796
pct_rail_commute & dest_metro_pop_weighted_sum,30,57,-0.02796
pct_rail_commute & dest_metro_pop_weighted_sum,30,58,-0.02094
pct_rail_commute & dest_metro_pop_weighted_sum,30,59,-0.02039
pct_rail_commute & dest_metro_pop_weighted_sum,30,60,-0.02184
pct_rail_commute & dest_metro_pop_weighted_sum,30,61,-0.01993
pct_rail_commute & dest_metro_pop_weighted_sum,31,0,-0.06599
pct_rail_commute & dest_metro_pop_weighted_sum,31,1,-0.06494
pct_rail_commute & dest_metro_pop_weighted_sum,31,2,-0.03907
pct_rail_commute & dest_metro_pop_weighted_sum,31,3,-0.03715
pct_rail_commute & dest_metro_pop_weighted_sum,31,4,-0.03734
pct_rail_commute & dest_metro_pop_weighted_sum,31,5,-0.03729
pct_rail_commute & dest_metro_pop_weighted_sum,31,6,-0.03531
pct_rail_commute & dest_metro_pop_weighted_sum,31,7,-0.03494
pct_rail_commute & dest_metro_pop_weighted_sum,31,8,-0.02663
pct_rail_commute & dest_metro_pop_weighted_sum,31,9,-0.02644
pct_rail_commute & dest_metro_pop_weighted_sum,31,10,-0.02485
pct_rail_commute & dest_metro_pop_weighted_sum,31,11,-0.0237
pct_rail_commute & dest_metro_pop_weighted_sum,31,12,-0.0238
pct_rail_commute & dest_metro_pop_weighted_sum,31,13,-0.02515
pct_rail_commute & dest_metro_pop_weighted_sum,31,14,-0.02415
pct_rail_commute & dest_metro_pop_weighted_sum,31,15,-0.02409
pct_rail_commute & dest_metro_pop_weighted_sum,31,16,-0.0235
pct_rail_commute & dest_metro_pop_weighted_sum,31,17,-0.02289
pct_rail_commute & dest_metro_pop_weighted_sum,31,18,-0.02277
pct_rail_commute & dest_metro_pop_weighted_sum,31,19,-0.02127
pct_rail_commute & dest_metro_pop_weighted_sum,31,20,-0.01907
pct_rail_commute & dest_metro_pop_weighted_sum,31,21,-0.01909
pct_rail_commute & dest_metro_pop_weighted_sum,31,22,-0.01445
pct_rail_commute & dest_metro_pop_weighted_sum,31,23,-0.0144
pct_rail_commute & dest_metro_pop_weighted_sum,31,24,-0.01346
pct_rail_commute & dest_metro_pop_weighted_sum,31,25,-0.01299
pct_rail_commute & dest_metro_pop_weighted_sum,31,26,-0.01161
pct_rail_commute & dest_metro_pop_weighted_sum,31,27,-0.01044
pct_rail_commute & dest_metro_pop_weighted_sum,31,28,-0.00899
pct_rail_commute & dest_metro_pop_weighted_sum,31,29,-0.00833
pct_rail_commute & dest_metro_pop_weighted_sum,31,30,-0.0078
pct_rail_commute & dest_metro_pop_weighted_sum,31,31,-0.00788
pct_rail_commute & dest_metro_pop_weighted_sum,31,32,-0.00801
pct_rail_commute & dest_metro_pop_weighted_sum,31,33,-0.00755
pct_rail_commute & dest_metro_pop_weighted_sum,31,34,-0.00699
pct_rail_commute & dest_metro_pop_weighted_sum,31,35,-0.00887
pct_rail_commute & dest_metro_pop_weighted_sum,31,36,-0.00847
pct_rail_commute & dest_metro_pop_weighted_sum,31,37,-0.00839
pct_rail_commute & dest_metro_pop_weighted_sum,31,38,-0.00796
pct_rail_commute & dest_metro_pop_weighted_sum,31,39,-0.00746
pct_rail_commute & dest_metro_pop_weighted_sum,31,40,-0.0072
pct_rail_commute & dest_metro_pop_weighted_sum,31,41,-0.03312
pct_rail_commute & dest_metro_pop_weighted_sum,31,42,-0.03283
pct_rail_commute & dest_metro_pop_weighted_sum,31,43,-0.03265
pct_rail_commute & dest_metro_pop_weighted_sum,31,44,-0.03255
pct_rail_commute & dest_metro_pop_weighted_sum,31,45,-0.03238
pct_rail_commute & dest_metro_pop_weighted_sum,31,46,-0.0318
pct_rail_commute & dest_metro_pop_weighted_sum,31,47,-0.03081
pct_rail_commute & dest_metro_pop_weighted_sum,31,48,-0.03009
pct_rail_commute & dest_metro_pop_weighted_sum,31,49,-0.00534
pct_rail_commute & dest_metro_pop_weighted_sum,31,50,-0.00442
pct_rail_commute & dest_metro_pop_weighted_sum,31,51,-0.00406
pct_rail_commute & dest_metro_pop_weighted_sum,31,52,-0.00402
pct_rail_commute & dest_metro_pop_weighted_sum,31,53,-0.00387
pct_rail_commute & dest_metro_pop_weighted_sum,31,54,-0.00389
pct_rail_commute & dest_metro_pop_weighted_sum,31,55,-0.01264
pct_rail_commute & dest_metro_pop_weighted_sum,31,56,-0.0273
pct_rail_commute & dest_metro_pop_weighted_sum,31,57,-0.0273
pct_rail_commute & dest_metro_pop_weighted_sum,31,58,-0.02028
pct_rail_commute & dest_metro_pop_weighted_sum,31,59,-0.01974
pct_rail_commute & dest_metro_pop_weighted_sum,31,60,-0.02118
pct_rail_commute & dest_metro_pop_weighted_sum,31,61,-0.01927
pct_rail_commute & dest_metro_pop_weighted_sum,32,0,-0.07141
pct_rail_commute & dest_metro_pop_weighted_sum,32,1,-0.07035
pct_rail_commute & dest_metro_pop_weighted_sum,32,2,-0.04388
pct_rail_commute & dest_metro_pop_weighted_sum,32,3,-0.04196
pct_rail_commute & dest_metro_pop_weighted_sum,32,4,-0.04215
pct_rail_commute & dest_metro_pop_weighted_sum,32,5,-0.04209
pct_rail_commute & dest_metro_pop_weighted_sum,32,6,-0.04011
pct_rail_commute & dest_metro_pop_weighted_sum,32,7,-0.03974
pct_rail_commute & dest_metro_pop_weighted_sum,32,8,-0.02845
pct_rail_commute & dest_metro_pop_weighted_sum,32,9,-0.02793
pct_rail_commute & dest_metro_pop_weighted_sum,32,10,-0.02635
pct_rail_commute & dest_metro_pop_weighted_sum,32,11,-0.02519
pct_rail_commute & dest_metro_pop_weighted_sum,32,12,-0.02511
pct_rail_commute & dest_metro_pop_weighted_sum,32,13,-0.02646
pct_rail_commute & dest_metro_pop_weighted_sum,32,14,-0.02547
pct_rail_commute & dest_metro_pop_weighted_sum,32,15,-0.02541
pct_rail_commute & dest_metro_pop_weighted_sum,32,16,-0.02475
pct_rail_commute & dest_metro_pop_weighted_sum,32,17,-0.02414
pct_rail_commute & dest_metro_pop_weighted_sum,32,18,-0.0238
pct_rail_commute & dest_metro_pop_weighted_sum,32,19,-0.02231
pct_rail_commute & dest_metro_pop_weighted_sum,32,20,-0.02002
pct_rail_commute & dest_metro_pop_weighted_sum,32,21,-0.02004
pct_rail_commute & dest_metro_pop_weighted_sum,32,22,-0.01541
pct_rail_commute & dest_metro_pop_weighted_sum,32,23,-0.01535
pct_rail_commute & dest_metro_pop_weighted_sum,32,24,-0.01441
pct_rail_commute & dest_metro_pop_weighted_sum,32,25,-0.01395
pct_rail_commute & dest_metro_pop_weighted_sum,32,26,-0.01256
pct_rail_commute & dest_metro_pop_weighted_sum,32,27,-0.0114
pct_rail_commute & dest_metro_pop_weighted_sum,32,28,-0.00994
pct_rail_commute & dest_metro_pop_weighted_sum,32,29,-0.00928
pct_rail_commute & dest_metro_pop_weighted_sum,32,30,-0.00839
pct_rail_commute & dest_metro_pop_weighted_sum,32,31,-0.00847
pct_rail_commute & dest_metro_pop_weighted_sum,32,32,-0.0086
pct_rail_commute & dest_metro_pop_weighted_sum,32,33,-0.00814
pct_rail_commute & dest_metro_pop_weighted_sum,32,34,-0.00758
pct_rail_commute & dest_metro_pop_weighted_sum,32,35,-0.00942
pct_rail_commute & dest_metro_pop_weighted_sum,32,36,-0.00902
pct_rail_commute & dest_metro_pop_weighted_sum,32,37,-0.00894
pct_rail_commute & dest_metro_pop_weighted_sum,32,38,-0.00851
pct_rail_commute & dest_metro_pop_weighted_sum,32,39,-0.00789
pct_rail_commute & dest_metro_pop_weighted_sum,32,40,-0.00763
pct_rail_commute & dest_metro_pop_weighted_sum,32,41,-0.03306
pct_rail_commute & dest_metro_pop_weighted_sum,32,42,-0.03277
pct_rail_commute & dest_metro_pop_weighted_sum,32,43,-0.0321
pct_rail_commute & dest_metro_pop_weighted_sum,32,44,-0.032
pct_rail_commute & dest_metro_pop_weighted_sum,32,45,-0.03167
pct_rail_commute & dest_metro_pop_weighted_sum,32,46,-0.03108
pct_rail_commute & dest_metro_pop_weighted_sum,32,47,-0.0301
pct_rail_commute & dest_metro_pop_weighted_sum,32,48,-0.02932
pct_rail_commute & dest_metro_pop_weighted_sum,32,49,-0.00457
pct_rail_commute & dest_metro_pop_weighted_sum,32,50,-0.00365
pct_rail_commute & dest_metro_pop_weighted_sum,32,51,-0.00329
pct_rail_commute & dest_metro_pop_weighted_sum,32,52,-0.00325
pct_rail_commute & dest_metro_pop_weighted_sum,32,53,-0.0031
pct_rail_commute & dest_metro_pop_weighted_sum,32,54,-0.00306
pct_rail_commute & dest_metro_pop_weighted_sum,32,55,-0.01182
pct_rail_commute & dest_metro_pop_weighted_sum,32,56,-0.02647
pct_rail_commute & dest_metro_pop_weighted_sum,32,57,-0.02647
pct_rail_commute & dest_metro_pop_weighted_sum,32,58,-0.01946
pct_rail_commute & dest_metro_pop_weighted_sum,32,59,-0.01891
pct_rail_commute & dest_metro_pop_weighted_sum,32,60,-0.02036
pct_rail_commute & dest_metro_pop_weighted_sum,32,61,-0.01844
pct_rail_commute & dest_metro_pop_weighted_sum,33,0,-0.07792
pct_rail_commute & dest_metro_pop_weighted_sum,33,1,-0.0769
pct_rail_commute & dest_metro_pop_weighted_sum,33,2,-0.05044
pct_rail_commute & dest_metro_pop_weighted_sum,33,3,-0.04852
pct_rail_commute & dest_metro_pop_weighted_sum,33,4,-0.04871
pct_rail_commute & dest_metro_pop_weighted_sum,33,5,-0.04865
pct_rail_commute & dest_metro_pop_weighted_sum,33,6,-0.04667
pct_rail_commute & dest_metro_pop_weighted_sum,33,7,-0.0463
pct_rail_commute & dest_metro_pop_weighted_sum,33,8,-0.02986
pct_rail_commute & dest_metro_pop_weighted_sum,33,9,-0.02935
pct_rail_commute & dest_metro_pop_weighted_sum,33,10,-0.02776
pct_rail_commute & dest_metro_pop_weighted_sum,33,11,-0.02661
pct_rail_commute & dest_metro_pop_weighted_sum,33,12,-0.02633
pct_rail_commute & dest_metro_pop_weighted_sum,33,13,-0.02768
pct_rail_commute & dest_metro_pop_weighted_sum,33,14,-0.02669
pct_rail_commute & dest_metro_pop_weighted_sum,33,15,-0.02663
pct_rail_commute & dest_metro_pop_weighted_sum,33,16,-0.02597
pct_rail_commute & dest_metro_pop_weighted_sum,33,17,-0.02512
pct_rail_commute & dest_metro_pop_weighted_sum,33,18,-0.02478
pct_rail_commute & dest_metro_pop_weighted_sum,33,19,-0.023
pct_rail_commute & dest_metro_pop_weighted_sum,33,20,-0.02072
pct_rail_commute & dest_metro_pop_weighted_sum,33,21,-0.02074
pct_rail_commute & dest_metro_pop_weighted_sum,33,22,-0.0161
pct_rail_commute & dest_metro_pop_weighted_sum,33,23,-0.01605
pct_rail_commute & dest_metro_pop_weighted_sum,33,24,-0.01511
pct_rail_commute & dest_metro_pop_weighted_sum,33,25,-0.01464
pct_rail_commute & dest_metro_pop_weighted_sum,33,26,-0.01304
pct_rail_commute & dest_metro_pop_weighted_sum,33,27,-0.01187
pct_rail_commute & dest_metro_pop_weighted_sum,33,28,-0.0101
pct_rail_commute & dest_metro_pop_weighted_sum,33,29,-0.00944
pct_rail_commute & dest_metro_pop_weighted_sum,33,30,-0.00843
pct_rail_commute & dest_metro_pop_weighted_sum,33,31,-0.00831
pct_rail_commute & dest_metro_pop_weighted_sum,33,32,-0.00844
pct_rail_commute & dest_metro_pop_weighted_sum,33,33,-0.00781
pct_rail_commute & dest_metro_pop_weighted_sum,33,34,-0.00726
pct_rail_commute & dest_metro_pop_weighted_sum,33,35,-0.00909
pct_rail_commute & dest_metro_pop_weighted_sum,33,36,-0.00863
pct_rail_commute & dest_metro_pop_weighted_sum,33,37,-0.00855
pct_rail_commute & dest_metro_pop_weighted_sum,33,38,-0.00809
pct_rail_commute & dest_metro_pop_weighted_sum,33,39,-0.00739
pct_rail_commute & dest_metro_pop_weighted_sum,33,40,-0.00713
pct_rail_commute & dest_metro_pop_weighted_sum,33,41,-0.03256
pct_rail_commute & dest_metro_pop_weighted_sum,33,42,-0.03221
pct_rail_commute & dest_metro_pop_weighted_sum,33,43,-0.03154
pct_rail_commute & dest_metro_pop_weighted_sum,33,44,-0.03144
pct_rail_commute & dest_metro_pop_weighted_sum,33,45,-0.03084
pct_rail_commute & dest_metro_pop_weighted_sum,33,46,-0.02996
pct_rail_commute & dest_metro_pop_weighted_sum,33,47,-0.02897
pct_rail_commute & dest_metro_pop_weighted_sum,33,48,-0.0282
pct_rail_commute & dest_metro_pop_weighted_sum,33,49,-0.00345
pct_rail_commute & dest_metro_pop_weighted_sum,33,50,-0.00247
pct_rail_commute & dest_metro_pop_weighted_sum,33,51,-0.00211
pct_rail_commute & dest_metro_pop_weighted_sum,33,52,-0.00207
pct_rail_commute & dest_metro_pop_weighted_sum,33,53,-0.00192
pct_rail_commute & dest_metro_pop_weighted_sum,33,54,-0.00188
pct_rail_commute & dest_metro_pop_weighted_sum,33,55,-0.01064
pct_rail_commute & dest_metro_pop_weighted_sum,33,56,-0.02529
pct_rail_commute & dest_metro_pop_weighted_sum,33,57,-0.02529
pct_rail_commute & dest_metro_pop_weighted_sum,33,58,-0.01827
pct_rail_commute & dest_metro_pop_weighted_sum,33,59,-0.01773
pct_rail_commute & dest_metro_pop_weighted_sum,33,60,-0.01918
pct_rail_commute & dest_metro_pop_weighted_sum,33,61,-0.01732
pct_rail_commute & dest_metro_pop_weighted_sum,34,0,-0.07353
pct_rail_commute & dest_metro_pop_weighted_sum,34,1,-0.07252
pct_rail_commute & dest_metro_pop_weighted_sum,34,2,-0.04606
pct_rail_commute & dest_metro_pop_weighted_sum,34,3,-0.04413
pct_rail_commute & dest_metro_pop_weighted_sum,34,4,-0.04432
pct_rail_commute & dest_metro_pop_weighted_sum,34,5,-0.04427
pct_rail_commute & dest_metro_pop_weighted_sum,34,6,-0.04229
pct_rail_commute & dest_metro_pop_weighted_sum,34,7,-0.04132
pct_rail_commute & dest_metro_pop_weighted_sum,34,8,-0.02488
pct_rail_commute & dest_metro_pop_weighted_sum,34,9,-0.02437
pct_rail_commute & dest_metro_pop_weighted_sum,34,10,-0.02278
pct_rail_commute & dest_metro_pop_weighted_sum,34,11,-0.02163
pct_rail_commute & dest_metro_pop_weighted_sum,34,12,-0.02135
pct_rail_commute & dest_metro_pop_weighted_sum,34,13,-0.0227
pct_rail_commute & dest_metro_pop_weighted_sum,34,14,-0.02171
pct_rail_commute & dest_metro_pop_weighted_sum,34,15,-0.02148
pct_rail_commute & dest_metro_pop_weighted_sum,34,16,-0.02082
pct_rail_commute & dest_metro_pop_weighted_sum,34,17,-0.01997
pct_rail_commute & dest_metro_pop_weighted_sum,34,18,-0.01958
pct_rail_commute & dest_metro_pop_weighted_sum,34,19,-0.0178
pct_rail_commute & dest_metro_pop_weighted_sum,34,20,-0.01552
pct_rail_commute & dest_metro_pop_weighted_sum,34,21,-0.01547
pct_rail_commute & dest_metro_pop_weighted_sum,34,22,-0.01084
pct_rail_commute & dest_metro_pop_weighted_sum,34,23,-0.01079
pct_rail_commute & dest_metro_pop_weighted_sum,34,24,-0.0096
pct_rail_commute & dest_metro_pop_weighted_sum,34,25,-0.00889
pct_rail_commute & dest_metro_pop_weighted_sum,34,26,-0.00728
pct_rail_commute & dest_metro_pop_weighted_sum,34,27,-0.00594
pct_rail_commute & dest_metro_pop_weighted_sum,34,28,-0.00417
pct_rail_commute & dest_metro_pop_weighted_sum,34,29,-0.00351
pct_rail_commute & dest_metro_pop_weighted_sum,34,30,-0.00232
pct_rail_commute & dest_metro_pop_weighted_sum,34,31,-0.00823
pct_rail_commute & dest_metro_pop_weighted_sum,34,32,-0.00816
pct_rail_commute & dest_metro_pop_weighted_sum,34,33,-0.00754
pct_rail_commute & dest_metro_pop_weighted_sum,34,34,-0.00698
pct_rail_commute & dest_metro_pop_weighted_sum,34,35,-0.00881
pct_rail_commute & dest_metro_pop_weighted_sum,34,36,-0.00835
pct_rail_commute & dest_metro_pop_weighted_sum,34,37,-0.00827
pct_rail_commute & dest_metro_pop_weighted_sum,34,38,-0.00781
pct_rail_commute & dest_metro_pop_weighted_sum,34,39,-0.00712
pct_rail_commute & dest_metro_pop_weighted_sum,34,40,-0.00685
pct_rail_commute & dest_metro_pop_weighted_sum,34,41,-0.03228
pct_rail_commute & dest_metro_pop_weighted_sum,34,42,-0.03193
pct_rail_commute & dest_metro_pop_weighted_sum,34,43,-0.03127
pct_rail_commute & dest_metro_pop_weighted_sum,34,44,-0.03117
pct_rail_commute & dest_metro_pop_weighted_sum,34,45,-0.03057
pct_rail_commute & dest_metro_pop_weighted_sum,34,46,-0.02968
pct_rail_commute & dest_metro_pop_weighted_sum,34,47,-0.0287
pct_rail_commute & dest_metro_pop_weighted_sum,34,48,-0.02786
pct_rail_commute & dest_metro_pop_weighted_sum,34,49,-0.0031
pct_rail_commute & dest_metro_pop_weighted_sum,34,50,-0.00213
pct_rail_commute & dest_metro_pop_weighted_sum,34,51,-0.00177
pct_rail_commute & dest_metro_pop_weighted_sum,34,52,-0.00172
pct_rail_commute & dest_metro_pop_weighted_sum,34,53,-0.00157
pct_rail_commute & dest_metro_pop_weighted_sum,34,54,-0.00154
pct_rail_commute & dest_metro_pop_weighted_sum,34,55,-0.01029
pct_rail_commute & dest_metro_pop_weighted_sum,34,56,-0.02495
pct_rail_commute & dest_metro_pop_weighted_sum,34,57,-0.02494
pct_rail_commute & dest_metro_pop_weighted_sum,34,58,-0.01793
pct_rail_commute & dest_metro_pop_weighted_sum,34,59,-0.01739
pct_rail_commute & dest_metro_pop_weighted_sum,34,60,-0.01883
pct_rail_commute & dest_metro_pop_weighted_sum,34,61,-0.01709
pct_rail_commute & dest_metro_pop_weighted_sum,35,0,-0.07494
pct_rail_commute & dest_metro_pop_weighted_sum,35,1,-0.07402
pct_rail_commute & dest_metro_pop_weighted_sum,35,2,-0.04755
pct_rail_commute & dest_metro_pop_weighted_sum,35,3,-0.04563
pct_rail_commute & dest_metro_pop_weighted_sum,35,4,-0.04417
pct_rail_commute & dest_metro_pop_weighted_sum,35,5,-0.04412
pct_rail_commute & dest_metro_pop_weighted_sum,35,6,-0.04214
pct_rail_commute & dest_metro_pop_weighted_sum,35,7,-0.04117
pct_rail_commute & dest_metro_pop_weighted_sum,35,8,-0.0243
pct_rail_commute & dest_metro_pop_weighted_sum,35,9,-0.02356
pct_rail_commute & dest_metro_pop_weighted_sum,35,10,-0.02124
pct_rail_commute & dest_metro_pop_weighted_sum,35,11,-0.02009
pct_rail_commute & dest_metro_pop_weighted_sum,35,12,-0.01982
pct_rail_commute & dest_metro_pop_weighted_sum,35,13,-0.02102
pct_rail_commute & dest_metro_pop_weighted_sum,35,14,-0.02003
pct_rail_commute & dest_metro_pop_weighted_sum,35,15,-0.0198
pct_rail_commute & dest_metro_pop_weighted_sum,35,16,-0.01914
pct_rail_commute & dest_metro_pop_weighted_sum,35,17,-0.01829
pct_rail_commute & dest_metro_pop_weighted_sum,35,18,-0.0179
pct_rail_commute & dest_metro_pop_weighted_sum,35,19,-0.01612
pct_rail_commute & dest_metro_pop_weighted_sum,35,20,-0.01384
pct_rail_commute & dest_metro_pop_weighted_sum,35,21,-0.01379
pct_rail_commute & dest_metro_pop_weighted_sum,35,22,-0.00883
pct_rail_commute & dest_metro_pop_weighted_sum,35,23,-0.00878
pct_rail_commute & dest_metro_pop_weighted_sum,35,24,-0.00759
pct_rail_commute & dest_metro_pop_weighted_sum,35,25,-0.00688
pct_rail_commute & dest_metro_pop_weighted_sum,35,26,-0.00527
pct_rail_commute & dest_metro_pop_weighted_sum,35,27,-0.00393
pct_rail_commute & dest_metro_pop_weighted_sum,35,28,-0.00216
pct_rail_commute & dest_metro_pop_weighted_sum,35,29,-0.0015
pct_rail_commute & dest_metro_pop_weighted_sum,35,30,-5e-05
pct_rail_commute & dest_metro_pop_weighted_sum,35,31,-0.00894
pct_rail_commute & dest_metro_pop_weighted_sum,35,32,-0.00863
pct_rail_commute & dest_metro_pop_weighted_sum,35,33,-0.00801
pct_rail_commute & dest_metro_pop_weighted_sum,35,34,-0.00746
pct_rail_commute & dest_metro_pop_weighted_sum,35,35,-0.00899
pct_rail_commute & dest_metro_pop_weighted_sum,35,36,-0.00833
pct_rail_commute & dest_metro_pop_weighted_sum,35,37,-0.00825
pct_rail_commute & dest_metro_pop_weighted_sum,35,38,-0.00779
pct_rail_commute & dest_metro_pop_weighted_sum,35,39,-0.0071
pct_rail_commute & dest_metro_pop_weighted_sum,35,40,-0.00684
pct_rail_commute & dest_metro_pop_weighted_sum,35,41,-0.03227
pct_rail_commute & dest_metro_pop_weighted_sum,35,42,-0.03191
pct_rail_commute & dest_metro_pop_weighted_sum,35,43,-0.03125
pct_rail_commute & dest_metro_pop_weighted_sum,35,44,-0.03115
pct_rail_commute & dest_metro_pop_weighted_sum,35,45,-0.03055
pct_rail_commute & dest_metro_pop_weighted_sum,35,46,-0.02967
pct_rail_commute & dest_metro_pop_weighted_sum,35,47,-0.02859
pct_rail_commute & dest_metro_pop_weighted_sum,35,48,-0.02774
pct_rail_commute & dest_metro_pop_weighted_sum,35,49,-0.00299
pct_rail_commute & dest_metro_pop_weighted_sum,35,50,-0.00202
pct_rail_commute & dest_metro_pop_weighted_sum,35,51,-0.00166
pct_rail_commute & dest_metro_pop_weighted_sum,35,52,-0.00173
pct_rail_commute & dest_metro_pop_weighted_sum,35,53,-0.00167
pct_rail_commute & dest_metro_pop_weighted_sum,35,54,-0.00163
pct_rail_commute & dest_metro_pop_weighted_sum,35,55,-0.01035
pct_rail_commute & dest_metro_pop_weighted_sum,35,56,-0.02501
pct_rail_commute & dest_metro_pop_weighted_sum,35,57,-0.025
pct_rail_commute & dest_metro_pop_weighted_sum,35,58,-0.01808
pct_rail_commute & dest_metro_pop_weighted_sum,35,59,-0.01754
pct_rail_commute & dest_metro_pop_weighted_sum,35,60,-0.01898
pct_rail_commute & dest_metro_pop_weighted_sum,35,61,-0.01725
pct_rail_commute & dest_metro_pop_weighted_sum,36,0,-0.07672
pct_rail_commute & dest_metro_pop_weighted_sum,36,1,-0.07584
pct_rail_commute & dest_metro_pop_weighted_sum,36,2,-0.04938
pct_rail_commute & dest_metro_pop_weighted_sum,36,3,-0.04746
pct_rail_commute & dest_metro_pop_weighted_sum,36,4,-0.046
pct_rail_commute & dest_metro_pop_weighted_sum,36,5,-0.046
pct_rail_commute & dest_metro_pop_weighted_sum,36,6,-0.04402
pct_rail_commute & dest_metro_pop_weighted_sum,36,7,-0.04305
pct_rail_commute & dest_metro_pop_weighted_sum,36,8,-0.02595
pct_rail_commute & dest_metro_pop_weighted_sum,36,9,-0.02514
pct_rail_commute & dest_metro_pop_weighted_sum,36,10,-0.02282
pct_rail_commute & dest_metro_pop_weighted_sum,36,11,-0.02167
pct_rail_commute & dest_metro_pop_weighted_sum,36,12,-0.02139
pct_rail_commute & dest_metro_pop_weighted_sum,36,13,-0.02218
pct_rail_commute & dest_metro_pop_weighted_sum,36,14,-0.02118
pct_rail_commute & dest_metro_pop_weighted_sum,36,15,-0.02087
pct_rail_commute & dest_metro_pop_weighted_sum,36,16,-0.02015
pct_rail_commute & dest_metro_pop_weighted_sum,36,17,-0.0193
pct_rail_commute & dest_metro_pop_weighted_sum,36,18,-0.01891
pct_rail_commute & dest_metro_pop_weighted_sum,36,19,-0.01688
pct_rail_commute & dest_metro_pop_weighted_sum,36,20,-0.01459
pct_rail_commute & dest_metro_pop_weighted_sum,36,21,-0.01455
pct_rail_commute & dest_metro_pop_weighted_sum,36,22,-0.00945
pct_rail_commute & dest_metro_pop_weighted_sum,36,23,-0.0094
pct_rail_commute & dest_metro_pop_weighted_sum,36,24,-0.00821
pct_rail_commute & dest_metro_pop_weighted_sum,36,25,-0.0075
pct_rail_commute & dest_metro_pop_weighted_sum,36,26,-0.00589
pct_rail_commute & dest_metro_pop_weighted_sum,36,27,-0.00455
pct_rail_commute & dest_metro_pop_weighted_sum,36,28,-0.00278
pct_rail_commute & dest_metro_pop_weighted_sum,36,29,-0.00209
pct_rail_commute & dest_metro_pop_weighted_sum,36,30,-0.00038
pct_rail_commute & dest_metro_pop_weighted_sum,36,31,-0.00928
pct_rail_commute & dest_metro_pop_weighted_sum,36,32,-0.00897
pct_rail_commute & dest_metro_pop_weighted_sum,36,33,-0.00835
pct_rail_commute & dest_metro_pop_weighted_sum,36,34,-0.00779
pct_rail_commute & dest_metro_pop_weighted_sum,36,35,-0.00932
pct_rail_commute & dest_metro_pop_weighted_sum,36,36,-0.00867
pct_rail_commute & dest_metro_pop_weighted_sum,36,37,-0.0085
pct_rail_commute & dest_metro_pop_weighted_sum,36,38,-0.00804
pct_rail_commute & dest_metro_pop_weighted_sum,36,39,-0.00734
pct_rail_commute & dest_metro_pop_weighted_sum,36,40,-0.00708
pct_rail_commute & dest_metro_pop_weighted_sum,36,41,-0.03251
pct_rail_commute & dest_metro_pop_weighted_sum,36,42,-0.03216
pct_rail_commute & dest_metro_pop_weighted_sum,36,43,-0.03124
pct_rail_commute & dest_metro_pop_weighted_sum,36,44,-0.03114
pct_rail_commute & dest_metro_pop_weighted_sum,36,45,-0.03054
pct_rail_commute & dest_metro_pop_weighted_sum,36,46,-0.02965
pct_rail_commute & dest_metro_pop_weighted_sum,36,47,-0.02857
pct_rail_commute & dest_metro_pop_weighted_sum,36,48,-0.0277
pct_rail_commute & dest_metro_pop_weighted_sum,36,49,-0.00283
pct_rail_commute & dest_metro_pop_weighted_sum,36,50,-0.00186
pct_rail_commute & dest_metro_pop_weighted_sum,36,51,-0.00151
pct_rail_commute & dest_metro_pop_weighted_sum,36,52,-0.00157
pct_rail_commute & dest_metro_pop_weighted_sum,36,53,-0.00151
pct_rail_commute & dest_metro_pop_weighted_sum,36,54,-0.00147
pct_rail_commute & dest_metro_pop_weighted_sum,36,55,-0.01009
pct_rail_commute & dest_metro_pop_weighted_sum,36,56,-0.02468
pct_rail_commute & dest_metro_pop_weighted_sum,36,57,-0.02468
pct_rail_commute & dest_metro_pop_weighted_sum,36,58,-0.01775
pct_rail_commute & dest_metro_pop_weighted_sum,36,59,-0.01721
pct_rail_commute & dest_metro_pop_weighted_sum,36,60,-0.01865
pct_rail_commute & dest_metro_pop_weighted_sum,36,61,-0.01692
pct_rail_commute & dest_metro_pop_weighted_sum,37,0,-0.08504
pct_rail_commute & dest_metro_pop_weighted_sum,37,1,-0.08416
pct_rail_commute & dest_metro_pop_weighted_sum,37,2,-0.05698
pct_rail_commute & dest_metro_pop_weighted_sum,37,3,-0.0545
pct_rail_commute & dest_metro_pop_weighted_sum,37,4,-0.05304
pct_rail_commute & dest_metro_pop_weighted_sum,37,5,-0.05304
pct_rail_commute & dest_metro_pop_weighted_sum,37,6,-0.05106
pct_rail_commute & dest_metro_pop_weighted_sum,37,7,-0.05008
pct_rail_commute & dest_metro_pop_weighted_sum,37,8,-0.02817
pct_rail_commute & dest_metro_pop_weighted_sum,37,9,-0.02736
pct_rail_commute & dest_metro_pop_weighted_sum,37,10,-0.02481
pct_rail_commute & dest_metro_pop_weighted_sum,37,11,-0.02366
pct_rail_commute & dest_metro_pop_weighted_sum,37,12,-0.02327
pct_rail_commute & dest_metro_pop_weighted_sum,37,13,-0.02405
pct_rail_commute & dest_metro_pop_weighted_sum,37,14,-0.02305
pct_rail_commute & dest_metro_pop_weighted_sum,37,15,-0.02274
pct_rail_commute & dest_metro_pop_weighted_sum,37,16,-0.02202
pct_rail_commute & dest_metro_pop_weighted_sum,37,17,-0.02117
pct_rail_commute & dest_metro_pop_weighted_sum,37,18,-0.02064
pct_rail_commute & dest_metro_pop_weighted_sum,37,19,-0.01858
pct_rail_commute & dest_metro_pop_weighted_sum,37,20,-0.0163
pct_rail_commute & dest_metro_pop_weighted_sum,37,21,-0.0159
pct_rail_commute & dest_metro_pop_weighted_sum,37,22,-0.01081
pct_rail_commute & dest_metro_pop_weighted_sum,37,23,-0.01076
pct_rail_commute & dest_metro_pop_weighted_sum,37,24,-0.00957
pct_rail_commute & dest_metro_pop_weighted_sum,37,25,-0.00885
pct_rail_commute & dest_metro_pop_weighted_sum,37,26,-0.00725
pct_rail_commute & dest_metro_pop_weighted_sum,37,27,-0.00591
pct_rail_commute & dest_metro_pop_weighted_sum,37,28,-0.0041
pct_rail_commute & dest_metro_pop_weighted_sum,37,29,-0.00341
pct_rail_commute & dest_metro_pop_weighted_sum,37,30,-0.0017
pct_rail_commute & dest_metro_pop_weighted_sum,37,31,-0.0106
pct_rail_commute & dest_metro_pop_weighted_sum,37,32,-0.01029
pct_rail_commute & dest_metro_pop_weighted_sum,37,33,-0.00967
pct_rail_commute & dest_metro_pop_weighted_sum,37,34,-0.00884
pct_rail_commute & dest_metro_pop_weighted_sum,37,35,-0.01037
pct_rail_commute & dest_metro_pop_weighted_sum,37,36,-0.00972
pct_rail_commute & dest_metro_pop_weighted_sum,37,37,-0.00933
pct_rail_commute & dest_metro_pop_weighted_sum,37,38,-0.00887
pct_rail_commute & dest_metro_pop_weighted_sum,37,39,-0.00812
pct_rail_commute & dest_metro_pop_weighted_sum,37,40,-0.00786
pct_rail_commute & dest_metro_pop_weighted_sum,37,41,-0.03329
pct_rail_commute & dest_metro_pop_weighted_sum,37,42,-0.03293
pct_rail_commute & dest_metro_pop_weighted_sum,37,43,-0.03201
pct_rail_commute & dest_metro_pop_weighted_sum,37,44,-0.03185
pct_rail_commute & dest_metro_pop_weighted_sum,37,45,-0.03125
pct_rail_commute & dest_metro_pop_weighted_sum,37,46,-0.03035
pct_rail_commute & dest_metro_pop_weighted_sum,37,47,-0.02913
pct_rail_commute & dest_metro_pop_weighted_sum,37,48,-0.02808
pct_rail_commute & dest_metro_pop_weighted_sum,37,49,-0.00321
pct_rail_commute & dest_metro_pop_weighted_sum,37,50,-0.00221
pct_rail_commute & dest_metro_pop_weighted_sum,37,51,-0.00185
pct_rail_commute & dest_metro_pop_weighted_sum,37,52,-0.00195
pct_rail_commute & dest_metro_pop_weighted_sum,37,53,-0.00188
pct_rail_commute & dest_metro_pop_weighted_sum,37,54,-0.00185
pct_rail_commute & dest_metro_pop_weighted_sum,37,55,-0.01046
pct_rail_commute & dest_metro_pop_weighted_sum,37,56,-0.02498
pct_rail_commute & dest_metro_pop_weighted_sum,37,57,-0.02497
pct_rail_commute & dest_metro_pop_weighted_sum,37,58,-0.01952
pct_rail_commute & dest_metro_pop_weighted_sum,37,59,-0.01898
pct_rail_commute & dest_metro_pop_weighted_sum,37,60,-0.02042
pct_rail_commute & dest_metro_pop_weighted_sum,37,61,-0.01869
pct_rail_commute & dest_metro_pop_weighted_sum,38,0,-0.08789
pct_rail_commute & dest_metro_pop_weighted_sum,38,1,-0.087
pct_rail_commute & dest_metro_pop_weighted_sum,38,2,-0.05983
pct_rail_commute & dest_metro_pop_weighted_sum,38,3,-0.05655
pct_rail_commute & dest_metro_pop_weighted_sum,38,4,-0.05432
pct_rail_commute & dest_metro_pop_weighted_sum,38,5,-0.05422
pct_rail_commute & dest_metro_pop_weighted_sum,38,6,-0.05224
pct_rail_commute & dest_metro_pop_weighted_sum,38,7,-0.05127
pct_rail_commute & dest_metro_pop_weighted_sum,38,8,-0.02935
pct_rail_commute & dest_metro_pop_weighted_sum,38,9,-0.02854
pct_rail_commute & dest_metro_pop_weighted_sum,38,10,-0.026
pct_rail_commute & dest_metro_pop_weighted_sum,38,11,-0.02475
pct_rail_commute & dest_metro_pop_weighted_sum,38,12,-0.02397
pct_rail_commute & dest_metro_pop_weighted_sum,38,13,-0.02445
pct_rail_commute & dest_metro_pop_weighted_sum,38,14,-0.02346
pct_rail_commute & dest_metro_pop_weighted_sum,38,15,-0.02315
pct_rail_commute & dest_metro_pop_weighted_sum,38,16,-0.02243
pct_rail_commute & dest_metro_pop_weighted_sum,38,17,-0.02158
pct_rail_commute & dest_metro_pop_weighted_sum,38,18,-0.02104
pct_rail_commute & dest_metro_pop_weighted_sum,38,19,-0.01899
pct_rail_commute & dest_metro_pop_weighted_sum,38,20,-0.0167
pct_rail_commute & dest_metro_pop_weighted_sum,38,21,-0.01631
pct_rail_commute & dest_metro_pop_weighted_sum,38,22,-0.01121
pct_rail_commute & dest_metro_pop_weighted_sum,38,23,-0.01116
pct_rail_commute & dest_metro_pop_weighted_sum,38,24,-0.00997
pct_rail_commute & dest_metro_pop_weighted_sum,38,25,-0.00903
pct_rail_commute & dest_metro_pop_weighted_sum,38,26,-0.00742
pct_rail_commute & dest_metro_pop_weighted_sum,38,27,-0.00608
pct_rail_commute & dest_metro_pop_weighted_sum,38,28,-0.00428
pct_rail_commute & dest_metro_pop_weighted_sum,38,29,-0.00358
pct_rail_commute & dest_metro_pop_weighted_sum,38,30,-0.00188
pct_rail_commute & dest_metro_pop_weighted_sum,38,31,-0.01077
pct_rail_commute & dest_metro_pop_weighted_sum,38,32,-0.01046
pct_rail_commute & dest_metro_pop_weighted_sum,38,33,-0.0097
pct_rail_commute & dest_metro_pop_weighted_sum,38,34,-0.00887
pct_rail_commute & dest_metro_pop_weighted_sum,38,35,-0.01041
pct_rail_commute & dest_metro_pop_weighted_sum,38,36,-0.00975
pct_rail_commute & dest_metro_pop_weighted_sum,38,37,-0.00929
pct_rail_commute & dest_metro_pop_weighted_sum,38,38,-0.00883
pct_rail_commute & dest_metro_pop_weighted_sum,38,39,-0.00807
pct_rail_commute & dest_metro_pop_weighted_sum,38,40,-0.00781
pct_rail_commute & dest_metro_pop_weighted_sum,38,41,-0.03324
pct_rail_commute & dest_metro_pop_weighted_sum,38,42,-0.03289
pct_rail_commute & dest_metro_pop_weighted_sum,38,43,-0.03197
pct_rail_commute & dest_metro_pop_weighted_sum,38,44,-0.03181
pct_rail_commute & dest_metro_pop_weighted_sum,38,45,-0.03121
pct_rail_commute & dest_metro_pop_weighted_sum,38,46,-0.0303
pct_rail_commute & dest_metro_pop_weighted_sum,38,47,-0.02908
pct_rail_commute & dest_metro_pop_weighted_sum,38,48,-0.02803
pct_rail_commute & dest_metro_pop_weighted_sum,38,49,-0.00317
pct_rail_commute & dest_metro_pop_weighted_sum,38,50,-0.00215
pct_rail_commute & dest_metro_pop_weighted_sum,38,51,-0.00179
pct_rail_commute & dest_metro_pop_weighted_sum,38,52,-0.00189
pct_rail_commute & dest_metro_pop_weighted_sum,38,53,-0.00183
pct_rail_commute & dest_metro_pop_weighted_sum,38,54,-0.00179
pct_rail_commute & dest_metro_pop_weighted_sum,38,55,-0.01041
pct_rail_commute & dest_metro_pop_weighted_sum,38,56,-0.02492
pct_rail_commute & dest_metro_pop_weighted_sum,38,57,-0.02492
pct_rail_commute & dest_metro_pop_weighted_sum,38,58,-0.01945
pct_rail_commute & dest_metro_pop_weighted_sum,38,59,-0.01891
pct_rail_commute & dest_metro_pop_weighted_sum,38,60,-0.02035
pct_rail_commute & dest_metro_pop_weighted_sum,38,61,-0.01862
pct_rail_commute & dest_metro_pop_weighted_sum,39,0,-0.08961
pct_rail_commute & dest_metro_pop_weighted_sum,39,1,-0.08873
pct_rail_commute & dest_metro_pop_weighted_sum,39,2,-0.0616
pct_rail_commute & dest_metro_pop_weighted_sum,39,3,-0.05832
pct_rail_commute & dest_metro_pop_weighted_sum,39,4,-0.05609
pct_rail_commute & dest_metro_pop_weighted_sum,39,5,-0.05599
pct_rail_commute & dest_metro_pop_weighted_sum,39,6,-0.05401
pct_rail_commute & dest_metro_pop_weighted_sum,39,7,-0.05304
pct_rail_commute & dest_metro_pop_weighted_sum,39,8,-0.03113
pct_rail_commute & dest_metro_pop_weighted_sum,39,9,-0.03032
pct_rail_commute & dest_metro_pop_weighted_sum,39,10,-0.02777
pct_rail_commute & dest_metro_pop_weighted_sum,39,11,-0.02652
pct_rail_commute & dest_metro_pop_weighted_sum,39,12,-0.02574
pct_rail_commute & dest_metro_pop_weighted_sum,39,13,-0.02622
pct_rail_commute & dest_metro_pop_weighted_sum,39,14,-0.02523
pct_rail_commute & dest_metro_pop_weighted_sum,39,15,-0.02492
pct_rail_commute & dest_metro_pop_weighted_sum,39,16,-0.02388
pct_rail_commute & dest_metro_pop_weighted_sum,39,17,-0.02303
pct_rail_commute & dest_metro_pop_weighted_sum,39,18,-0.0223
pct_rail_commute & dest_metro_pop_weighted_sum,39,19,-0.02024
pct_rail_commute & dest_metro_pop_weighted_sum,39,20,-0.01796
pct_rail_commute & dest_metro_pop_weighted_sum,39,21,-0.01735
pct_rail_commute & dest_metro_pop_weighted_sum,39,22,-0.01226
pct_rail_commute & dest_metro_pop_weighted_sum,39,23,-0.01215
pct_rail_commute & dest_metro_pop_weighted_sum,39,24,-0.01096
pct_rail_commute & dest_metro_pop_weighted_sum,39,25,-0.01001
pct_rail_commute & dest_metro_pop_weighted_sum,39,26,-0.00841
pct_rail_commute & dest_metro_pop_weighted_sum,39,27,-0.00707
pct_rail_commute & dest_metro_pop_weighted_sum,39,28,-0.00487
pct_rail_commute & dest_metro_pop_weighted_sum,39,29,-0.00418
pct_rail_commute & dest_metro_pop_weighted_sum,39,30,-0.00247
pct_rail_commute & dest_metro_pop_weighted_sum,39,31,-0.01127
pct_rail_commute & dest_metro_pop_weighted_sum,39,32,-0.01096
pct_rail_commute & dest_metro_pop_weighted_sum,39,33,-0.01005
pct_rail_commute & dest_metro_pop_weighted_sum,39,34,-0.00923
pct_rail_commute & dest_metro_pop_weighted_sum,39,35,-0.01064
pct_rail_commute & dest_metro_pop_weighted_sum,39,36,-0.00998
pct_rail_commute & dest_metro_pop_weighted_sum,39,37,-0.00952
pct_rail_commute & dest_metro_pop_weighted_sum,39,38,-0.00906
pct_rail_commute & dest_metro_pop_weighted_sum,39,39,-0.0083
pct_rail_commute & dest_metro_pop_weighted_sum,39,40,-0.00804
pct_rail_commute & dest_metro_pop_weighted_sum,39,41,-0.03347
pct_rail_commute & dest_metro_pop_weighted_sum,39,42,-0.03312
pct_rail_commute & dest_metro_pop_weighted_sum,39,43,-0.03204
pct_rail_commute & dest_metro_pop_weighted_sum,39,44,-0.03187
pct_rail_commute & dest_metro_pop_weighted_sum,39,45,-0.03123
pct_rail_commute & dest_metro_pop_weighted_sum,39,46,-0.03027
pct_rail_commute & dest_metro_pop_weighted_sum,39,47,-0.02905
pct_rail_commute & dest_metro_pop_weighted_sum,39,48,-0.028
pct_rail_commute & dest_metro_pop_weighted_sum,39,49,-0.00313
pct_rail_commute & dest_metro_pop_weighted_sum,39,50,-0.00203
pct_rail_commute & dest_metro_pop_weighted_sum,39,51,-0.00167
pct_rail_commute & dest_metro_pop_weighted_sum,39,52,-0.00177
pct_rail_commute & dest_metro_pop_weighted_sum,39,53,-0.00175
pct_rail_commute & dest_metro_pop_weighted_sum,39,54,-0.00171
pct_rail_commute & dest_metro_pop_weighted_sum,39,55,-0.01033
pct_rail_commute & dest_metro_pop_weighted_sum,39,56,-0.02484
pct_rail_commute & dest_metro_pop_weighted_sum,39,57,-0.02485
pct_rail_commute & dest_metro_pop_weighted_sum,39,58,-0.0195
pct_rail_commute & dest_metro_pop_weighted_sum,39,59,-0.01905
pct_rail_commute & dest_metro_pop_weighted_sum,39,60,-0.0205
pct_rail_commute & dest_metro_pop_weighted_sum,39,61,-0.01889
pct_rail_commute & dest_metro_pop_weighted_sum,40,0,-0.09406
pct_rail_commute & dest_metro_pop_weighted_sum,40,1,-0.09318
pct_rail_commute & dest_metro_pop_weighted_sum,40,2,-0.06605
pct_rail_commute & dest_metro_pop_weighted_sum,40,3,-0.06277
pct_rail_commute & dest_metro_pop_weighted_sum,40,4,-0.06054
pct_rail_commute & dest_metro_pop_weighted_sum,40,5,-0.06044
pct_rail_commute & dest_metro_pop_weighted_sum,40,6,-0.05846
pct_rail_commute & dest_metro_pop_weighted_sum,40,7,-0.05749
pct_rail_commute & dest_metro_pop_weighted_sum,40,8,-0.03558
pct_rail_commute & dest_metro_pop_weighted_sum,40,9,-0.03477
pct_rail_commute & dest_metro_pop_weighted_sum,40,10,-0.03222
pct_rail_commute & dest_metro_pop_weighted_sum,40,11,-0.03068
pct_rail_commute & dest_metro_pop_weighted_sum,40,12,-0.0299
pct_rail_commute & dest_metro_pop_weighted_sum,40,13,-0.03038
pct_rail_commute & dest_metro_pop_weighted_sum,40,14,-0.02908
pct_rail_commute & dest_metro_pop_weighted_sum,40,15,-0.02877
pct_rail_commute & dest_metro_pop_weighted_sum,40,16,-0.02773
pct_rail_commute & dest_metro_pop_weighted_sum,40,17,-0.02653
pct_rail_commute & dest_metro_pop_weighted_sum,40,18,-0.02539
pct_rail_commute & dest_metro_pop_weighted_sum,40,19,-0.02334
pct_rail_commute & dest_metro_pop_weighted_sum,40,20,-0.02105
pct_rail_commute & dest_metro_pop_weighted_sum,40,21,-0.02045
pct_rail_commute & dest_metro_pop_weighted_sum,40,22,-0.01535
pct_rail_commute & dest_metro_pop_weighted_sum,40,23,-0.01524
pct_rail_commute & dest_metro_pop_weighted_sum,40,24,-0.01405
pct_rail_commute & dest_metro_pop_weighted_sum,40,25,-0.01311
pct_rail_commute & dest_metro_pop_weighted_sum,40,26,-0.01111
pct_rail_commute & dest_metro_pop_weighted_sum,40,27,-0.00963
pct_rail_commute & dest_metro_pop_weighted_sum,40,28,-0.00743
pct_rail_commute & dest_metro_pop_weighted_sum,40,29,-0.00674
pct_rail_commute & dest_metro_pop_weighted_sum,40,30,-0.00457
pct_rail_commute & dest_metro_pop_weighted_sum,40,31,-0.01337
pct_rail_commute & dest_metro_pop_weighted_sum,40,32,-0.01306
pct_rail_commute & dest_metro_pop_weighted_sum,40,33,-0.01168
pct_rail_commute & dest_metro_pop_weighted_sum,40,34,-0.01053
pct_rail_commute & dest_metro_pop_weighted_sum,40,35,-0.01194
pct_rail_commute & dest_metro_pop_weighted_sum,40,36,-0.01124
pct_rail_commute & dest_metro_pop_weighted_sum,40,37,-0.01078
pct_rail_commute & dest_metro_pop_weighted_sum,40,38,-0.01032
pct_rail_commute & dest_metro_pop_weighted_sum,40,39,-0.00956
pct_rail_commute & dest_metro_pop_weighted_sum,40,40,-0.00922
pct_rail_commute & dest_metro_pop_weighted_sum,40,41,-0.03434
pct_rail_commute & dest_metro_pop_weighted_sum,40,42,-0.03355
pct_rail_commute & dest_metro_pop_weighted_sum,40,43,-0.03246
pct_rail_commute & dest_metro_pop_weighted_sum,40,44,-0.03196
pct_rail_commute & dest_metro_pop_weighted_sum,40,45,-0.03132
pct_rail_commute & dest_metro_pop_weighted_sum,40,46,-0.03036
pct_rail_commute & dest_metro_pop_weighted_sum,40,47,-0.02876
pct_rail_commute & dest_metro_pop_weighted_sum,40,48,-0.02771
pct_rail_commute & dest_metro_pop_weighted_sum,40,49,-0.00248
pct_rail_commute & dest_metro_pop_weighted_sum,40,50,-0.00138
pct_rail_commute & dest_metro_pop_weighted_sum,40,51,-0.00102
pct_rail_commute & dest_metro_pop_weighted_sum,40,52,-0.00112
pct_rail_commute & dest_metro_pop_weighted_sum,40,53,-0.0011
pct_rail_commute & dest_metro_pop_weighted_sum,40,54,-0.00107
pct_rail_commute & dest_metro_pop_weighted_sum,40,55,-0.00968
pct_rail_commute & dest_metro_pop_weighted_sum,40,56,-0.02419
pct_rail_commute & dest_metro_pop_weighted_sum,40,57,-0.0242
pct_rail_commute & dest_metro_pop_weighted_sum,40,58,-0.01885
pct_rail_commute & dest_metro_pop_weighted_sum,40,59,-0.0184
pct_rail_commute & dest_metro_pop_weighted_sum,40,60,-0.01984
pct_rail_commute & dest_metro_pop_weighted_sum,40,61,-0.01823
pct_rail_commute & dest_metro_pop_weighted_sum,41,0,-0.09602
pct_rail_commute & dest_metro_pop_weighted_sum,41,1,-0.09514
pct_rail_commute & dest_metro_pop_weighted_sum,41,2,-0.06801
pct_rail_commute & dest_metro_pop_weighted_sum,41,3,-0.06474
pct_rail_commute & dest_metro_pop_weighted_sum,41,4,-0.0625
pct_rail_commute & dest_metro_pop_weighted_sum,41,5,-0.0624
pct_rail_commute & dest_metro_pop_weighted_sum,41,6,-0.06043
pct_rail_commute & dest_metro_pop_weighted_sum,41,7,-0.05945
pct_rail_commute & dest_metro_pop_weighted_sum,41,8,-0.03754
pct_rail_commute & dest_metro_pop_weighted_sum,41,9,-0.03633
pct_rail_commute & dest_metro_pop_weighted_sum,41,10,-0.03378
pct_rail_commute & dest_metro_pop_weighted_sum,41,11,-0.03224
pct_rail_commute & dest_metro_pop_weighted_sum,41,12,-0.03147
pct_rail_commute & dest_metro_pop_weighted_sum,41,13,-0.03195
pct_rail_commute & dest_metro_pop_weighted_sum,41,14,-0.03055
pct_rail_commute & dest_metro_pop_weighted_sum,41,15,-0.03024
pct_rail_commute & dest_metro_pop_weighted_sum,41,16,-0.0292
pct_rail_commute & dest_metro_pop_weighted_sum,41,17,-0.02776
pct_rail_commute & dest_metro_pop_weighted_sum,41,18,-0.02621
pct_rail_commute & dest_metro_pop_weighted_sum,41,19,-0.02415
pct_rail_commute & dest_metro_pop_weighted_sum,41,20,-0.02187
pct_rail_commute & dest_metro_pop_weighted_sum,41,21,-0.0208
pct_rail_commute & dest_metro_pop_weighted_sum,41,22,-0.01571
pct_rail_commute & dest_metro_pop_weighted_sum,41,23,-0.0156
pct_rail_commute & dest_metro_pop_weighted_sum,41,24,-0.01441
pct_rail_commute & dest_metro_pop_weighted_sum,41,25,-0.01331
pct_rail_commute & dest_metro_pop_weighted_sum,41,26,-0.01132
pct_rail_commute & dest_metro_pop_weighted_sum,41,27,-0.00967
pct_rail_commute & dest_metro_pop_weighted_sum,41,28,-0.00747
pct_rail_commute & dest_metro_pop_weighted_sum,41,29,-0.00678
pct_rail_commute & dest_metro_pop_weighted_sum,41,30,-0.00462
pct_rail_commute & dest_metro_pop_weighted_sum,41,31,-0.01337
pct_rail_commute & dest_metro_pop_weighted_sum,41,32,-0.01306
pct_rail_commute & dest_metro_pop_weighted_sum,41,33,-0.01168
pct_rail_commute & dest_metro_pop_weighted_sum,41,34,-0.01053
pct_rail_commute & dest_metro_pop_weighted_sum,41,35,-0.01194
pct_rail_commute & dest_metro_pop_weighted_sum,41,36,-0.01124
pct_rail_commute & dest_metro_pop_weighted_sum,41,37,-0.01077
pct_rail_commute & dest_metro_pop_weighted_sum,41,38,-0.01032
pct_rail_commute & dest_metro_pop_weighted_sum,41,39,-0.00956
pct_rail_commute & dest_metro_pop_weighted_sum,41,40,-0.00922
pct_rail_commute & dest_metro_pop_weighted_sum,41,41,-0.03434
pct_rail_commute & dest_metro_pop_weighted_sum,41,42,-0.03355
pct_rail_commute & dest_metro_pop_weighted_sum,41,43,-0.03246
pct_rail_commute & dest_metro_pop_weighted_sum,41,44,-0.03196
pct_rail_commute & dest_metro_pop_weighted_sum,41,45,-0.03132
pct_rail_commute & dest_metro_pop_weighted_sum,41,46,-0.03035
pct_rail_commute & dest_metro_pop_weighted_sum,41,47,-0.02876
pct_rail_commute & dest_metro_pop_weighted_sum,41,48,-0.02756
pct_rail_commute & dest_metro_pop_weighted_sum,41,49,-0.00169
pct_rail_commute & dest_metro_pop_weighted_sum,41,50,-0.00058
pct_rail_commute & dest_metro_pop_weighted_sum,41,51,-0.00023
pct_rail_commute & dest_metro_pop_weighted_sum,41,52,-0.00029
pct_rail_commute & dest_metro_pop_weighted_sum,41,53,-0.00027
pct_rail_commute & dest_metro_pop_weighted_sum,41,54,-0.00023
pct_rail_commute & dest_metro_pop_weighted_sum,41,55,-0.00885
pct_rail_commute & dest_metro_pop_weighted_sum,41,56,-0.02329
pct_rail_commute & dest_metro_pop_weighted_sum,41,57,-0.02331
pct_rail_commute & dest_metro_pop_weighted_sum,41,58,-0.02252
pct_rail_commute & dest_metro_pop_weighted_sum,41,59,-0.02206
pct_rail_commute & dest_metro_pop_weighted_sum,41,60,-0.02351
pct_rail_commute & dest_metro_pop_weighted_sum,41,61,-0.022
pct_rail_commute & dest_metro_pop_weighted_sum,42,0,-0.10092
pct_rail_commute & dest_metro_pop_weighted_sum,42,1,-0.10004
pct_rail_commute & dest_metro_pop_weighted_sum,42,2,-0.07291
pct_rail_commute & dest_metro_pop_weighted_sum,42,3,-0.06964
pct_rail_commute & dest_metro_pop_weighted_sum,42,4,-0.0674
pct_rail_commute & dest_metro_pop_weighted_sum,42,5,-0.06731
pct_rail_commute & dest_metro_pop_weighted_sum,42,6,-0.06533
pct_rail_commute & dest_metro_pop_weighted_sum,42,7,-0.06381
pct_rail_commute & dest_metro_pop_weighted_sum,42,8,-0.04189
pct_rail_commute & dest_metro_pop_weighted_sum,42,9,-0.04004
pct_rail_commute & dest_metro_pop_weighted_sum,42,10,-0.03749
pct_rail_commute & dest_metro_pop_weighted_sum,42,11,-0.03595
pct_rail_commute & dest_metro_pop_weighted_sum,42,12,-0.03518
pct_rail_commute & dest_metro_pop_weighted_sum,42,13,-0.03496
pct_rail_commute & dest_metro_pop_weighted_sum,42,14,-0.03312
pct_rail_commute & dest_metro_pop_weighted_sum,42,15,-0.03247
pct_rail_commute & dest_metro_pop_weighted_sum,42,16,-0.03112
pct_rail_commute & dest_metro_pop_weighted_sum,42,17,-0.02924
pct_rail_commute & dest_metro_pop_weighted_sum,42,18,-0.02762
pct_rail_commute & dest_metro_pop_weighted_sum,42,19,-0.02556
pct_rail_commute & dest_metro_pop_weighted_sum,42,20,-0.02328
pct_rail_commute & dest_metro_pop_weighted_sum,42,21,-0.02207
pct_rail_commute & dest_metro_pop_weighted_sum,42,22,-0.01691
pct_rail_commute & dest_metro_pop_weighted_sum,42,23,-0.0168
pct_rail_commute & dest_metro_pop_weighted_sum,42,24,-0.01561
pct_rail_commute & dest_metro_pop_weighted_sum,42,25,-0.0143
pct_rail_commute & dest_metro_pop_weighted_sum,42,26,-0.0123
pct_rail_commute & dest_metro_pop_weighted_sum,42,27,-0.01066
pct_rail_commute & dest_metro_pop_weighted_sum,42,28,-0.00846
pct_rail_commute & dest_metro_pop_weighted_sum,42,29,-0.00777
pct_rail_commute & dest_metro_pop_weighted_sum,42,30,-0.00561
pct_rail_commute & dest_metro_pop_weighted_sum,42,31,-0.01436
pct_rail_commute & dest_metro_pop_weighted_sum,42,32,-0.01382
pct_rail_commute & dest_metro_pop_weighted_sum,42,33,-0.01213
pct_rail_commute & dest_metro_pop_weighted_sum,42,34,-0.01099
pct_rail_commute & dest_metro_pop_weighted_sum,42,35,-0.0124
pct_rail_commute & dest_metro_pop_weighted_sum,42,36,-0.01169
pct_rail_commute & dest_metro_pop_weighted_sum,42,37,-0.01087
pct_rail_commute & dest_metro_pop_weighted_sum,42,38,-0.01042
pct_rail_commute & dest_metro_pop_weighted_sum,42,39,-0.00966
pct_rail_commute & dest_metro_pop_weighted_sum,42,40,-0.00932
pct_rail_commute & dest_metro_pop_weighted_sum,42,41,-0.03444
pct_rail_commute & dest_metro_pop_weighted_sum,42,42,-0.03364
pct_rail_commute & dest_metro_pop_weighted_sum,42,43,-0.03256
pct_rail_commute & dest_metro_pop_weighted_sum,42,44,-0.03206
pct_rail_commute & dest_metro_pop_weighted_sum,42,45,-0.03142
pct_rail_commute & dest_metro_pop_weighted_sum,42,46,-0.03045
pct_rail_commute & dest_metro_pop_weighted_sum,42,47,-0.02885
pct_rail_commute & dest_metro_pop_weighted_sum,42,48,-0.0274
pct_rail_commute & dest_metro_pop_weighted_sum,42,49,-0.00153
pct_rail_commute & dest_metro_pop_weighted_sum,42,50,-0.00042
pct_rail_commute & dest_metro_pop_weighted_sum,42,51,-6e-05
pct_rail_commute & dest_metro_pop_weighted_sum,42,52,-0.00011
pct_rail_commute & dest_metro_pop_weighted_sum,42,53,-9e-05
pct_rail_commute & dest_metro_pop_weighted_sum,42,54,-6e-05
pct_rail_commute & dest_metro_pop_weighted_sum,42,55,-0.00868
pct_rail_commute & dest_metro_pop_weighted_sum,42,56,-0.02312
pct_rail_commute & dest_metro_pop_weighted_sum,42,57,-0.02316
pct_rail_commute & dest_metro_pop_weighted_sum,42,58,-0.02237
pct_rail_commute & dest_metro_pop_weighted_sum,42,59,-0.02191
pct_rail_commute & dest_metro_pop_weighted_sum,42,60,-0.02336
pct_rail_commute & dest_metro_pop_weighted_sum,42,61,-0.02185
pct_rail_commute & dest_metro_pop_weighted_sum,43,0,-0.10441
pct_rail_commute & dest_metro_pop_weighted_sum,43,1,-0.10353
pct_rail_commute & dest_metro_pop_weighted_sum,43,2,-0.0764
pct_rail_commute & dest_metro_pop_weighted_sum,43,3,-0.07315
pct_rail_commute & dest_metro_pop_weighted_sum,43,4,-0.07077
pct_rail_commute & dest_metro_pop_weighted_sum,43,5,-0.07067
pct_rail_commute & dest_metro_pop_weighted_sum,43,6,-0.06869
pct_rail_commute & dest_metro_pop_weighted_sum,43,7,-0.06717
pct_rail_commute & dest_metro_pop_weighted_sum,43,8,-0.04471
pct_rail_commute & dest_metro_pop_weighted_sum,43,9,-0.04286
pct_rail_commute & dest_metro_pop_weighted_sum,43,10,-0.03946
pct_rail_commute & dest_metro_pop_weighted_sum,43,11,-0.03792
pct_rail_commute & dest_metro_pop_weighted_sum,43,12,-0.03701
pct_rail_commute & dest_metro_pop_weighted_sum,43,13,-0.0368
pct_rail_commute & dest_metro_pop_weighted_sum,43,14,-0.03472
pct_rail_commute & dest_metro_pop_weighted_sum,43,15,-0.03407
pct_rail_commute & dest_metro_pop_weighted_sum,43,16,-0.03272
pct_rail_commute & dest_metro_pop_weighted_sum,43,17,-0.03084
pct_rail_commute & dest_metro_pop_weighted_sum,43,18,-0.02922
pct_rail_commute & dest_metro_pop_weighted_sum,43,19,-0.02716
pct_rail_commute & dest_metro_pop_weighted_sum,43,20,-0.02488
pct_rail_commute & dest_metro_pop_weighted_sum,43,21,-0.02367
pct_rail_commute & dest_metro_pop_weighted_sum,43,22,-0.01851
pct_rail_commute & dest_metro_pop_weighted_sum,43,23,-0.01821
pct_rail_commute & dest_metro_pop_weighted_sum,43,24,-0.01701
pct_rail_commute & dest_metro_pop_weighted_sum,43,25,-0.01571
pct_rail_commute & dest_metro_pop_weighted_sum,43,26,-0.01371
pct_rail_commute & dest_metro_pop_weighted_sum,43,27,-0.01207
pct_rail_commute & dest_metro_pop_weighted_sum,43,28,-0.00987
pct_rail_commute & dest_metro_pop_weighted_sum,43,29,-0.00918
pct_rail_commute & dest_metro_pop_weighted_sum,43,30,-0.00701
pct_rail_commute & dest_metro_pop_weighted_sum,43,31,-0.01576
pct_rail_commute & dest_metro_pop_weighted_sum,43,32,-0.01456
pct_rail_commute & dest_metro_pop_weighted_sum,43,33,-0.01287
pct_rail_commute & dest_metro_pop_weighted_sum,43,34,-0.01173
pct_rail_commute & dest_metro_pop_weighted_sum,43,35,-0.01314
pct_rail_commute & dest_metro_pop_weighted_sum,43,36,-0.01244
pct_rail_commute & dest_metro_pop_weighted_sum,43,37,-0.01162
pct_rail_commute & dest_metro_pop_weighted_sum,43,38,-0.01116
pct_rail_commute & dest_metro_pop_weighted_sum,43,39,-0.01006
pct_rail_commute & dest_metro_pop_weighted_sum,43,40,-0.00971
pct_rail_commute & dest_metro_pop_weighted_sum,43,41,-0.03483
pct_rail_commute & dest_metro_pop_weighted_sum,43,42,-0.03358
pct_rail_commute & dest_metro_pop_weighted_sum,43,43,-0.03249
pct_rail_commute & dest_metro_pop_weighted_sum,43,44,-0.03199
pct_rail_commute & dest_metro_pop_weighted_sum,43,45,-0.03135
pct_rail_commute & dest_metro_pop_weighted_sum,43,46,-0.03038
pct_rail_commute & dest_metro_pop_weighted_sum,43,47,-0.02879
pct_rail_commute & dest_metro_pop_weighted_sum,43,48,-0.02733
pct_rail_commute & dest_metro_pop_weighted_sum,43,49,-0.00146
pct_rail_commute & dest_metro_pop_weighted_sum,43,50,-0.00036
pct_rail_commute & dest_metro_pop_weighted_sum,43,51,0.0001
pct_rail_commute & dest_metro_pop_weighted_sum,43,52,5e-05
pct_rail_commute & dest_metro_pop_weighted_sum,43,53,7e-05
pct_rail_commute & dest_metro_pop_weighted_sum,43,54,0.0001
pct_rail_commute & dest_metro_pop_weighted_sum,43,55,-0.00841
pct_rail_commute & dest_metro_pop_weighted_sum,43,56,-0.02284
pct_rail_commute & dest_metro_pop_weighted_sum,43,57,-0.02287
pct_rail_commute & dest_metro_pop_weighted_sum,43,58,-0.02217
pct_rail_commute & dest_metro_pop_weighted_sum,43,59,-0.02172
pct_rail_commute & dest_metro_pop_weighted_sum,43,60,-0.02316
pct_rail_commute & dest_metro_pop_weighted_sum,43,61,-0.02166
pct_rail_commute & dest_metro_pop_weighted_sum,44,0,-0.10959
pct_rail_commute & dest_metro_pop_weighted_sum,44,1,-0.10871
pct_rail_commute & dest_metro_pop_weighted_sum,44,2,-0.08166
pct_rail_commute & dest_metro_pop_weighted_sum,44,3,-0.07841
pct_rail_commute & dest_metro_pop_weighted_sum,44,4,-0.07602
pct_rail_commute & dest_metro_pop_weighted_sum,44,5,-0.07592
pct_rail_commute & dest_metro_pop_weighted_sum,44,6,-0.07394
pct_rail_commute & dest_metro_pop_weighted_sum,44,7,-0.07242
pct_rail_commute & dest_metro_pop_weighted_sum,44,8,-0.04996
pct_rail_commute & dest_metro_pop_weighted_sum,44,9,-0.0473
pct_rail_commute & dest_metro_pop_weighted_sum,44,10,-0.0439
pct_rail_commute & dest_metro_pop_weighted_sum,44,11,-0.04236
pct_rail_commute & dest_metro_pop_weighted_sum,44,12,-0.04081
pct_rail_commute & dest_metro_pop_weighted_sum,44,13,-0.0406
pct_rail_commute & dest_metro_pop_weighted_sum,44,14,-0.03851
pct_rail_commute & dest_metro_pop_weighted_sum,44,15,-0.03786
pct_rail_commute & dest_metro_pop_weighted_sum,44,16,-0.03651
pct_rail_commute & dest_metro_pop_weighted_sum,44,17,-0.03463
pct_rail_commute & dest_metro_pop_weighted_sum,44,18,-0.0325
pct_rail_commute & dest_metro_pop_weighted_sum,44,19,-0.03005
pct_rail_commute & dest_metro_pop_weighted_sum,44,20,-0.02776
pct_rail_commute & dest_metro_pop_weighted_sum,44,21,-0.02635
pct_rail_commute & dest_metro_pop_weighted_sum,44,22,-0.02119
pct_rail_commute & dest_metro_pop_weighted_sum,44,23,-0.02013
pct_rail_commute & dest_metro_pop_weighted_sum,44,24,-0.01894
pct_rail_commute & dest_metro_pop_weighted_sum,44,25,-0.01753
pct_rail_commute & dest_metro_pop_weighted_sum,44,26,-0.01553
pct_rail_commute & dest_metro_pop_weighted_sum,44,27,-0.01389
pct_rail_commute & dest_metro_pop_weighted_sum,44,28,-0.01169
pct_rail_commute & dest_metro_pop_weighted_sum,44,29,-0.01061
pct_rail_commute & dest_metro_pop_weighted_sum,44,30,-0.00844
pct_rail_commute & dest_metro_pop_weighted_sum,44,31,-0.01643
pct_rail_commute & dest_metro_pop_weighted_sum,44,32,-0.01523
pct_rail_commute & dest_metro_pop_weighted_sum,44,33,-0.01354
pct_rail_commute & dest_metro_pop_weighted_sum,44,34,-0.01239
pct_rail_commute & dest_metro_pop_weighted_sum,44,35,-0.0138
pct_rail_commute & dest_metro_pop_weighted_sum,44,36,-0.0131
pct_rail_commute & dest_metro_pop_weighted_sum,44,37,-0.01228
pct_rail_commute & dest_metro_pop_weighted_sum,44,38,-0.01182
pct_rail_commute & dest_metro_pop_weighted_sum,44,39,-0.01072
pct_rail_commute & dest_metro_pop_weighted_sum,44,40,-0.01019
pct_rail_commute & dest_metro_pop_weighted_sum,44,41,-0.03531
pct_rail_commute & dest_metro_pop_weighted_sum,44,42,-0.03405
pct_rail_commute & dest_metro_pop_weighted_sum,44,43,-0.03297
pct_rail_commute & dest_metro_pop_weighted_sum,44,44,-0.03247
pct_rail_commute & dest_metro_pop_weighted_sum,44,45,-0.03182
pct_rail_commute & dest_metro_pop_weighted_sum,44,46,-0.03028
pct_rail_commute & dest_metro_pop_weighted_sum,44,47,-0.02869
pct_rail_commute & dest_metro_pop_weighted_sum,44,48,-0.02706
pct_rail_commute & dest_metro_pop_weighted_sum,44,49,-0.001
pct_rail_commute & dest_metro_pop_weighted_sum,44,50,0.00011
pct_rail_commute & dest_metro_pop_weighted_sum,44,51,0.00056
pct_rail_commute & dest_metro_pop_weighted_sum,44,52,0.00051
pct_rail_commute & dest_metro_pop_weighted_sum,44,53,0.00056
pct_rail_commute & dest_metro_pop_weighted_sum,44,54,0.0006
pct_rail_commute & dest_metro_pop_weighted_sum,44,55,-0.00787
pct_rail_commute & dest_metro_pop_weighted_sum,44,56,-0.02223
pct_rail_commute & dest_metro_pop_weighted_sum,44,57,-0.02226
pct_rail_commute & dest_metro_pop_weighted_sum,44,58,-0.02156
pct_rail_commute & dest_metro_pop_weighted_sum,44,59,-0.0211
pct_rail_commute & dest_metro_pop_weighted_sum,44,60,-0.02255
pct_rail_commute & dest_metro_pop_weighted_sum,44,61,-0.02101
pct_rail_commute & dest_metro_pop_weighted_sum,45,0,-0.18267
pct_rail_commute & dest_metro_pop_weighted_sum,45,1,-0.18179
pct_rail_commute & dest_metro_pop_weighted_sum,45,2,-0.15483
pct_rail_commute & dest_metro_pop_weighted_sum,45,3,-0.15157
pct_rail_commute & dest_metro_pop_weighted_sum,45,4,-0.14918
pct_rail_commute & dest_metro_pop_weighted_sum,45,5,-0.14908
pct_rail_commute & dest_metro_pop_weighted_sum,45,6,-0.14711
pct_rail_commute & dest_metro_pop_weighted_sum,45,7,-0.14558
pct_rail_commute & dest_metro_pop_weighted_sum,45,8,-0.11618
pct_rail_commute & dest_metro_pop_weighted_sum,45,9,-0.10634
pct_rail_commute & dest_metro_pop_weighted_sum,45,10,-0.10294
pct_rail_commute & dest_metro_pop_weighted_sum,45,11,-0.1014
pct_rail_commute & dest_metro_pop_weighted_sum,45,12,-0.08941
pct_rail_commute & dest_metro_pop_weighted_sum,45,13,-0.06405
pct_rail_commute & dest_metro_pop_weighted_sum,45,14,-0.06196
pct_rail_commute & dest_metro_pop_weighted_sum,45,15,-0.06059
pct_rail_commute & dest_metro_pop_weighted_sum,45,16,-0.05924
pct_rail_commute & dest_metro_pop_weighted_sum,45,17,-0.05736
pct_rail_commute & dest_metro_pop_weighted_sum,45,18,-0.05523
pct_rail_commute & dest_metro_pop_weighted_sum,45,19,-0.05277
pct_rail_commute & dest_metro_pop_weighted_sum,45,20,-0.05017
pct_rail_commute & dest_metro_pop_weighted_sum,45,21,-0.04753
pct_rail_commute & dest_metro_pop_weighted_sum,45,22,-0.04237
pct_rail_commute & dest_metro_pop_weighted_sum,45,23,-0.04131
pct_rail_commute & dest_metro_pop_weighted_sum,45,24,-0.04012
pct_rail_commute & dest_metro_pop_weighted_sum,45,25,-0.03871
pct_rail_commute & dest_metro_pop_weighted_sum,45,26,-0.0361
pct_rail_commute & dest_metro_pop_weighted_sum,45,27,-0.03446
pct_rail_commute & dest_metro_pop_weighted_sum,45,28,-0.03175
pct_rail_commute & dest_metro_pop_weighted_sum,45,29,-0.03067
pct_rail_commute & dest_metro_pop_weighted_sum,45,30,-0.02851
pct_rail_commute & dest_metro_pop_weighted_sum,45,31,-0.03649
pct_rail_commute & dest_metro_pop_weighted_sum,45,32,-0.03529
pct_rail_commute & dest_metro_pop_weighted_sum,45,33,-0.0336
pct_rail_commute & dest_metro_pop_weighted_sum,45,34,-0.03245
pct_rail_commute & dest_metro_pop_weighted_sum,45,35,-0.01588
pct_rail_commute & dest_metro_pop_weighted_sum,45,36,-0.01518
pct_rail_commute & dest_metro_pop_weighted_sum,45,37,-0.01425
pct_rail_commute & dest_metro_pop_weighted_sum,45,38,-0.01379
pct_rail_commute & dest_metro_pop_weighted_sum,45,39,-0.01269
pct_rail_commute & dest_metro_pop_weighted_sum,45,40,-0.01216
pct_rail_commute & dest_metro_pop_weighted_sum,45,41,-0.03551
pct_rail_commute & dest_metro_pop_weighted_sum,45,42,-0.03414
pct_rail_commute & dest_metro_pop_weighted_sum,45,43,-0.03306
pct_rail_commute & dest_metro_pop_weighted_sum,45,44,-0.03255
pct_rail_commute & dest_metro_pop_weighted_sum,45,45,-0.03191
pct_rail_commute & dest_metro_pop_weighted_sum,45,46,-0.03037
pct_rail_commute & dest_metro_pop_weighted_sum,45,47,-0.02852
pct_rail_commute & dest_metro_pop_weighted_sum,45,48,-0.0269
pct_rail_commute & dest_metro_pop_weighted_sum,45,49,-0.00083
pct_rail_commute & dest_metro_pop_weighted_sum,45,50,0.00031
pct_rail_commute & dest_metro_pop_weighted_sum,45,51,0.00077
pct_rail_commute & dest_metro_pop_weighted_sum,45,52,0.00071
pct_rail_commute & dest_metro_pop_weighted_sum,45,53,0.00079
pct_rail_commute & dest_metro_pop_weighted_sum,45,54,0.00076
pct_rail_commute & dest_metro_pop_weighted_sum,45,55,-0.00771
pct_rail_commute & dest_metro_pop_weighted_sum,45,56,-0.02206
pct_rail_commute & dest_metro_pop_weighted_sum,45,57,-0.0221
pct_rail_commute & dest_metro_pop_weighted_sum,45,58,-0.02139
pct_rail_commute & dest_metro_pop_weighted_sum,45,59,-0.02105
pct_rail_commute & dest_metro_pop_weighted_sum,45,60,-0.02257
pct_rail_commute & dest_metro_pop_weighted_sum,45,61,-0.02104
pct_rail_commute & dest_metro_pop_weighted_sum,46,0,-0.20382
pct_rail_commute & dest_metro_pop_weighted_sum,46,1,-0.20307
pct_rail_commute & dest_metro_pop_weighted_sum,46,2,-0.1761
pct_rail_commute & dest_metro_pop_weighted_sum,46,3,-0.17285
pct_rail_commute & dest_metro_pop_weighted_sum,46,4,-0.17042
pct_rail_commute & dest_metro_pop_weighted_sum,46,5,-0.17032
pct_rail_commute & dest_metro_pop_weighted_sum,46,6,-0.16834
pct_rail_commute & dest_metro_pop_weighted_sum,46,7,-0.16641
pct_rail_commute & dest_metro_pop_weighted_sum,46,8,-0.13636
pct_rail_commute & dest_metro_pop_weighted_sum,46,9,-0.12652
pct_rail_commute & dest_metro_pop_weighted_sum,46,10,-0.12312
pct_rail_commute & dest_metro_pop_weighted_sum,46,11,-0.12158
pct_rail_commute & dest_metro_pop_weighted_sum,46,12,-0.09571
pct_rail_commute & dest_metro_pop_weighted_sum,46,13,-0.06964
pct_rail_commute & dest_metro_pop_weighted_sum,46,14,-0.06756
pct_rail_commute & dest_metro_pop_weighted_sum,46,15,-0.0656
pct_rail_commute & dest_metro_pop_weighted_sum,46,16,-0.06368
pct_rail_commute & dest_metro_pop_weighted_sum,46,17,-0.0618
pct_rail_commute & dest_metro_pop_weighted_sum,46,18,-0.05967
pct_rail_commute & dest_metro_pop_weighted_sum,46,19,-0.0566
pct_rail_commute & dest_metro_pop_weighted_sum,46,20,-0.054
pct_rail_commute & dest_metro_pop_weighted_sum,46,21,-0.05136
pct_rail_commute & dest_metro_pop_weighted_sum,46,22,-0.04595
pct_rail_commute & dest_metro_pop_weighted_sum,46,23,-0.04489
pct_rail_commute & dest_metro_pop_weighted_sum,46,24,-0.04369
pct_rail_commute & dest_metro_pop_weighted_sum,46,25,-0.0417
pct_rail_commute & dest_metro_pop_weighted_sum,46,26,-0.03901
pct_rail_commute & dest_metro_pop_weighted_sum,46,27,-0.03673
pct_rail_commute & dest_metro_pop_weighted_sum,46,28,-0.03403
pct_rail_commute & dest_metro_pop_weighted_sum,46,29,-0.03295
pct_rail_commute & dest_metro_pop_weighted_sum,46,30,-0.03078
pct_rail_commute & dest_metro_pop_weighted_sum,46,31,-0.03872
pct_rail_commute & dest_metro_pop_weighted_sum,46,32,-0.03752
pct_rail_commute & dest_metro_pop_weighted_sum,46,33,-0.0354
pct_rail_commute & dest_metro_pop_weighted_sum,46,34,-0.03385
pct_rail_commute & dest_metro_pop_weighted_sum,46,35,-0.01728
pct_rail_commute & dest_metro_pop_weighted_sum,46,36,-0.01622
pct_rail_commute & dest_metro_pop_weighted_sum,46,37,-0.01509
pct_rail_commute & dest_metro_pop_weighted_sum,46,38,-0.01438
pct_rail_commute & dest_metro_pop_weighted_sum,46,39,-0.01281
pct_rail_commute & dest_metro_pop_weighted_sum,46,40,-0.01228
pct_rail_commute & dest_metro_pop_weighted_sum,46,41,-0.03562
pct_rail_commute & dest_metro_pop_weighted_sum,46,42,-0.03388
pct_rail_commute & dest_metro_pop_weighted_sum,46,43,-0.0328
pct_rail_commute & dest_metro_pop_weighted_sum,46,44,-0.0323
pct_rail_commute & dest_metro_pop_weighted_sum,46,45,-0.03165
pct_rail_commute & dest_metro_pop_weighted_sum,46,46,-0.03011
pct_rail_commute & dest_metro_pop_weighted_sum,46,47,-0.02827
pct_rail_commute & dest_metro_pop_weighted_sum,46,48,-0.0263
pct_rail_commute & dest_metro_pop_weighted_sum,46,49,-0.00023
pct_rail_commute & dest_metro_pop_weighted_sum,46,50,0.00091
pct_rail_commute & dest_metro_pop_weighted_sum,46,51,0.00137
pct_rail_commute & dest_metro_pop_weighted_sum,46,52,0.00132
pct_rail_commute & dest_metro_pop_weighted_sum,46,53,0.00139
pct_rail_commute & dest_metro_pop_weighted_sum,46,54,0.00136
pct_rail_commute & dest_metro_pop_weighted_sum,46,55,-0.00711
pct_rail_commute & dest_metro_pop_weighted_sum,46,56,-0.02146
pct_rail_commute & dest_metro_pop_weighted_sum,46,57,-0.02142
pct_rail_commute & dest_metro_pop_weighted_sum,46,58,-0.02071
pct_rail_commute & dest_metro_pop_weighted_sum,46,59,-0.02037
pct_rail_commute & dest_metro_pop_weighted_sum,46,60,-0.02189
pct_rail_commute & dest_metro_pop_weighted_sum,46,61,-0.02036
pct_rail_commute & dest_metro_pop_weighted_sum,47,0,-0.20719
pct_rail_commute & dest_metro_pop_weighted_sum,47,1,-0.20643
pct_rail_commute & dest_metro_pop_weighted_sum,47,2,-0.17946
pct_rail_commute & dest_metro_pop_weighted_sum,47,3,-0.17621
pct_rail_commute & dest_metro_pop_weighted_sum,47,4,-0.17378
pct_rail_commute & dest_metro_pop_weighted_sum,47,5,-0.17368
pct_rail_commute & dest_metro_pop_weighted_sum,47,6,-0.1717
pct_rail_commute & dest_metro_pop_weighted_sum,47,7,-0.16977
pct_rail_commute & dest_metro_pop_weighted_sum,47,8,-0.13972
pct_rail_commute & dest_metro_pop_weighted_sum,47,9,-0.12988
pct_rail_commute & dest_metro_pop_weighted_sum,47,10,-0.12585
pct_rail_commute & dest_metro_pop_weighted_sum,47,11,-0.1243
pct_rail_commute & dest_metro_pop_weighted_sum,47,12,-0.09844
pct_rail_commute & dest_metro_pop_weighted_sum,47,13,-0.07237
pct_rail_commute & dest_metro_pop_weighted_sum,47,14,-0.07028
pct_rail_commute & dest_metro_pop_weighted_sum,47,15,-0.06833
pct_rail_commute & dest_metro_pop_weighted_sum,47,16,-0.06641
pct_rail_commute & dest_metro_pop_weighted_sum,47,17,-0.06453
pct_rail_commute & dest_metro_pop_weighted_sum,47,18,-0.06189
pct_rail_commute & dest_metro_pop_weighted_sum,47,19,-0.05853
pct_rail_commute & dest_metro_pop_weighted_sum,47,20,-0.05593
pct_rail_commute & dest_metro_pop_weighted_sum,47,21,-0.05329
pct_rail_commute & dest_metro_pop_weighted_sum,47,22,-0.04761
pct_rail_commute & dest_metro_pop_weighted_sum,47,23,-0.04655
pct_rail_commute & dest_metro_pop_weighted_sum,47,24,-0.04536
pct_rail_commute & dest_metro_pop_weighted_sum,47,25,-0.04336
pct_rail_commute & dest_metro_pop_weighted_sum,47,26,-0.04067
pct_rail_commute & dest_metro_pop_weighted_sum,47,27,-0.0384
pct_rail_commute & dest_metro_pop_weighted_sum,47,28,-0.03569
pct_rail_commute & dest_metro_pop_weighted_sum,47,29,-0.03461
pct_rail_commute & dest_metro_pop_weighted_sum,47,30,-0.03201
pct_rail_commute & dest_metro_pop_weighted_sum,47,31,-0.03948
pct_rail_commute & dest_metro_pop_weighted_sum,47,32,-0.03828
pct_rail_commute & dest_metro_pop_weighted_sum,47,33,-0.03616
pct_rail_commute & dest_metro_pop_weighted_sum,47,34,-0.03461
pct_rail_commute & dest_metro_pop_weighted_sum,47,35,-0.01777
pct_rail_commute & dest_metro_pop_weighted_sum,47,36,-0.01671
pct_rail_commute & dest_metro_pop_weighted_sum,47,37,-0.01558
pct_rail_commute & dest_metro_pop_weighted_sum,47,38,-0.01486
pct_rail_commute & dest_metro_pop_weighted_sum,47,39,-0.01329
pct_rail_commute & dest_metro_pop_weighted_sum,47,40,-0.01276
pct_rail_commute & dest_metro_pop_weighted_sum,47,41,-0.03575
pct_rail_commute & dest_metro_pop_weighted_sum,47,42,-0.034
pct_rail_commute & dest_metro_pop_weighted_sum,47,43,-0.03292
pct_rail_commute & dest_metro_pop_weighted_sum,47,44,-0.03242
pct_rail_commute & dest_metro_pop_weighted_sum,47,45,-0.03163
pct_rail_commute & dest_metro_pop_weighted_sum,47,46,-0.03009
pct_rail_commute & dest_metro_pop_weighted_sum,47,47,-0.02824
pct_rail_commute & dest_metro_pop_weighted_sum,47,48,-0.02627
pct_rail_commute & dest_metro_pop_weighted_sum,47,49,6e-05
pct_rail_commute & dest_metro_pop_weighted_sum,47,50,0.00132
pct_rail_commute & dest_metro_pop_weighted_sum,47,51,0.00178
pct_rail_commute & dest_metro_pop_weighted_sum,47,52,0.00172
pct_rail_commute & dest_metro_pop_weighted_sum,47,53,0.0018
pct_rail_commute & dest_metro_pop_weighted_sum,47,54,0.00177
pct_rail_commute & dest_metro_pop_weighted_sum,47,55,-0.0067
pct_rail_commute & dest_metro_pop_weighted_sum,47,56,-0.02105
pct_rail_commute & dest_metro_pop_weighted_sum,47,57,-0.02101
pct_rail_commute & dest_metro_pop_weighted_sum,47,58,-0.02031
pct_rail_commute & dest_metro_pop_weighted_sum,47,59,-0.01996
pct_rail_commute & dest_metro_pop_weighted_sum,47,60,-0.02148
pct_rail_commute & dest_metro_pop_weighted_sum,47,61,-0.01995
pct_rail_commute & dest_metro_pop_weighted_sum,48,0,-0.21232
pct_rail_commute & dest_metro_pop_weighted_sum,48,1,-0.21156
pct_rail_commute & dest_metro_pop_weighted_sum,48,2,-0.1846
pct_rail_commute & dest_metro_pop_weighted_sum,48,3,-0.18134
pct_rail_commute & dest_metro_pop_weighted_sum,48,4,-0.17891
pct_rail_commute & dest_metro_pop_weighted_sum,48,5,-0.17882
pct_rail_commute & dest_metro_pop_weighted_sum,48,6,-0.17684
pct_rail_commute & dest_metro_pop_weighted_sum,48,7,-0.1749
pct_rail_commute & dest_metro_pop_weighted_sum,48,8,-0.14439
pct_rail_commute & dest_metro_pop_weighted_sum,48,9,-0.13455
pct_rail_commute & dest_metro_pop_weighted_sum,48,10,-0.13052
pct_rail_commute & dest_metro_pop_weighted_sum,48,11,-0.12897
pct_rail_commute & dest_metro_pop_weighted_sum,48,12,-0.10311
pct_rail_commute & dest_metro_pop_weighted_sum,48,13,-0.07704
pct_rail_commute & dest_metro_pop_weighted_sum,48,14,-0.07495
pct_rail_commute & dest_metro_pop_weighted_sum,48,15,-0.073
pct_rail_commute & dest_metro_pop_weighted_sum,48,16,-0.07108
pct_rail_commute & dest_metro_pop_weighted_sum,48,17,-0.0692
pct_rail_commute & dest_metro_pop_weighted_sum,48,18,-0.06564
pct_rail_commute & dest_metro_pop_weighted_sum,48,19,-0.06208
pct_rail_commute & dest_metro_pop_weighted_sum,48,20,-0.05948
pct_rail_commute & dest_metro_pop_weighted_sum,48,21,-0.0566
pct_rail_commute & dest_metro_pop_weighted_sum,48,22,-0.05092
pct_rail_commute & dest_metro_pop_weighted_sum,48,23,-0.04985
pct_rail_commute & dest_metro_pop_weighted_sum,48,24,-0.04866
pct_rail_commute & dest_metro_pop_weighted_sum,48,25,-0.04667
pct_rail_commute & dest_metro_pop_weighted_sum,48,26,-0.04341
pct_rail_commute & dest_metro_pop_weighted_sum,48,27,-0.04114
pct_rail_commute & dest_metro_pop_weighted_sum,48,28,-0.038
pct_rail_commute & dest_metro_pop_weighted_sum,48,29,-0.03692
pct_rail_commute & dest_metro_pop_weighted_sum,48,30,-0.03393
pct_rail_commute & dest_metro_pop_weighted_sum,48,31,-0.04141
pct_rail_commute & dest_metro_pop_weighted_sum,48,32,-0.04021
pct_rail_commute & dest_metro_pop_weighted_sum,48,33,-0.03808
pct_rail_commute & dest_metro_pop_weighted_sum,48,34,-0.03654
pct_rail_commute & dest_metro_pop_weighted_sum,48,35,-0.01969
pct_rail_commute & dest_metro_pop_weighted_sum,48,36,-0.01863
pct_rail_commute & dest_metro_pop_weighted_sum,48,37,-0.0175
pct_rail_commute & dest_metro_pop_weighted_sum,48,38,-0.01651
pct_rail_commute & dest_metro_pop_weighted_sum,48,39,-0.01483
pct_rail_commute & dest_metro_pop_weighted_sum,48,40,-0.0143
pct_rail_commute & dest_metro_pop_weighted_sum,48,41,-0.03728
pct_rail_commute & dest_metro_pop_weighted_sum,48,42,-0.03554
pct_rail_commute & dest_metro_pop_weighted_sum,48,43,-0.03446
pct_rail_commute & dest_metro_pop_weighted_sum,48,44,-0.03352
pct_rail_commute & dest_metro_pop_weighted_sum,48,45,-0.03222
pct_rail_commute & dest_metro_pop_weighted_sum,48,46,-0.03068
pct_rail_commute & dest_metro_pop_weighted_sum,48,47,-0.02884
pct_rail_commute & dest_metro_pop_weighted_sum,48,48,-0.02686
pct_rail_commute & dest_metro_pop_weighted_sum,48,49,-0.00053
pct_rail_commute & dest_metro_pop_weighted_sum,48,50,0.00073
pct_rail_commute & dest_metro_pop_weighted_sum,48,51,0.00119
pct_rail_commute & dest_metro_pop_weighted_sum,48,52,0.00113
pct_rail_commute & dest_metro_pop_weighted_sum,48,53,0.0012
pct_rail_commute & dest_metro_pop_weighted_sum,48,54,0.00116
pct_rail_commute & dest_metro_pop_weighted_sum,48,55,-0.00731
pct_rail_commute & dest_metro_pop_weighted_sum,48,56,-0.02166
pct_rail_commute & dest_metro_pop_weighted_sum,48,57,-0.02154
pct_rail_commute & dest_metro_pop_weighted_sum,48,58,-0.02083
pct_rail_commute & dest_metro_pop_weighted_sum,48,59,-0.02049
pct_rail_commute & dest_metro_pop_weighted_sum,48,60,-0.01326
pct_rail_commute & dest_metro_pop_weighted_sum,48,61,-0.01173
pct_rail_commute & dest_metro_pop_weighted_sum,49,0,-0.24677
pct_rail_commute & dest_metro_pop_weighted_sum,49,1,-0.24616
pct_rail_commute & dest_metro_pop_weighted_sum,49,2,-0.2192
pct_rail_commute & dest_metro_pop_weighted_sum,49,3,-0.2159
pct_rail_commute & dest_metro_pop_weighted_sum,49,4,-0.21347
pct_rail_commute & dest_metro_pop_weighted_sum,49,5,-0.21209
pct_rail_commute & dest_metro_pop_weighted_sum,49,6,-0.21011
pct_rail_commute & dest_metro_pop_weighted_sum,49,7,-0.20769
pct_rail_commute & dest_metro_pop_weighted_sum,49,8,-0.17718
pct_rail_commute & dest_metro_pop_weighted_sum,49,9,-0.16712
pct_rail_commute & dest_metro_pop_weighted_sum,49,10,-0.16309
pct_rail_commute & dest_metro_pop_weighted_sum,49,11,-0.16155
pct_rail_commute & dest_metro_pop_weighted_sum,49,12,-0.12336
pct_rail_commute & dest_metro_pop_weighted_sum,49,13,-0.08459
pct_rail_commute & dest_metro_pop_weighted_sum,49,14,-0.0825
pct_rail_commute & dest_metro_pop_weighted_sum,49,15,-0.07984
pct_rail_commute & dest_metro_pop_weighted_sum,49,16,-0.07793
pct_rail_commute & dest_metro_pop_weighted_sum,49,17,-0.07605
pct_rail_commute & dest_metro_pop_weighted_sum,49,18,-0.07249
pct_rail_commute & dest_metro_pop_weighted_sum,49,19,-0.06885
pct_rail_commute & dest_metro_pop_weighted_sum,49,20,-0.06625
pct_rail_commute & dest_metro_pop_weighted_sum,49,21,-0.06337
pct_rail_commute & dest_metro_pop_weighted_sum,49,22,-0.05769
pct_rail_commute & dest_metro_pop_weighted_sum,49,23,-0.05663
pct_rail_commute & dest_metro_pop_weighted_sum,49,24,-0.05516
pct_rail_commute & dest_metro_pop_weighted_sum,49,25,-0.05256
pct_rail_commute & dest_metro_pop_weighted_sum,49,26,-0.0493
pct_rail_commute & dest_metro_pop_weighted_sum,49,27,-0.04703
pct_rail_commute & dest_metro_pop_weighted_sum,49,28,-0.04389
pct_rail_commute & dest_metro_pop_weighted_sum,49,29,-0.04258
pct_rail_commute & dest_metro_pop_weighted_sum,49,30,-0.03959
pct_rail_commute & dest_metro_pop_weighted_sum,49,31,-0.04706
pct_rail_commute & dest_metro_pop_weighted_sum,49,32,-0.0456
pct_rail_commute & dest_metro_pop_weighted_sum,49,33,-0.04348
pct_rail_commute & dest_metro_pop_weighted_sum,49,34,-0.04193
pct_rail_commute & dest_metro_pop_weighted_sum,49,35,-0.02509
pct_rail_commute & dest_metro_pop_weighted_sum,49,36,-0.02403
pct_rail_commute & dest_metro_pop_weighted_sum,49,37,-0.0229
pct_rail_commute & dest_metro_pop_weighted_sum,49,38,-0.0219
pct_rail_commute & dest_metro_pop_weighted_sum,49,39,-0.02009
pct_rail_commute & dest_metro_pop_weighted_sum,49,40,-0.01956
pct_rail_commute & dest_metro_pop_weighted_sum,49,41,-0.00896
pct_rail_commute & dest_metro_pop_weighted_sum,49,42,-0.00669
pct_rail_commute & dest_metro_pop_weighted_sum,49,43,-0.00561
pct_rail_commute & dest_metro_pop_weighted_sum,49,44,-0.00467
pct_rail_commute & dest_metro_pop_weighted_sum,49,45,-0.00337
pct_rail_commute & dest_metro_pop_weighted_sum,49,46,-0.00148
pct_rail_commute & dest_metro_pop_weighted_sum,49,47,0.00057
pct_rail_commute & dest_metro_pop_weighted_sum,49,48,0.00254
pct_rail_commute & dest_metro_pop_weighted_sum,49,49,0.04183
pct_rail_commute & dest_metro_pop_weighted_sum,49,50,0.04309
pct_rail_commute & dest_metro_pop_weighted_sum,49,51,0.04355
pct_rail_commute & dest_metro_pop_weighted_sum,49,52,0.04342
pct_rail_commute & dest_metro_pop_weighted_sum,49,53,0.04349
pct_rail_commute & dest_metro_pop_weighted_sum,49,54,0.04345
pct_rail_commute & dest_metro_pop_weighted_sum,49,55,0.03778
pct_rail_commute & dest_metro_pop_weighted_sum,49,56,0.03544
pct_rail_commute & dest_metro_pop_weighted_sum,49,57,0.03557
pct_rail_commute & dest_metro_pop_weighted_sum,49,58,0.03628
pct_rail_commute & dest_metro_pop_weighted_sum,49,59,0.03662
pct_rail_commute & dest_metro_pop_weighted_sum,49,60,0.04385
pct_rail_commute & dest_metro_pop_weighted_sum,49,61,0.04538
pct_rail_commute & dest_metro_pop_weighted_sum,50,0,-0.25078
pct_rail_commute & dest_metro_pop_weighted_sum,50,1,-0.25017
pct_rail_commute & dest_metro_pop_weighted_sum,50,2,-0.2232
pct_rail_commute & dest_metro_pop_weighted_sum,50,3,-0.2199
pct_rail_commute & dest_metro_pop_weighted_sum,50,4,-0.21747
pct_rail_commute & dest_metro_pop_weighted_sum,50,5,-0.2161
pct_rail_commute & dest_metro_pop_weighted_sum,50,6,-0.21412
pct_rail_commute & dest_metro_pop_weighted_sum,50,7,-0.21169
pct_rail_commute & dest_metro_pop_weighted_sum,50,8,-0.18118
pct_rail_commute & dest_metro_pop_weighted_sum,50,9,-0.17113
pct_rail_commute & dest_metro_pop_weighted_sum,50,10,-0.16709
pct_rail_commute & dest_metro_pop_weighted_sum,50,11,-0.16555
pct_rail_commute & dest_metro_pop_weighted_sum,50,12,-0.12736
pct_rail_commute & dest_metro_pop_weighted_sum,50,13,-0.08859
pct_rail_commute & dest_metro_pop_weighted_sum,50,14,-0.08651
pct_rail_commute & dest_metro_pop_weighted_sum,50,15,-0.08385
pct_rail_commute & dest_metro_pop_weighted_sum,50,16,-0.08193
pct_rail_commute & dest_metro_pop_weighted_sum,50,17,-0.08005
pct_rail_commute & dest_metro_pop_weighted_sum,50,18,-0.0765
pct_rail_commute & dest_metro_pop_weighted_sum,50,19,-0.07233
pct_rail_commute & dest_metro_pop_weighted_sum,50,20,-0.06973
pct_rail_commute & dest_metro_pop_weighted_sum,50,21,-0.06685
pct_rail_commute & dest_metro_pop_weighted_sum,50,22,-0.06061
pct_rail_commute & dest_metro_pop_weighted_sum,50,23,-0.05928
pct_rail_commute & dest_metro_pop_weighted_sum,50,24,-0.05781
pct_rail_commute & dest_metro_pop_weighted_sum,50,25,-0.05521
pct_rail_commute & dest_metro_pop_weighted_sum,50,26,-0.05195
pct_rail_commute & dest_metro_pop_weighted_sum,50,27,-0.04968
pct_rail_commute & dest_metro_pop_weighted_sum,50,28,-0.04642
pct_rail_commute & dest_metro_pop_weighted_sum,50,29,-0.04511
pct_rail_commute & dest_metro_pop_weighted_sum,50,30,-0.04212
pct_rail_commute & dest_metro_pop_weighted_sum,50,31,-0.04959
pct_rail_commute & dest_metro_pop_weighted_sum,50,32,-0.04813
pct_rail_commute & dest_metro_pop_weighted_sum,50,33,-0.04601
pct_rail_commute & dest_metro_pop_weighted_sum,50,34,-0.04446
pct_rail_commute & dest_metro_pop_weighted_sum,50,35,-0.02702
pct_rail_commute & dest_metro_pop_weighted_sum,50,36,-0.02596
pct_rail_commute & dest_metro_pop_weighted_sum,50,37,-0.02483
pct_rail_commute & dest_metro_pop_weighted_sum,50,38,-0.02384
pct_rail_commute & dest_metro_pop_weighted_sum,50,39,-0.02202
pct_rail_commute & dest_metro_pop_weighted_sum,50,40,-0.02149
pct_rail_commute & dest_metro_pop_weighted_sum,50,41,-0.01089
pct_rail_commute & dest_metro_pop_weighted_sum,50,42,-0.00757
pct_rail_commute & dest_metro_pop_weighted_sum,50,43,-0.00573
pct_rail_commute & dest_metro_pop_weighted_sum,50,44,-0.00479
pct_rail_commute & dest_metro_pop_weighted_sum,50,45,-0.00338
pct_rail_commute & dest_metro_pop_weighted_sum,50,46,-0.00125
pct_rail_commute & dest_metro_pop_weighted_sum,50,47,0.00139
pct_rail_commute & dest_metro_pop_weighted_sum,50,48,0.0035
pct_rail_commute & dest_metro_pop_weighted_sum,50,49,0.04278
pct_rail_commute & dest_metro_pop_weighted_sum,50,50,0.04404
pct_rail_commute & dest_metro_pop_weighted_sum,50,51,0.0445
pct_rail_commute & dest_metro_pop_weighted_sum,50,52,0.04437
pct_rail_commute & dest_metro_pop_weighted_sum,50,53,0.04445
pct_rail_commute & dest_metro_pop_weighted_sum,50,54,0.0444
pct_rail_commute & dest_metro_pop_weighted_sum,50,55,0.03873
pct_rail_commute & dest_metro_pop_weighted_sum,50,56,0.03639
pct_rail_commute & dest_metro_pop_weighted_sum,50,57,0.03653
pct_rail_commute & dest_metro_pop_weighted_sum,50,58,0.03723
pct_rail_commute & dest_metro_pop_weighted_sum,50,59,0.03758
pct_rail_commute & dest_metro_pop_weighted_sum,50,60,0.0448
pct_rail_commute & dest_metro_pop_weighted_sum,50,61,0.04633
pct_rail_commute & dest_metro_pop_weighted_sum,51,0,-0.2572
pct_rail_commute & dest_metro_pop_weighted_sum,51,1,-0.25667
pct_rail_commute & dest_metro_pop_weighted_sum,51,2,-0.22976
pct_rail_commute & dest_metro_pop_weighted_sum,51,3,-0.22646
pct_rail_commute & dest_metro_pop_weighted_sum,51,4,-0.22403
pct_rail_commute & dest_metro_pop_weighted_sum,51,5,-0.2213
pct_rail_commute & dest_metro_pop_weighted_sum,51,6,-0.21932
pct_rail_commute & dest_metro_pop_weighted_sum,51,7,-0.2164
pct_rail_commute & dest_metro_pop_weighted_sum,51,8,-0.18497
pct_rail_commute & dest_metro_pop_weighted_sum,51,9,-0.17491
pct_rail_commute & dest_metro_pop_weighted_sum,51,10,-0.17088
pct_rail_commute & dest_metro_pop_weighted_sum,51,11,-0.16933
pct_rail_commute & dest_metro_pop_weighted_sum,51,12,-0.13115
pct_rail_commute & dest_metro_pop_weighted_sum,51,13,-0.09237
pct_rail_commute & dest_metro_pop_weighted_sum,51,14,-0.09029
pct_rail_commute & dest_metro_pop_weighted_sum,51,15,-0.08763
pct_rail_commute & dest_metro_pop_weighted_sum,51,16,-0.08553
pct_rail_commute & dest_metro_pop_weighted_sum,51,17,-0.08365
pct_rail_commute & dest_metro_pop_weighted_sum,51,18,-0.0791
pct_rail_commute & dest_metro_pop_weighted_sum,51,19,-0.0746
pct_rail_commute & dest_metro_pop_weighted_sum,51,20,-0.072
pct_rail_commute & dest_metro_pop_weighted_sum,51,21,-0.06912
pct_rail_commute & dest_metro_pop_weighted_sum,51,22,-0.06288
pct_rail_commute & dest_metro_pop_weighted_sum,51,23,-0.06155
pct_rail_commute & dest_metro_pop_weighted_sum,51,24,-0.05995
pct_rail_commute & dest_metro_pop_weighted_sum,51,25,-0.05726
pct_rail_commute & dest_metro_pop_weighted_sum,51,26,-0.05401
pct_rail_commute & dest_metro_pop_weighted_sum,51,27,-0.05153
pct_rail_commute & dest_metro_pop_weighted_sum,51,28,-0.04828
pct_rail_commute & dest_metro_pop_weighted_sum,51,29,-0.04696
pct_rail_commute & dest_metro_pop_weighted_sum,51,30,-0.04397
pct_rail_commute & dest_metro_pop_weighted_sum,51,31,-0.05145
pct_rail_commute & dest_metro_pop_weighted_sum,51,32,-0.04999
pct_rail_commute & dest_metro_pop_weighted_sum,51,33,-0.04786
pct_rail_commute & dest_metro_pop_weighted_sum,51,34,-0.04632
pct_rail_commute & dest_metro_pop_weighted_sum,51,35,-0.02858
pct_rail_commute & dest_metro_pop_weighted_sum,51,36,-0.02752
pct_rail_commute & dest_metro_pop_weighted_sum,51,37,-0.02621
pct_rail_commute & dest_metro_pop_weighted_sum,51,38,-0.02522
pct_rail_commute & dest_metro_pop_weighted_sum,51,39,-0.02341
pct_rail_commute & dest_metro_pop_weighted_sum,51,40,-0.02243
pct_rail_commute & dest_metro_pop_weighted_sum,51,41,-0.01152
pct_rail_commute & dest_metro_pop_weighted_sum,51,42,-0.00802
pct_rail_commute & dest_metro_pop_weighted_sum,51,43,-0.00618
pct_rail_commute & dest_metro_pop_weighted_sum,51,44,-0.00496
pct_rail_commute & dest_metro_pop_weighted_sum,51,45,-0.00354
pct_rail_commute & dest_metro_pop_weighted_sum,51,46,-0.00142
pct_rail_commute & dest_metro_pop_weighted_sum,51,47,0.00122
pct_rail_commute & dest_metro_pop_weighted_sum,51,48,0.00436
pct_rail_commute & dest_metro_pop_weighted_sum,51,49,0.04364
pct_rail_commute & dest_metro_pop_weighted_sum,51,50,0.04495
pct_rail_commute & dest_metro_pop_weighted_sum,51,51,0.04541
pct_rail_commute & dest_metro_pop_weighted_sum,51,52,0.04527
pct_rail_commute & dest_metro_pop_weighted_sum,51,53,0.04529
pct_rail_commute & dest_metro_pop_weighted_sum,51,54,0.04525
pct_rail_commute & dest_metro_pop_weighted_sum,51,55,0.03957
pct_rail_commute & dest_metro_pop_weighted_sum,51,56,0.03714
pct_rail_commute & dest_metro_pop_weighted_sum,51,57,0.03727
pct_rail_commute & dest_metro_pop_weighted_sum,51,58,0.03797
pct_rail_commute & dest_metro_pop_weighted_sum,51,59,0.03832
pct_rail_commute & dest_metro_pop_weighted_sum,51,60,0.04542
pct_rail_commute & dest_metro_pop_weighted_sum,51,61,0.04699
pct_rail_commute & dest_metro_pop_weighted_sum,52,0,-0.26803
pct_rail_commute & dest_metro_pop_weighted_sum,52,1,-0.26751
pct_rail_commute & dest_metro_pop_weighted_sum,52,2,-0.24059
pct_rail_commute & dest_metro_pop_weighted_sum,52,3,-0.23729
pct_rail_commute & dest_metro_pop_weighted_sum,52,4,-0.23484
pct_rail_commute & dest_metro_pop_weighted_sum,52,5,-0.23211
pct_rail_commute & dest_metro_pop_weighted_sum,52,6,-0.23014
pct_rail_commute & dest_metro_pop_weighted_sum,52,7,-0.22722
pct_rail_commute & dest_metro_pop_weighted_sum,52,8,-0.19489
pct_rail_commute & dest_metro_pop_weighted_sum,52,9,-0.18484
pct_rail_commute & dest_metro_pop_weighted_sum,52,10,-0.17961
pct_rail_commute & dest_metro_pop_weighted_sum,52,11,-0.17806
pct_rail_commute & dest_metro_pop_weighted_sum,52,12,-0.13987
pct_rail_commute & dest_metro_pop_weighted_sum,52,13,-0.1003
pct_rail_commute & dest_metro_pop_weighted_sum,52,14,-0.09821
pct_rail_commute & dest_metro_pop_weighted_sum,52,15,-0.09556
pct_rail_commute & dest_metro_pop_weighted_sum,52,16,-0.09345
pct_rail_commute & dest_metro_pop_weighted_sum,52,17,-0.09126
pct_rail_commute & dest_metro_pop_weighted_sum,52,18,-0.08672
pct_rail_commute & dest_metro_pop_weighted_sum,52,19,-0.08222
pct_rail_commute & dest_metro_pop_weighted_sum,52,20,-0.07962
pct_rail_commute & dest_metro_pop_weighted_sum,52,21,-0.07628
pct_rail_commute & dest_metro_pop_weighted_sum,52,22,-0.07004
pct_rail_commute & dest_metro_pop_weighted_sum,52,23,-0.06815
pct_rail_commute & dest_metro_pop_weighted_sum,52,24,-0.06655
pct_rail_commute & dest_metro_pop_weighted_sum,52,25,-0.06386
pct_rail_commute & dest_metro_pop_weighted_sum,52,26,-0.0606
pct_rail_commute & dest_metro_pop_weighted_sum,52,27,-0.05813
pct_rail_commute & dest_metro_pop_weighted_sum,52,28,-0.05439
pct_rail_commute & dest_metro_pop_weighted_sum,52,29,-0.05307
pct_rail_commute & dest_metro_pop_weighted_sum,52,30,-0.05008
pct_rail_commute & dest_metro_pop_weighted_sum,52,31,-0.05735
pct_rail_commute & dest_metro_pop_weighted_sum,52,32,-0.05589
pct_rail_commute & dest_metro_pop_weighted_sum,52,33,-0.05376
pct_rail_commute & dest_metro_pop_weighted_sum,52,34,-0.05222
pct_rail_commute & dest_metro_pop_weighted_sum,52,35,-0.03448
pct_rail_commute & dest_metro_pop_weighted_sum,52,36,-0.03284
pct_rail_commute & dest_metro_pop_weighted_sum,52,37,-0.03153
pct_rail_commute & dest_metro_pop_weighted_sum,52,38,-0.03053
pct_rail_commute & dest_metro_pop_weighted_sum,52,39,-0.02872
pct_rail_commute & dest_metro_pop_weighted_sum,52,40,-0.02775
pct_rail_commute & dest_metro_pop_weighted_sum,52,41,-0.01648
pct_rail_commute & dest_metro_pop_weighted_sum,52,42,-0.01298
pct_rail_commute & dest_metro_pop_weighted_sum,52,43,-0.01114
pct_rail_commute & dest_metro_pop_weighted_sum,52,44,-0.00974
pct_rail_commute & dest_metro_pop_weighted_sum,52,45,-0.00832
pct_rail_commute & dest_metro_pop_weighted_sum,52,46,-0.00619
pct_rail_commute & dest_metro_pop_weighted_sum,52,47,-0.00355
pct_rail_commute & dest_metro_pop_weighted_sum,52,48,0.00022
pct_rail_commute & dest_metro_pop_weighted_sum,52,49,0.04161
pct_rail_commute & dest_metro_pop_weighted_sum,52,50,0.04313
pct_rail_commute & dest_metro_pop_weighted_sum,52,51,0.04369
pct_rail_commute & dest_metro_pop_weighted_sum,52,52,0.04355
pct_rail_commute & dest_metro_pop_weighted_sum,52,53,0.04357
pct_rail_commute & dest_metro_pop_weighted_sum,52,54,0.04353
pct_rail_commute & dest_metro_pop_weighted_sum,52,55,0.03786
pct_rail_commute & dest_metro_pop_weighted_sum,52,56,0.03544
pct_rail_commute & dest_metro_pop_weighted_sum,52,57,0.03557
pct_rail_commute & dest_metro_pop_weighted_sum,52,58,0.03628
pct_rail_commute & dest_metro_pop_weighted_sum,52,59,0.03684
pct_rail_commute & dest_metro_pop_weighted_sum,52,60,0.04704
pct_rail_commute & dest_metro_pop_weighted_sum,52,61,0.04861
pct_rail_commute & dest_metro_pop_weighted_sum,53,0,-0.27507
pct_rail_commute & dest_metro_pop_weighted_sum,53,1,-0.27465
pct_rail_commute & dest_metro_pop_weighted_sum,53,2,-0.24774
pct_rail_commute & dest_metro_pop_weighted_sum,53,3,-0.24444
pct_rail_commute & dest_metro_pop_weighted_sum,53,4,-0.24199
pct_rail_commute & dest_metro_pop_weighted_sum,53,5,-0.23926
pct_rail_commute & dest_metro_pop_weighted_sum,53,6,-0.23619
pct_rail_commute & dest_metro_pop_weighted_sum,53,7,-0.23327
pct_rail_commute & dest_metro_pop_weighted_sum,53,8,-0.20094
pct_rail_commute & dest_metro_pop_weighted_sum,53,9,-0.19056
pct_rail_commute & dest_metro_pop_weighted_sum,53,10,-0.18513
pct_rail_commute & dest_metro_pop_weighted_sum,53,11,-0.18328
pct_rail_commute & dest_metro_pop_weighted_sum,53,12,-0.14391
pct_rail_commute & dest_metro_pop_weighted_sum,53,13,-0.10434
pct_rail_commute & dest_metro_pop_weighted_sum,53,14,-0.10225
pct_rail_commute & dest_metro_pop_weighted_sum,53,15,-0.0991
pct_rail_commute & dest_metro_pop_weighted_sum,53,16,-0.097
pct_rail_commute & dest_metro_pop_weighted_sum,53,17,-0.09475
pct_rail_commute & dest_metro_pop_weighted_sum,53,18,-0.0902
pct_rail_commute & dest_metro_pop_weighted_sum,53,19,-0.0857
pct_rail_commute & dest_metro_pop_weighted_sum,53,20,-0.0831
pct_rail_commute & dest_metro_pop_weighted_sum,53,21,-0.07976
pct_rail_commute & dest_metro_pop_weighted_sum,53,22,-0.07284
pct_rail_commute & dest_metro_pop_weighted_sum,53,23,-0.07095
pct_rail_commute & dest_metro_pop_weighted_sum,53,24,-0.06935
pct_rail_commute & dest_metro_pop_weighted_sum,53,25,-0.06631
pct_rail_commute & dest_metro_pop_weighted_sum,53,26,-0.06258
pct_rail_commute & dest_metro_pop_weighted_sum,53,27,-0.06011
pct_rail_commute & dest_metro_pop_weighted_sum,53,28,-0.05637
pct_rail_commute & dest_metro_pop_weighted_sum,53,29,-0.05484
pct_rail_commute & dest_metro_pop_weighted_sum,53,30,-0.05185
pct_rail_commute & dest_metro_pop_weighted_sum,53,31,-0.05912
pct_rail_commute & dest_metro_pop_weighted_sum,53,32,-0.05739
pct_rail_commute & dest_metro_pop_weighted_sum,53,33,-0.05527
pct_rail_commute & dest_metro_pop_weighted_sum,53,34,-0.05372
pct_rail_commute & dest_metro_pop_weighted_sum,53,35,-0.03599
pct_rail_commute & dest_metro_pop_weighted_sum,53,36,-0.03399
pct_rail_commute & dest_metro_pop_weighted_sum,53,37,-0.03219
pct_rail_commute & dest_metro_pop_weighted_sum,53,38,-0.03119
pct_rail_commute & dest_metro_pop_weighted_sum,53,39,-0.02938
pct_rail_commute & dest_metro_pop_weighted_sum,53,40,-0.02841
pct_rail_commute & dest_metro_pop_weighted_sum,53,41,-0.01663
pct_rail_commute & dest_metro_pop_weighted_sum,53,42,-0.01313
pct_rail_commute & dest_metro_pop_weighted_sum,53,43,-0.01129
pct_rail_commute & dest_metro_pop_weighted_sum,53,44,-0.00904
pct_rail_commute & dest_metro_pop_weighted_sum,53,45,-0.00763
pct_rail_commute & dest_metro_pop_weighted_sum,53,46,-0.0055
pct_rail_commute & dest_metro_pop_weighted_sum,53,47,-0.00252
pct_rail_commute & dest_metro_pop_weighted_sum,53,48,0.00125
pct_rail_commute & dest_metro_pop_weighted_sum,53,49,0.04264
pct_rail_commute & dest_metro_pop_weighted_sum,53,50,0.04416
pct_rail_commute & dest_metro_pop_weighted_sum,53,51,0.04472
pct_rail_commute & dest_metro_pop_weighted_sum,53,52,0.0445
pct_rail_commute & dest_metro_pop_weighted_sum,53,53,0.04452
pct_rail_commute & dest_metro_pop_weighted_sum,53,54,0.04448
pct_rail_commute & dest_metro_pop_weighted_sum,53,55,0.03875
pct_rail_commute & dest_metro_pop_weighted_sum,53,56,0.03625
pct_rail_commute & dest_metro_pop_weighted_sum,53,57,0.03634
pct_rail_commute & dest_metro_pop_weighted_sum,53,58,0.03705
pct_rail_commute & dest_metro_pop_weighted_sum,53,59,0.03761
pct_rail_commute & dest_metro_pop_weighted_sum,53,60,0.04776
pct_rail_commute & dest_metro_pop_weighted_sum,53,61,0.04933
pct_rail_commute & dest_metro_pop_weighted_sum,54,0,-0.26552
pct_rail_commute & dest_metro_pop_weighted_sum,54,1,-0.2651
pct_rail_commute & dest_metro_pop_weighted_sum,54,2,-0.23819
pct_rail_commute & dest_metro_pop_weighted_sum,54,3,-0.23487
pct_rail_commute & dest_metro_pop_weighted_sum,54,4,-0.23242
pct_rail_commute & dest_metro_pop_weighted_sum,54,5,-0.22969
pct_rail_commute & dest_metro_pop_weighted_sum,54,6,-0.22662
pct_rail_commute & dest_metro_pop_weighted_sum,54,7,-0.2237
pct_rail_commute & dest_metro_pop_weighted_sum,54,8,-0.19137
pct_rail_commute & dest_metro_pop_weighted_sum,54,9,-0.18099
pct_rail_commute & dest_metro_pop_weighted_sum,54,10,-0.17556
pct_rail_commute & dest_metro_pop_weighted_sum,54,11,-0.17371
pct_rail_commute & dest_metro_pop_weighted_sum,54,12,-0.13434
pct_rail_commute & dest_metro_pop_weighted_sum,54,13,-0.09477
pct_rail_commute & dest_metro_pop_weighted_sum,54,14,-0.09268
pct_rail_commute & dest_metro_pop_weighted_sum,54,15,-0.08897
pct_rail_commute & dest_metro_pop_weighted_sum,54,16,-0.08686
pct_rail_commute & dest_metro_pop_weighted_sum,54,17,-0.08442
pct_rail_commute & dest_metro_pop_weighted_sum,54,18,-0.07987
pct_rail_commute & dest_metro_pop_weighted_sum,54,19,-0.07473
pct_rail_commute & dest_metro_pop_weighted_sum,54,20,-0.07213
pct_rail_commute & dest_metro_pop_weighted_sum,54,21,-0.06849
pct_rail_commute & dest_metro_pop_weighted_sum,54,22,-0.06157
pct_rail_commute & dest_metro_pop_weighted_sum,54,23,-0.05929
pct_rail_commute & dest_metro_pop_weighted_sum,54,24,-0.05769
pct_rail_commute & dest_metro_pop_weighted_sum,54,25,-0.05465
pct_rail_commute & dest_metro_pop_weighted_sum,54,26,-0.05092
pct_rail_commute & dest_metro_pop_weighted_sum,54,27,-0.04845
pct_rail_commute & dest_metro_pop_weighted_sum,54,28,-0.04445
pct_rail_commute & dest_metro_pop_weighted_sum,54,29,-0.04293
pct_rail_commute & dest_metro_pop_weighted_sum,54,30,-0.03994
pct_rail_commute & dest_metro_pop_weighted_sum,54,31,-0.04721
pct_rail_commute & dest_metro_pop_weighted_sum,54,32,-0.04548
pct_rail_commute & dest_metro_pop_weighted_sum,54,33,-0.04335
pct_rail_commute & dest_metro_pop_weighted_sum,54,34,-0.04181
pct_rail_commute & dest_metro_pop_weighted_sum,54,35,-0.02327
pct_rail_commute & dest_metro_pop_weighted_sum,54,36,-0.02127
pct_rail_commute & dest_metro_pop_weighted_sum,54,37,-0.01947
pct_rail_commute & dest_metro_pop_weighted_sum,54,38,-0.01847
pct_rail_commute & dest_metro_pop_weighted_sum,54,39,-0.01666
pct_rail_commute & dest_metro_pop_weighted_sum,54,40,-0.01569
pct_rail_commute & dest_metro_pop_weighted_sum,54,41,-0.00391
pct_rail_commute & dest_metro_pop_weighted_sum,54,42,-0.00041
pct_rail_commute & dest_metro_pop_weighted_sum,54,43,0.00143
pct_rail_commute & dest_metro_pop_weighted_sum,54,44,0.00368
pct_rail_commute & dest_metro_pop_weighted_sum,54,45,0.00523
pct_rail_commute & dest_metro_pop_weighted_sum,54,46,0.00736
pct_rail_commute & dest_metro_pop_weighted_sum,54,47,0.01033
pct_rail_commute & dest_metro_pop_weighted_sum,54,48,0.01423
pct_rail_commute & dest_metro_pop_weighted_sum,54,49,0.05562
pct_rail_commute & dest_metro_pop_weighted_sum,54,50,0.05719
pct_rail_commute & dest_metro_pop_weighted_sum,54,51,0.05794
pct_rail_commute & dest_metro_pop_weighted_sum,54,52,0.02769
pct_rail_commute & dest_metro_pop_weighted_sum,54,53,0.02771
pct_rail_commute & dest_metro_pop_weighted_sum,54,54,0.02767
pct_rail_commute & dest_metro_pop_weighted_sum,54,55,0.02194
pct_rail_commute & dest_metro_pop_weighted_sum,54,56,0.01934
pct_rail_commute & dest_metro_pop_weighted_sum,54,57,0.01943
pct_rail_commute & dest_metro_pop_weighted_sum,54,58,0.02009
pct_rail_commute & dest_metro_pop_weighted_sum,54,59,0.02065
pct_rail_commute & dest_metro_pop_weighted_sum,54,60,0.03081
pct_rail_commute & dest_metro_pop_weighted_sum,54,61,0.03238
pct_rail_commute & dest_metro_pop_weighted_sum,55,0,-0.27124
pct_rail_commute & dest_metro_pop_weighted_sum,55,1,-0.27082
pct_rail_commute & dest_metro_pop_weighted_sum,55,2,-0.24395
pct_rail_commute & dest_metro_pop_weighted_sum,55,3,-0.24063
pct_rail_commute & dest_metro_pop_weighted_sum,55,4,-0.23818
pct_rail_commute & dest_metro_pop_weighted_sum,55,5,-0.23545
pct_rail_commute & dest_metro_pop_weighted_sum,55,6,-0.23238
pct_rail_commute & dest_metro_pop_weighted_sum,55,7,-0.22946
pct_rail_commute & dest_metro_pop_weighted_sum,55,8,-0.19536
pct_rail_commute & dest_metro_pop_weighted_sum,55,9,-0.18498
pct_rail_commute & dest_metro_pop_weighted_sum,55,10,-0.17954
pct_rail_commute & dest_metro_pop_weighted_sum,55,11,-0.17647
pct_rail_commute & dest_metro_pop_weighted_sum,55,12,-0.1371
pct_rail_commute & dest_metro_pop_weighted_sum,55,13,-0.09753
pct_rail_commute & dest_metro_pop_weighted_sum,55,14,-0.09544
pct_rail_commute & dest_metro_pop_weighted_sum,55,15,-0.09173
pct_rail_commute & dest_metro_pop_weighted_sum,55,16,-0.08962
pct_rail_commute & dest_metro_pop_weighted_sum,55,17,-0.08718
pct_rail_commute & dest_metro_pop_weighted_sum,55,18,-0.08242
pct_rail_commute & dest_metro_pop_weighted_sum,55,19,-0.07729
pct_rail_commute & dest_metro_pop_weighted_sum,55,20,-0.07456
pct_rail_commute & dest_metro_pop_weighted_sum,55,21,-0.07092
pct_rail_commute & dest_metro_pop_weighted_sum,55,22,-0.064
pct_rail_commute & dest_metro_pop_weighted_sum,55,23,-0.06129
pct_rail_commute & dest_metro_pop_weighted_sum,55,24,-0.05969
pct_rail_commute & dest_metro_pop_weighted_sum,55,25,-0.05664
pct_rail_commute & dest_metro_pop_weighted_sum,55,26,-0.05292
pct_rail_commute & dest_metro_pop_weighted_sum,55,27,-0.05044
pct_rail_commute & dest_metro_pop_weighted_sum,55,28,-0.04601
pct_rail_commute & dest_metro_pop_weighted_sum,55,29,-0.04448
pct_rail_commute & dest_metro_pop_weighted_sum,55,30,-0.0415
pct_rail_commute & dest_metro_pop_weighted_sum,55,31,-0.04876
pct_rail_commute & dest_metro_pop_weighted_sum,55,32,-0.04615
pct_rail_commute & dest_metro_pop_weighted_sum,55,33,-0.04403
pct_rail_commute & dest_metro_pop_weighted_sum,55,34,-0.04248
pct_rail_commute & dest_metro_pop_weighted_sum,55,35,-0.02394
pct_rail_commute & dest_metro_pop_weighted_sum,55,36,-0.02195
pct_rail_commute & dest_metro_pop_weighted_sum,55,37,-0.0199
pct_rail_commute & dest_metro_pop_weighted_sum,55,38,-0.0189
pct_rail_commute & dest_metro_pop_weighted_sum,55,39,-0.01709
pct_rail_commute & dest_metro_pop_weighted_sum,55,40,-0.01612
pct_rail_commute & dest_metro_pop_weighted_sum,55,41,-0.00434
pct_rail_commute & dest_metro_pop_weighted_sum,55,42,-0.00084
pct_rail_commute & dest_metro_pop_weighted_sum,55,43,0.00145
pct_rail_commute & dest_metro_pop_weighted_sum,55,44,0.00369
pct_rail_commute & dest_metro_pop_weighted_sum,55,45,0.00556
pct_rail_commute & dest_metro_pop_weighted_sum,55,46,0.00769
pct_rail_commute & dest_metro_pop_weighted_sum,55,47,0.01066
pct_rail_commute & dest_metro_pop_weighted_sum,55,48,0.01456
pct_rail_commute & dest_metro_pop_weighted_sum,55,49,0.05595
pct_rail_commute & dest_metro_pop_weighted_sum,55,50,0.05752
pct_rail_commute & dest_metro_pop_weighted_sum,55,51,0.05837
pct_rail_commute & dest_metro_pop_weighted_sum,55,52,0.02812
pct_rail_commute & dest_metro_pop_weighted_sum,55,53,0.0281
pct_rail_commute & dest_metro_pop_weighted_sum,55,54,0.02806
pct_rail_commute & dest_metro_pop_weighted_sum,55,55,0.02202
pct_rail_commute & dest_metro_pop_weighted_sum,55,56,0.01941
pct_rail_commute & dest_metro_pop_weighted_sum,55,57,0.01951
pct_rail_commute & dest_metro_pop_weighted_sum,55,58,0.02017
pct_rail_commute & dest_metro_pop_weighted_sum,55,59,0.0207
pct_rail_commute & dest_metro_pop_weighted_sum,55,60,0.03086
pct_rail_commute & dest_metro_pop_weighted_sum,55,61,0.03239
pct_rail_commute & dest_metro_pop_weighted_sum,56,0,-0.28348
pct_rail_commute & dest_metro_pop_weighted_sum,56,1,-0.28306
pct_rail_commute & dest_metro_pop_weighted_sum,56,2,-0.25619
pct_rail_commute & dest_metro_pop_weighted_sum,56,3,-0.25287
pct_rail_commute & dest_metro_pop_weighted_sum,56,4,-0.25042
pct_rail_commute & dest_metro_pop_weighted_sum,56,5,-0.24673
pct_rail_commute & dest_metro_pop_weighted_sum,56,6,-0.24365
pct_rail_commute & dest_metro_pop_weighted_sum,56,7,-0.23892
pct_rail_commute & dest_metro_pop_weighted_sum,56,8,-0.20482
pct_rail_commute & dest_metro_pop_weighted_sum,56,9,-0.19444
pct_rail_commute & dest_metro_pop_weighted_sum,56,10,-0.18901
pct_rail_commute & dest_metro_pop_weighted_sum,56,11,-0.18593
pct_rail_commute & dest_metro_pop_weighted_sum,56,12,-0.14657
pct_rail_commute & dest_metro_pop_weighted_sum,56,13,-0.10699
pct_rail_commute & dest_metro_pop_weighted_sum,56,14,-0.10491
pct_rail_commute & dest_metro_pop_weighted_sum,56,15,-0.10119
pct_rail_commute & dest_metro_pop_weighted_sum,56,16,-0.09908
pct_rail_commute & dest_metro_pop_weighted_sum,56,17,-0.09651
pct_rail_commute & dest_metro_pop_weighted_sum,56,18,-0.09176
pct_rail_commute & dest_metro_pop_weighted_sum,56,19,-0.08662
pct_rail_commute & dest_metro_pop_weighted_sum,56,20,-0.08362
pct_rail_commute & dest_metro_pop_weighted_sum,56,21,-0.07998
pct_rail_commute & dest_metro_pop_weighted_sum,56,22,-0.07306
pct_rail_commute & dest_metro_pop_weighted_sum,56,23,-0.07035
pct_rail_commute & dest_metro_pop_weighted_sum,56,24,-0.06803
pct_rail_commute & dest_metro_pop_weighted_sum,56,25,-0.0646
pct_rail_commute & dest_metro_pop_weighted_sum,56,26,-0.06056
pct_rail_commute & dest_metro_pop_weighted_sum,56,27,-0.05788
pct_rail_commute & dest_metro_pop_weighted_sum,56,28,-0.05316
pct_rail_commute & dest_metro_pop_weighted_sum,56,29,-0.05164
pct_rail_commute & dest_metro_pop_weighted_sum,56,30,-0.04865
pct_rail_commute & dest_metro_pop_weighted_sum,56,31,-0.05573
pct_rail_commute & dest_metro_pop_weighted_sum,56,32,-0.05311
pct_rail_commute & dest_metro_pop_weighted_sum,56,33,-0.05099
pct_rail_commute & dest_metro_pop_weighted_sum,56,34,-0.04944
pct_rail_commute & dest_metro_pop_weighted_sum,56,35,-0.0309
pct_rail_commute & dest_metro_pop_weighted_sum,56,36,-0.02891
pct_rail_commute & dest_metro_pop_weighted_sum,56,37,-0.02647
pct_rail_commute & dest_metro_pop_weighted_sum,56,38,-0.02548
pct_rail_commute & dest_metro_pop_weighted_sum,56,39,-0.02366
pct_rail_commute & dest_metro_pop_weighted_sum,56,40,-0.02269
pct_rail_commute & dest_metro_pop_weighted_sum,56,41,-0.00963
pct_rail_commute & dest_metro_pop_weighted_sum,56,42,-0.00457
pct_rail_commute & dest_metro_pop_weighted_sum,56,43,-0.00228
pct_rail_commute & dest_metro_pop_weighted_sum,56,44,0.00019
pct_rail_commute & dest_metro_pop_weighted_sum,56,45,0.00232
pct_rail_commute & dest_metro_pop_weighted_sum,56,46,0.00495
pct_rail_commute & dest_metro_pop_weighted_sum,56,47,0.00817
pct_rail_commute & dest_metro_pop_weighted_sum,56,48,0.01216
pct_rail_commute & dest_metro_pop_weighted_sum,56,49,0.05624
pct_rail_commute & dest_metro_pop_weighted_sum,56,50,0.05781
pct_rail_commute & dest_metro_pop_weighted_sum,56,51,0.05866
pct_rail_commute & dest_metro_pop_weighted_sum,56,52,0.02841
pct_rail_commute & dest_metro_pop_weighted_sum,56,53,0.02839
pct_rail_commute & dest_metro_pop_weighted_sum,56,54,0.02835
pct_rail_commute & dest_metro_pop_weighted_sum,56,55,0.02231
pct_rail_commute & dest_metro_pop_weighted_sum,56,56,0.01971
pct_rail_commute & dest_metro_pop_weighted_sum,56,57,0.0198
pct_rail_commute & dest_metro_pop_weighted_sum,56,58,0.02046
pct_rail_commute & dest_metro_pop_weighted_sum,56,59,0.02099
pct_rail_commute & dest_metro_pop_weighted_sum,56,60,0.03096
pct_rail_commute & dest_metro_pop_weighted_sum,56,61,0.03249
pct_rail_commute & dest_metro_pop_weighted_sum,57,0,-0.28844
pct_rail_commute & dest_metro_pop_weighted_sum,57,1,-0.28802
pct_rail_commute & dest_metro_pop_weighted_sum,57,2,-0.26115
pct_rail_commute & dest_metro_pop_weighted_sum,57,3,-0.25783
pct_rail_commute & dest_metro_pop_weighted_sum,57,4,-0.25538
pct_rail_commute & dest_metro_pop_weighted_sum,57,5,-0.25169
pct_rail_commute & dest_metro_pop_weighted_sum,57,6,-0.24861
pct_rail_commute & dest_metro_pop_weighted_sum,57,7,-0.24263
pct_rail_commute & dest_metro_pop_weighted_sum,57,8,-0.20803
pct_rail_commute & dest_metro_pop_weighted_sum,57,9,-0.19661
pct_rail_commute & dest_metro_pop_weighted_sum,57,10,-0.19117
pct_rail_commute & dest_metro_pop_weighted_sum,57,11,-0.1881
pct_rail_commute & dest_metro_pop_weighted_sum,57,12,-0.14841
pct_rail_commute & dest_metro_pop_weighted_sum,57,13,-0.10884
pct_rail_commute & dest_metro_pop_weighted_sum,57,14,-0.10675
pct_rail_commute & dest_metro_pop_weighted_sum,57,15,-0.10304
pct_rail_commute & dest_metro_pop_weighted_sum,57,16,-0.10074
pct_rail_commute & dest_metro_pop_weighted_sum,57,17,-0.09816
pct_rail_commute & dest_metro_pop_weighted_sum,57,18,-0.0934
pct_rail_commute & dest_metro_pop_weighted_sum,57,19,-0.08812
pct_rail_commute & dest_metro_pop_weighted_sum,57,20,-0.08512
pct_rail_commute & dest_metro_pop_weighted_sum,57,21,-0.08106
pct_rail_commute & dest_metro_pop_weighted_sum,57,22,-0.07414
pct_rail_commute & dest_metro_pop_weighted_sum,57,23,-0.07082
pct_rail_commute & dest_metro_pop_weighted_sum,57,24,-0.0685
pct_rail_commute & dest_metro_pop_weighted_sum,57,25,-0.06508
pct_rail_commute & dest_metro_pop_weighted_sum,57,26,-0.06092
pct_rail_commute & dest_metro_pop_weighted_sum,57,27,-0.05824
pct_rail_commute & dest_metro_pop_weighted_sum,57,28,-0.05352
pct_rail_commute & dest_metro_pop_weighted_sum,57,29,-0.052
pct_rail_commute & dest_metro_pop_weighted_sum,57,30,-0.04901
pct_rail_commute & dest_metro_pop_weighted_sum,57,31,-0.05583
pct_rail_commute & dest_metro_pop_weighted_sum,57,32,-0.05321
pct_rail_commute & dest_metro_pop_weighted_sum,57,33,-0.05095
pct_rail_commute & dest_metro_pop_weighted_sum,57,34,-0.0494
pct_rail_commute & dest_metro_pop_weighted_sum,57,35,-0.03086
pct_rail_commute & dest_metro_pop_weighted_sum,57,36,-0.02887
pct_rail_commute & dest_metro_pop_weighted_sum,57,37,-0.02643
pct_rail_commute & dest_metro_pop_weighted_sum,57,38,-0.02543
pct_rail_commute & dest_metro_pop_weighted_sum,57,39,-0.02362
pct_rail_commute & dest_metro_pop_weighted_sum,57,40,-0.02265
pct_rail_commute & dest_metro_pop_weighted_sum,57,41,-0.00951
pct_rail_commute & dest_metro_pop_weighted_sum,57,42,-0.00445
pct_rail_commute & dest_metro_pop_weighted_sum,57,43,-0.00216
pct_rail_commute & dest_metro_pop_weighted_sum,57,44,0.00047
pct_rail_commute & dest_metro_pop_weighted_sum,57,45,0.0026
pct_rail_commute & dest_metro_pop_weighted_sum,57,46,0.00538
pct_rail_commute & dest_metro_pop_weighted_sum,57,47,0.0086
pct_rail_commute & dest_metro_pop_weighted_sum,57,48,0.01281
pct_rail_commute & dest_metro_pop_weighted_sum,57,49,0.05689
pct_rail_commute & dest_metro_pop_weighted_sum,57,50,0.05846
pct_rail_commute & dest_metro_pop_weighted_sum,57,51,0.05931
pct_rail_commute & dest_metro_pop_weighted_sum,57,52,0.02904
pct_rail_commute & dest_metro_pop_weighted_sum,57,53,0.02903
pct_rail_commute & dest_metro_pop_weighted_sum,57,54,0.02898
pct_rail_commute & dest_metro_pop_weighted_sum,57,55,0.02294
pct_rail_commute & dest_metro_pop_weighted_sum,57,56,0.02034
pct_rail_commute & dest_metro_pop_weighted_sum,57,57,0.02029
pct_rail_commute & dest_metro_pop_weighted_sum,57,58,0.02095
pct_rail_commute & dest_metro_pop_weighted_sum,57,59,0.02148
pct_rail_commute & dest_metro_pop_weighted_sum,57,60,0.03145
pct_rail_commute & dest_metro_pop_weighted_sum,57,61,0.03298
pct_rail_commute & dest_metro_pop_weighted_sum,58,0,-0.27634
pct_rail_commute & dest_metro_pop_weighted_sum,58,1,-0.27592
pct_rail_commute & dest_metro_pop_weighted_sum,58,2,-0.24904
pct_rail_commute & dest_metro_pop_weighted_sum,58,3,-0.24571
pct_rail_commute & dest_metro_pop_weighted_sum,58,4,-0.24326
pct_rail_commute & dest_metro_pop_weighted_sum,58,5,-0.23957
pct_rail_commute & dest_metro_pop_weighted_sum,58,6,-0.23649
pct_rail_commute & dest_metro_pop_weighted_sum,58,7,-0.23051
pct_rail_commute & dest_metro_pop_weighted_sum,58,8,-0.19591
pct_rail_commute & dest_metro_pop_weighted_sum,58,9,-0.18421
pct_rail_commute & dest_metro_pop_weighted_sum,58,10,-0.17877
pct_rail_commute & dest_metro_pop_weighted_sum,58,11,-0.1757
pct_rail_commute & dest_metro_pop_weighted_sum,58,12,-0.13601
pct_rail_commute & dest_metro_pop_weighted_sum,58,13,-0.09621
pct_rail_commute & dest_metro_pop_weighted_sum,58,14,-0.09413
pct_rail_commute & dest_metro_pop_weighted_sum,58,15,-0.09041
pct_rail_commute & dest_metro_pop_weighted_sum,58,16,-0.08811
pct_rail_commute & dest_metro_pop_weighted_sum,58,17,-0.08554
pct_rail_commute & dest_metro_pop_weighted_sum,58,18,-0.08077
pct_rail_commute & dest_metro_pop_weighted_sum,58,19,-0.0755
pct_rail_commute & dest_metro_pop_weighted_sum,58,20,-0.07227
pct_rail_commute & dest_metro_pop_weighted_sum,58,21,-0.0682
pct_rail_commute & dest_metro_pop_weighted_sum,58,22,-0.06128
pct_rail_commute & dest_metro_pop_weighted_sum,58,23,-0.05767
pct_rail_commute & dest_metro_pop_weighted_sum,58,24,-0.05535
pct_rail_commute & dest_metro_pop_weighted_sum,58,25,-0.05192
pct_rail_commute & dest_metro_pop_weighted_sum,58,26,-0.04777
pct_rail_commute & dest_metro_pop_weighted_sum,58,27,-0.04509
pct_rail_commute & dest_metro_pop_weighted_sum,58,28,-0.04037
pct_rail_commute & dest_metro_pop_weighted_sum,58,29,-0.03885
pct_rail_commute & dest_metro_pop_weighted_sum,58,30,-0.03585
pct_rail_commute & dest_metro_pop_weighted_sum,58,31,-0.04267
pct_rail_commute & dest_metro_pop_weighted_sum,58,32,-0.04006
pct_rail_commute & dest_metro_pop_weighted_sum,58,33,-0.03779
pct_rail_commute & dest_metro_pop_weighted_sum,58,34,-0.03624
pct_rail_commute & dest_metro_pop_weighted_sum,58,35,-0.01732
pct_rail_commute & dest_metro_pop_weighted_sum,58,36,-0.01533
pct_rail_commute & dest_metro_pop_weighted_sum,58,37,-0.01272
pct_rail_commute & dest_metro_pop_weighted_sum,58,38,-0.01172
pct_rail_commute & dest_metro_pop_weighted_sum,58,39,-0.00991
pct_rail_commute & dest_metro_pop_weighted_sum,58,40,-0.00894
pct_rail_commute & dest_metro_pop_weighted_sum,58,41,0.0042
pct_rail_commute & dest_metro_pop_weighted_sum,58,42,0.00926
pct_rail_commute & dest_metro_pop_weighted_sum,58,43,0.01155
pct_rail_commute & dest_metro_pop_weighted_sum,58,44,0.01418
pct_rail_commute & dest_metro_pop_weighted_sum,58,45,0.01631
pct_rail_commute & dest_metro_pop_weighted_sum,58,46,0.01909
pct_rail_commute & dest_metro_pop_weighted_sum,58,47,0.02242
pct_rail_commute & dest_metro_pop_weighted_sum,58,48,0.02663
pct_rail_commute & dest_metro_pop_weighted_sum,58,49,0.07071
pct_rail_commute & dest_metro_pop_weighted_sum,58,50,0.07228
pct_rail_commute & dest_metro_pop_weighted_sum,58,51,0.07313
pct_rail_commute & dest_metro_pop_weighted_sum,58,52,0.04255
pct_rail_commute & dest_metro_pop_weighted_sum,58,53,0.04058
pct_rail_commute & dest_metro_pop_weighted_sum,58,54,0.0305
pct_rail_commute & dest_metro_pop_weighted_sum,58,55,0.02229
pct_rail_commute & dest_metro_pop_weighted_sum,58,56,0.0189
pct_rail_commute & dest_metro_pop_weighted_sum,58,57,0.01865
pct_rail_commute & dest_metro_pop_weighted_sum,58,58,0.01931
pct_rail_commute & dest_metro_pop_weighted_sum,58,59,0.01984
pct_rail_commute & dest_metro_pop_weighted_sum,58,60,0.02981
pct_rail_commute & dest_metro_pop_weighted_sum,58,61,0.02675
pct_rail_commute & dest_metro_pop_weighted_sum,59,0,-0.27784
pct_rail_commute & dest_metro_pop_weighted_sum,59,1,-0.27742
pct_rail_commute & dest_metro_pop_weighted_sum,59,2,-0.25054
pct_rail_commute & dest_metro_pop_weighted_sum,59,3,-0.24721
pct_rail_commute & dest_metro_pop_weighted_sum,59,4,-0.24476
pct_rail_commute & dest_metro_pop_weighted_sum,59,5,-0.24103
pct_rail_commute & dest_metro_pop_weighted_sum,59,6,-0.23796
pct_rail_commute & dest_metro_pop_weighted_sum,59,7,-0.23198
pct_rail_commute & dest_metro_pop_weighted_sum,59,8,-0.1976
pct_rail_commute & dest_metro_pop_weighted_sum,59,9,-0.1859
pct_rail_commute & dest_metro_pop_weighted_sum,59,10,-0.18046
pct_rail_commute & dest_metro_pop_weighted_sum,59,11,-0.17739
pct_rail_commute & dest_metro_pop_weighted_sum,59,12,-0.1377
pct_rail_commute & dest_metro_pop_weighted_sum,59,13,-0.0979
pct_rail_commute & dest_metro_pop_weighted_sum,59,14,-0.09582
pct_rail_commute & dest_metro_pop_weighted_sum,59,15,-0.0921
pct_rail_commute & dest_metro_pop_weighted_sum,59,16,-0.0898
pct_rail_commute & dest_metro_pop_weighted_sum,59,17,-0.08723
pct_rail_commute & dest_metro_pop_weighted_sum,59,18,-0.08246
pct_rail_commute & dest_metro_pop_weighted_sum,59,19,-0.07719
pct_rail_commute & dest_metro_pop_weighted_sum,59,20,-0.07396
pct_rail_commute & dest_metro_pop_weighted_sum,59,21,-0.06989
pct_rail_commute & dest_metro_pop_weighted_sum,59,22,-0.06297
pct_rail_commute & dest_metro_pop_weighted_sum,59,23,-0.05936
pct_rail_commute & dest_metro_pop_weighted_sum,59,24,-0.05704
pct_rail_commute & dest_metro_pop_weighted_sum,59,25,-0.0537
pct_rail_commute & dest_metro_pop_weighted_sum,59,26,-0.04955
pct_rail_commute & dest_metro_pop_weighted_sum,59,27,-0.04684
pct_rail_commute & dest_metro_pop_weighted_sum,59,28,-0.04212
pct_rail_commute & dest_metro_pop_weighted_sum,59,29,-0.0406
pct_rail_commute & dest_metro_pop_weighted_sum,59,30,-0.03761
pct_rail_commute & dest_metro_pop_weighted_sum,59,31,-0.04413
pct_rail_commute & dest_metro_pop_weighted_sum,59,32,-0.04152
pct_rail_commute & dest_metro_pop_weighted_sum,59,33,-0.03922
pct_rail_commute & dest_metro_pop_weighted_sum,59,34,-0.03768
pct_rail_commute & dest_metro_pop_weighted_sum,59,35,-0.01872
pct_rail_commute & dest_metro_pop_weighted_sum,59,36,-0.01673
pct_rail_commute & dest_metro_pop_weighted_sum,59,37,-0.01412
pct_rail_commute & dest_metro_pop_weighted_sum,59,38,-0.01312
pct_rail_commute & dest_metro_pop_weighted_sum,59,39,-0.01118
pct_rail_commute & dest_metro_pop_weighted_sum,59,40,-0.01021
pct_rail_commute & dest_metro_pop_weighted_sum,59,41,0.00319
pct_rail_commute & dest_metro_pop_weighted_sum,59,42,0.0084
pct_rail_commute & dest_metro_pop_weighted_sum,59,43,0.01069
pct_rail_commute & dest_metro_pop_weighted_sum,59,44,0.01332
pct_rail_commute & dest_metro_pop_weighted_sum,59,45,0.01545
pct_rail_commute & dest_metro_pop_weighted_sum,59,46,0.0185
pct_rail_commute & dest_metro_pop_weighted_sum,59,47,0.02174
pct_rail_commute & dest_metro_pop_weighted_sum,59,48,0.02596
pct_rail_commute & dest_metro_pop_weighted_sum,59,49,0.07003
pct_rail_commute & dest_metro_pop_weighted_sum,59,50,0.0716
pct_rail_commute & dest_metro_pop_weighted_sum,59,51,0.07246
pct_rail_commute & dest_metro_pop_weighted_sum,59,52,0.04183
pct_rail_commute & dest_metro_pop_weighted_sum,59,53,0.03985
pct_rail_commute & dest_metro_pop_weighted_sum,59,54,0.02977
pct_rail_commute & dest_metro_pop_weighted_sum,59,55,0.02157
pct_rail_commute & dest_metro_pop_weighted_sum,59,56,0.01817
pct_rail_commute & dest_metro_pop_weighted_sum,59,57,0.01792
pct_rail_commute & dest_metro_pop_weighted_sum,59,58,0.018
pct_rail_commute & dest_metro_pop_weighted_sum,59,59,0.01843
pct_rail_commute & dest_metro_pop_weighted_sum,59,60,0.0284
pct_rail_commute & dest_metro_pop_weighted_sum,59,61,0.02534
pct_rail_commute & dest_metro_pop_weighted_sum,60,0,-0.33102
pct_rail_commute & dest_metro_pop_weighted_sum,60,1,-0.3306
pct_rail_commute & dest_metro_pop_weighted_sum,60,2,-0.32032
pct_rail_commute & dest_metro_pop_weighted_sum,60,3,-0.31706
pct_rail_commute & dest_metro_pop_weighted_sum,60,4,-0.31464
pct_rail_commute & dest_metro_pop_weighted_sum,60,5,-0.31091
pct_rail_commute & dest_metro_pop_weighted_sum,60,6,-0.30784
pct_rail_commute & dest_metro_pop_weighted_sum,60,7,-0.30186
pct_rail_commute & dest_metro_pop_weighted_sum,60,8,-0.26748
pct_rail_commute & dest_metro_pop_weighted_sum,60,9,-0.25618
pct_rail_commute & dest_metro_pop_weighted_sum,60,10,-0.25074
pct_rail_commute & dest_metro_pop_weighted_sum,60,11,-0.24767
pct_rail_commute & dest_metro_pop_weighted_sum,60,12,-0.20798
pct_rail_commute & dest_metro_pop_weighted_sum,60,13,-0.1682
pct_rail_commute & dest_metro_pop_weighted_sum,60,14,-0.16611
pct_rail_commute & dest_metro_pop_weighted_sum,60,15,-0.16275
pct_rail_commute & dest_metro_pop_weighted_sum,60,16,-0.16046
pct_rail_commute & dest_metro_pop_weighted_sum,60,17,-0.15801
pct_rail_commute & dest_metro_pop_weighted_sum,60,18,-0.15325
pct_rail_commute & dest_metro_pop_weighted_sum,60,19,-0.14817
pct_rail_commute & dest_metro_pop_weighted_sum,60,20,-0.14498
pct_rail_commute & dest_metro_pop_weighted_sum,60,21,-0.14104
pct_rail_commute & dest_metro_pop_weighted_sum,60,22,-0.13412
pct_rail_commute & dest_metro_pop_weighted_sum,60,23,-0.13045
pct_rail_commute & dest_metro_pop_weighted_sum,60,24,-0.12814
pct_rail_commute & dest_metro_pop_weighted_sum,60,25,-0.12467
pct_rail_commute & dest_metro_pop_weighted_sum,60,26,-0.12052
pct_rail_commute & dest_metro_pop_weighted_sum,60,27,-0.11781
pct_rail_commute & dest_metro_pop_weighted_sum,60,28,-0.11309
pct_rail_commute & dest_metro_pop_weighted_sum,60,29,-0.11157
pct_rail_commute & dest_metro_pop_weighted_sum,60,30,-0.10858
pct_rail_commute & dest_metro_pop_weighted_sum,60,31,-0.1151
pct_rail_commute & dest_metro_pop_weighted_sum,60,32,-0.11249
pct_rail_commute & dest_metro_pop_weighted_sum,60,33,-0.11017
pct_rail_commute & dest_metro_pop_weighted_sum,60,34,-0.10863
pct_rail_commute & dest_metro_pop_weighted_sum,60,35,-0.08967
pct_rail_commute & dest_metro_pop_weighted_sum,60,36,-0.08768
pct_rail_commute & dest_metro_pop_weighted_sum,60,37,-0.08507
pct_rail_commute & dest_metro_pop_weighted_sum,60,38,-0.08407
pct_rail_commute & dest_metro_pop_weighted_sum,60,39,-0.08213
pct_rail_commute & dest_metro_pop_weighted_sum,60,40,-0.0812
pct_rail_commute & dest_metro_pop_weighted_sum,60,41,-0.06781
pct_rail_commute & dest_metro_pop_weighted_sum,60,42,-0.06272
pct_rail_commute & dest_metro_pop_weighted_sum,60,43,-0.06037
pct_rail_commute & dest_metro_pop_weighted_sum,60,44,-0.05774
pct_rail_commute & dest_metro_pop_weighted_sum,60,45,-0.05561
pct_rail_commute & dest_metro_pop_weighted_sum,60,46,-0.05255
pct_rail_commute & dest_metro_pop_weighted_sum,60,47,-0.04946
pct_rail_commute & dest_metro_pop_weighted_sum,60,48,-0.04525
pct_rail_commute & dest_metro_pop_weighted_sum,60,49,-0.02201
pct_rail_commute & dest_metro_pop_weighted_sum,60,50,-0.02036
pct_rail_commute & dest_metro_pop_weighted_sum,60,51,-0.01951
pct_rail_commute & dest_metro_pop_weighted_sum,60,52,-0.05014
pct_rail_commute & dest_metro_pop_weighted_sum,60,53,-0.05201
pct_rail_commute & dest_metro_pop_weighted_sum,60,54,-0.06209
pct_rail_commute & dest_metro_pop_weighted_sum,60,55,-0.0703
pct_rail_commute & dest_metro_pop_weighted_sum,60,56,-0.07369
pct_rail_commute & dest_metro_pop_weighted_sum,60,57,-0.07407
pct_rail_commute & dest_metro_pop_weighted_sum,60,58,-0.07399
pct_rail_commute & dest_metro_pop_weighted_sum,60,59,-0.07371
pct_rail_commute & dest_metro_pop_weighted_sum,60,60,-0.06374
pct_rail_commute & dest_metro_pop_weighted_sum,60,61,-0.06673
pct_rail_commute & dest_metro_pop_weighted_sum,61,0,-0.33072
pct_rail_commute & dest_metro_pop_weighted_sum,61,1,-0.3303
pct_rail_commute & dest_metro_pop_weighted_sum,61,2,-0.32605
pct_rail_commute & dest_metro_pop_weighted_sum,61,3,-0.32279
pct_rail_commute & dest_metro_pop_weighted_sum,61,4,-0.32035
pct_rail_commute & dest_metro_pop_weighted_sum,61,5,-0.31661
pct_rail_commute & dest_metro_pop_weighted_sum,61,6,-0.31354
pct_rail_commute & dest_metro_pop_weighted_sum,61,7,-0.30756
pct_rail_commute & dest_metro_pop_weighted_sum,61,8,-0.27319
pct_rail_commute & dest_metro_pop_weighted_sum,61,9,-0.26188
pct_rail_commute & dest_metro_pop_weighted_sum,61,10,-0.25645
pct_rail_commute & dest_metro_pop_weighted_sum,61,11,-0.25337
pct_rail_commute & dest_metro_pop_weighted_sum,61,12,-0.21369
pct_rail_commute & dest_metro_pop_weighted_sum,61,13,-0.1739
pct_rail_commute & dest_metro_pop_weighted_sum,61,14,-0.17182
pct_rail_commute & dest_metro_pop_weighted_sum,61,15,-0.16851
pct_rail_commute & dest_metro_pop_weighted_sum,61,16,-0.16622
pct_rail_commute & dest_metro_pop_weighted_sum,61,17,-0.16377
pct_rail_commute & dest_metro_pop_weighted_sum,61,18,-0.15901
pct_rail_commute & dest_metro_pop_weighted_sum,61,19,-0.15394
pct_rail_commute & dest_metro_pop_weighted_sum,61,20,-0.15074
pct_rail_commute & dest_metro_pop_weighted_sum,61,21,-0.1468
pct_rail_commute & dest_metro_pop_weighted_sum,61,22,-0.13988
pct_rail_commute & dest_metro_pop_weighted_sum,61,23,-0.13621
pct_rail_commute & dest_metro_pop_weighted_sum,61,24,-0.13389
pct_rail_commute & dest_metro_pop_weighted_sum,61,25,-0.13043
pct_rail_commute & dest_metro_pop_weighted_sum,61,26,-0.12628
pct_rail_commute & dest_metro_pop_weighted_sum,61,27,-0.12357
pct_rail_commute & dest_metro_pop_weighted_sum,61,28,-0.11886
pct_rail_commute & dest_metro_pop_weighted_sum,61,29,-0.11763
pct_rail_commute & dest_metro_pop_weighted_sum,61,30,-0.11463
pct_rail_commute & dest_metro_pop_weighted_sum,61,31,-0.12116
pct_rail_commute & dest_metro_pop_weighted_sum,61,32,-0.11854
pct_rail_commute & dest_metro_pop_weighted_sum,61,33,-0.11623
pct_rail_commute & dest_metro_pop_weighted_sum,61,34,-0.11468
pct_rail_commute & dest_metro_pop_weighted_sum,61,35,-0.09572
pct_rail_commute & dest_metro_pop_weighted_sum,61,36,-0.09373
pct_rail_commute & dest_metro_pop_weighted_sum,61,37,-0.09112
pct_rail_commute & dest_metro_pop_weighted_sum,61,38,-0.09012
pct_rail_commute & dest_metro_pop_weighted_sum,61,39,-0.08817
pct_rail_commute & dest_metro_pop_weighted_sum,61,40,-0.08725
pct_rail_commute & dest_metro_pop_weighted_sum,61,41,-0.07385
pct_rail_commute & dest_metro_pop_weighted_sum,61,42,-0.06877
pct_rail_commute & dest_metro_pop_weighted_sum,61,43,-0.06642
pct_rail_commute & dest_metro_pop_weighted_sum,61,44,-0.06396
pct_rail_commute & dest_metro_pop_weighted_sum,61,45,-0.06202
pct_rail_commute & dest_metro_pop_weighted_sum,61,46,-0.05897
pct_rail_commute & dest_metro_pop_weighted_sum,61,47,-0.05587
pct_rail_commute & dest_metro_pop_weighted_sum,61,48,-0.05166
pct_rail_commute & dest_metro_pop_weighted_sum,61,49,-0.02842
pct_rail_commute & dest_metro_pop_weighted_sum,61,50,-0.02678
pct_rail_commute & dest_metro_pop_weighted_sum,61,51,-0.02593
pct_rail_commute & dest_metro_pop_weighted_sum,61,52,-0.05655
pct_rail_commute & dest_metro_pop_weighted_sum,61,53,-0.05843
pct_rail_commute & dest_metro_pop_weighted_sum,61,54,-0.06851
pct_rail_commute & dest_metro_pop_weighted_sum,61,55,-0.07671
pct_rail_commute & dest_metro_pop_weighted_sum,61,56,-0.0801
pct_rail_commute & dest_metro_pop_weighted_sum,61,57,-0.08049
pct_rail_commute & dest_metro_pop_weighted_sum,61,58,-0.08051
pct_rail_commute & dest_metro_pop_weighted_sum,61,59,-0.08022
pct_rail_commute & dest_metro_pop_weighted_sum,61,60,-0.07025
pct_rail_commute & dest_metro_pop_weighted_sum,61,61,-0.07325
