feature,x,score
has_heavy_rail,0.0,-0.01606
has_heavy_rail,0.5,0.101
has_commuter_rail,0.0,-0.01578
has_commuter_rail,0.5,0.0248
has_light_rail,0.0,-0.01763
has_light_rail,0.5,0.11611
has_transit_bus,0.0,-0.18958
has_transit_bus,0.5,0.04513
has_intercity_bus,0.0,-0.08311
has_intercity_bus,0.5,0.10414
has_air_connection,0.0,0.0024
has_air_connection,0.5,-0.10506
has_bikeshare,0.0,-0.03434
has_bikeshare,0.5,0.14479
modes_served,0.0,-0.1227
modes_served,0.5,-0.11586
modes_served,1.5,0.00703
modes_served,2.5,0.10391
metro_pop,7185.0,-0.32436
metro_pop,7286.0,-0.31668
metro_pop,7447.0,-0.31057
metro_pop,7520.0,-0.30494
metro_pop,7603.0,-0.30049
metro_pop,7748.0,-0.29274
metro_pop,8092.5,-0.28671
metro_pop,8547.5,-0.27781
metro_pop,8749.0,-0.27189
metro_pop,8784.0,-0.19585
metro_pop,8952.0,-0.18557
metro_pop,9224.5,-0.18059
metro_pop,9394.0,-0.17453
metro_pop,9486.0,-0.16348
metro_pop,9583.0,-0.15937
metro_pop,9774.0,-0.18196
metro_pop,9974.0,-0.17708
metro_pop,10047.0,-0.17052
metro_pop,10089.0,-0.17871
metro_pop,10142.0,-0.17569
metro_pop,10580.5,-0.17098
metro_pop,11232.0,-0.16889
metro_pop,11522.0,-0.16765
metro_pop,11819.0,-0.16204
metro_pop,12070.0,-0.18227
metro_pop,12707.5,-0.18143
metro_pop,13376.0,-0.17872
metro_pop,13419.0,-0.17594
metro_pop,13480.0,-0.17085
metro_pop,13715.0,-0.16767
metro_pop,13952.5,-0.16346
metro_pop,14196.0,-0.1603
metro_pop,14381.5,-0.15881
metro_pop,14528.0,-0.15774
metro_pop,14707.0,-0.15583
metro_pop,14803.5,-0.1553
metro_pop,14892.5,-0.15383
metro_pop,14941.5,-0.15381
metro_pop,15144.0,-0.1523
metro_pop,15399.0,-0.15547
metro_pop,15679.5,-0.15224
metro_pop,15901.0,-0.1497
metro_pop,16352.5,-0.1463
metro_pop,16893.5,-0.14437
metro_pop,17016.0,-0.14095
metro_pop,17052.0,-0.13747
metro_pop,17115.5,-0.13632
metro_pop,17259.5,-0.13299
metro_pop,17440.5,-0.13175
metro_pop,17610.5,-0.13125
metro_pop,17728.5,-0.12745
metro_pop,17768.5,-0.12482
metro_pop,17834.0,-0.12145
metro_pop,17930.5,-0.11855
metro_pop,18057.5,-0.11624
metro_pop,18315.5,-0.11356
metro_pop,18505.5,-0.11125
metro_pop,19164.5,-0.10951
metro_pop,20032.0,-0.10712
metro_pop,20282.0,-0.10573
metro_pop,20513.5,-0.10515
metro_pop,20824.5,-0.11302
metro_pop,20996.5,-0.11199
metro_pop,21100.5,-0.11063
metro_pop,21251.0,-0.11086
metro_pop,21535.0,-0.11015
metro_pop,22038.0,-0.10618
metro_pop,22893.5,-0.11163
metro_pop,24144.5,-0.11118
metro_pop,24958.0,-0.10926
metro_pop,26163.5,-0.1117
metro_pop,27288.0,-0.11134
metro_pop,27390.5,-0.11089
metro_pop,27646.5,-0.10927
metro_pop,28730.0,-0.10765
metro_pop,29846.5,-0.10638
metro_pop,30200.0,-0.10643
metro_pop,30852.0,-0.10637
metro_pop,31692.0,-0.10328
metro_pop,32126.5,-0.10284
metro_pop,32320.5,-0.1021
metro_pop,33056.0,-0.10072
metro_pop,34069.5,-0.10053
metro_pop,34685.0,-0.10002
metro_pop,35163.0,-0.10264
metro_pop,35738.5,-0.10272
metro_pop,36256.5,-0.10115
metro_pop,36605.0,-0.10084
metro_pop,36791.5,-0.09788
metro_pop,36824.0,-0.0975
metro_pop,37317.0,-0.09597
metro_pop,37998.0,-0.09506
metro_pop,38246.0,-0.09297
metro_pop,38831.5,-0.08901
metro_pop,39486.5,-0.08792
metro_pop,39880.0,-0.08591
metro_pop,40772.5,-0.08439
metro_pop,41718.5,-0.08251
metro_pop,42062.5,-0.08015
metro_pop,42159.0,-0.07934
metro_pop,42645.5,-0.07902
metro_pop,43177.0,-0.07802
metro_pop,43531.5,-0.0965
metro_pop,44010.0,-0.0998
metro_pop,44832.5,-0.09948
metro_pop,45794.0,-0.09876
metro_pop,46200.0,-0.0938
metro_pop,46314.5,-0.09335
metro_pop,46792.0,-0.09153
metro_pop,47267.0,-0.08969
metro_pop,47718.5,-0.08926
metro_pop,48344.0,-0.08794
metro_pop,48857.5,-0.08444
metro_pop,49238.5,-0.08296
metro_pop,49414.5,-0.08239
metro_pop,49536.5,-0.0812
metro_pop,49710.0,-0.07506
metro_pop,50465.5,-0.07287
metro_pop,51195.5,-0.07007
metro_pop,51653.0,-0.06908
metro_pop,52392.0,-0.06741
metro_pop,52789.0,-0.06567
metro_pop,52941.0,-0.06208
metro_pop,53222.0,-0.05954
metro_pop,53809.5,-0.05713
metro_pop,54330.0,-0.05538
metro_pop,54991.5,-0.06064
metro_pop,56542.0,-0.06042
metro_pop,58557.0,-0.05968
metro_pop,59604.0,-0.05893
metro_pop,60545.0,-0.05832
metro_pop,61743.5,-0.05747
metro_pop,62996.0,-0.05468
metro_pop,64153.5,-0.05456
metro_pop,65127.0,-0.05407
metro_pop,65940.0,-0.05186
metro_pop,66003.0,-0.04943
metro_pop,66053.5,-0.04747
metro_pop,66320.0,-0.04674
metro_pop,67044.0,-0.04534
metro_pop,67630.0,-0.04495
metro_pop,68241.0,-0.04446
metro_pop,68811.5,-0.04246
metro_pop,68978.0,-0.04076
metro_pop,70321.0,-0.0395
metro_pop,72126.0,-0.03719
metro_pop,73679.0,-0.03581
metro_pop,75110.5,-0.03458
metro_pop,76048.0,-0.03389
metro_pop,76683.5,-0.03202
metro_pop,77334.0,-0.02898
metro_pop,78688.0,-0.02857
metro_pop,79857.5,-0.02723
metro_pop,80604.0,-0.02405
metro_pop,81090.5,-0.02337
metro_pop,81342.0,-0.01952
metro_pop,81638.0,0.0002
metro_pop,81870.5,0.00481
metro_pop,83229.0,0.00583
metro_pop,84807.0,0.00688
metro_pop,85526.5,0.00762
metro_pop,86079.5,0.00834
metro_pop,86465.5,0.01017
metro_pop,87722.0,0.0116
metro_pop,89562.0,0.0199
metro_pop,90688.5,0.02532
metro_pop,91374.5,0.02835
metro_pop,92145.0,0.02914
metro_pop,93362.5,0.03216
metro_pop,95492.0,0.03368
metro_pop,97411.0,0.03474
metro_pop,98155.0,0.0348
metro_pop,98693.0,0.03558
metro_pop,99970.0,0.03563
metro_pop,100932.0,0.03643
metro_pop,101180.5,0.03695
metro_pop,101390.0,0.03709
metro_pop,102512.0,0.03681
metro_pop,105573.0,0.03951
metro_pop,107633.5,0.04045
metro_pop,107757.0,0.04097
metro_pop,108022.0,0.0123
metro_pop,111106.0,0.01062
metro_pop,114119.0,0.01011
metro_pop,114440.5,0.01123
metro_pop,114943.5,0.01102
metro_pop,116092.0,-0.00233
metro_pop,117370.5,-0.00178
metro_pop,117983.5,-0.00438
metro_pop,120153.0,-0.00457
metro_pop,122233.0,-0.0049
metro_pop,122719.0,-0.00416
metro_pop,123454.0,-0.00317
metro_pop,124628.0,0.00142
metro_pop,126013.0,0.00197
metro_pop,127274.5,0.00255
metro_pop,129485.0,0.00326
metro_pop,135556.0,0.00348
metro_pop,142307.0,0.00461
metro_pop,145283.5,0.00518
metro_pop,147002.5,0.00599
metro_pop,150281.0,0.00741
metro_pop,154457.5,0.01578
metro_pop,156742.5,0.01666
metro_pop,157855.5,0.01793
metro_pop,159441.0,0.02034
metro_pop,163760.0,0.02133
metro_pop,168078.5,0.02201
metro_pop,169420.0,0.02299
metro_pop,172621.5,0.02371
metro_pop,175758.0,0.02574
metro_pop,177221.5,0.03454
metro_pop,179365.5,0.03513
metro_pop,184257.0,0.04053
metro_pop,188606.0,0.05044
metro_pop,191930.0,0.05644
metro_pop,195042.5,0.0586
metro_pop,196525.5,0.05927
metro_pop,198340.5,0.06181
metro_pop,199395.5,0.06399
metro_pop,199981.0,0.06371
metro_pop,202994.0,0.06452
metro_pop,206442.5,0.06429
metro_pop,208001.0,0.06412
metro_pop,209958.0,0.0718
metro_pop,211476.0,0.07279
metro_pop,218697.0,0.07272
metro_pop,231128.0,0.07216
metro_pop,240355.0,0.0727
metro_pop,249197.0,0.07278
metro_pop,257282.5,0.07347
metro_pop,260241.5,0.07364
metro_pop,261457.0,0.07282
metro_pop,267455.0,0.07261
metro_pop,279035.0,0.07184
metro_pop,290831.5,0.07241
metro_pop,301106.5,0.07406
metro_pop,308062.0,0.07326
metro_pop,314606.5,0.07504
metro_pop,324022.0,0.076
metro_pop,334843.0,0.07778
metro_pop,343882.0,0.07837
metro_pop,353905.5,0.07779
metro_pop,372286.5,0.07865
metro_pop,385974.5,0.07836
metro_pop,390379.0,0.07755
metro_pop,402471.5,0.07798
metro_pop,413286.5,0.07742
metro_pop,421869.5,0.07784
metro_pop,430869.5,0.07842
metro_pop,437559.5,0.07994
metro_pop,452509.5,0.07936
metro_pop,463930.0,0.07728
metro_pop,468725.0,0.07406
metro_pop,497908.5,0.07538
metro_pop,538002.5,0.07561
metro_pop,570854.5,0.0747
metro_pop,591877.5,0.0614
metro_pop,595647.0,0.05941
metro_pop,608412.5,0.05725
metro_pop,619908.5,0.02856
metro_pop,620658.0,0.02732
metro_pop,621532.0,0.02751
metro_pop,626410.0,0.02718
metro_pop,643310.0,0.02604
metro_pop,660739.0,0.02345
metro_pop,683826.0,0.02201
metro_pop,729176.5,0.02162
metro_pop,759049.5,0.01706
metro_pop,789067.0,0.01621
metro_pop,821792.5,0.01757
metro_pop,828444.5,0.01641
metro_pop,834628.5,0.01212
metro_pop,905604.5,0.01068
metro_pop,1095447.0,0.01233
metro_pop,1270207.5,0.01309
metro_pop,1340095.0,0.01201
metro_pop,1412144.0,0.01295
metro_pop,1502213.5,0.0132
metro_pop,1834548.5,0.01238
metro_pop,2417705.5,0.01213
metro_pop,3266025.0,0.00813
metro_pop,6056830.5,0.00855
distance_to_nearest_major_city_km,0.3558040862124439,0.11077
distance_to_nearest_major_city_km,0.39865098847030833,0.10715
distance_to_nearest_major_city_km,0.5067509606993141,0.10522
distance_to_nearest_major_city_km,0.5855339185514461,0.10497
distance_to_nearest_major_city_km,0.6057771926764751,0.10402
distance_to_nearest_major_city_km,0.6320655863864042,0.10147
distance_to_nearest_major_city_km,0.6519662556316117,0.09852
distance_to_nearest_major_city_km,0.6900851464112133,0.09673
distance_to_nearest_major_city_km,0.8241556243226154,0.09678
distance_to_nearest_major_city_km,0.9221275252788304,0.09696
distance_to_nearest_major_city_km,0.9440547400968107,0.09732
distance_to_nearest_major_city_km,0.9653241155224608,0.09746
distance_to_nearest_major_city_km,0.9700878184486788,0.09789
distance_to_nearest_major_city_km,1.1294996240798703,0.09725
distance_to_nearest_major_city_km,1.3556076441486633,0.09806
distance_to_nearest_major_city_km,1.4705522929799817,0.09739
distance_to_nearest_major_city_km,1.6308953584139663,0.06585
distance_to_nearest_major_city_km,1.8112569442350535,0.06136
distance_to_nearest_major_city_km,1.9195811902220163,0.06065
distance_to_nearest_major_city_km,1.9726836855880578,0.0588
distance_to_nearest_major_city_km,1.9973565871580505,0.05783
distance_to_nearest_major_city_km,2.156588573257813,0.05407
distance_to_nearest_major_city_km,2.3584689788591136,0.0525
distance_to_nearest_major_city_km,2.4266741394326563,0.05076
distance_to_nearest_major_city_km,2.4759253540513986,0.04943
distance_to_nearest_major_city_km,2.570186279209567,0.04364
distance_to_nearest_major_city_km,3.2091600742551787,0.04228
distance_to_nearest_major_city_km,4.315190076297078,0.04146
distance_to_nearest_major_city_km,4.917247613831793,0.04013
distance_to_nearest_major_city_km,5.2317217107006755,0.03868
distance_to_nearest_major_city_km,5.735616617015355,0.03552
distance_to_nearest_major_city_km,6.766978645779057,0.03423
distance_to_nearest_major_city_km,7.726117222589234,0.01681
distance_to_nearest_major_city_km,9.003430052894924,0.01546
distance_to_nearest_major_city_km,10.138033993515535,0.01441
distance_to_nearest_major_city_km,10.345664259561143,0.01284
distance_to_nearest_major_city_km,11.309476435529216,0.00951
distance_to_nearest_major_city_km,12.286359135972965,0.00593
distance_to_nearest_major_city_km,12.76240262857331,0.00393
distance_to_nearest_major_city_km,13.086946763659963,0.00144
distance_to_nearest_major_city_km,13.109700712505973,2e-05
distance_to_nearest_major_city_km,13.702778708831179,-0.00105
distance_to_nearest_major_city_km,14.653677998565097,-0.00365
distance_to_nearest_major_city_km,15.203682075610985,-0.00715
distance_to_nearest_major_city_km,15.424591484684376,-0.00898
distance_to_nearest_major_city_km,16.191701292844993,-0.01074
distance_to_nearest_major_city_km,17.070373065078584,-0.01365
distance_to_nearest_major_city_km,17.23216187152396,-0.01573
distance_to_nearest_major_city_km,17.51299270688518,-0.01692
distance_to_nearest_major_city_km,17.98546240113214,-0.01732
distance_to_nearest_major_city_km,18.20420753637172,-0.01984
distance_to_nearest_major_city_km,18.319148285176503,-0.02642
distance_to_nearest_major_city_km,18.491871517599805,-0.05918
distance_to_nearest_major_city_km,18.663580659717947,-0.06271
distance_to_nearest_major_city_km,19.213975011425372,-0.06378
distance_to_nearest_major_city_km,20.595606330816793,-0.06481
distance_to_nearest_major_city_km,21.953156155256195,-0.06595
distance_to_nearest_major_city_km,22.547368906250718,-0.06656
distance_to_nearest_major_city_km,22.909436561615287,-0.06813
distance_to_nearest_major_city_km,23.250346566541545,-0.07003
distance_to_nearest_major_city_km,23.634727700334743,-0.07081
distance_to_nearest_major_city_km,24.042085003165944,-0.07097
distance_to_nearest_major_city_km,24.689631928594814,-0.07127
distance_to_nearest_major_city_km,25.474307084168906,-0.07152
distance_to_nearest_major_city_km,26.056546377222773,-0.07187
distance_to_nearest_major_city_km,26.338134565432316,-0.07398
distance_to_nearest_major_city_km,26.55379842271793,-0.07385
distance_to_nearest_major_city_km,27.844126071971694,-0.0738
distance_to_nearest_major_city_km,28.98844188448586,-0.077
distance_to_nearest_major_city_km,29.208273821821955,-0.07766
distance_to_nearest_major_city_km,30.099852168278566,-0.07798
distance_to_nearest_major_city_km,30.96258407870352,-0.07915
distance_to_nearest_major_city_km,31.54595702580644,-0.07941
distance_to_nearest_major_city_km,32.1330802762065,-0.07936
distance_to_nearest_major_city_km,33.184541594451,-0.0793
distance_to_nearest_major_city_km,34.11106796154197,-0.07957
distance_to_nearest_major_city_km,34.56364105772592,-0.08046
distance_to_nearest_major_city_km,35.124829451181874,-0.08002
distance_to_nearest_major_city_km,35.555891861225234,-0.08033
distance_to_nearest_major_city_km,35.91030472309279,-0.08059
distance_to_nearest_major_city_km,36.111268378892206,-0.08163
distance_to_nearest_major_city_km,36.65118567800896,-0.08162
distance_to_nearest_major_city_km,38.32177299163452,-0.0814
distance_to_nearest_major_city_km,39.66639041319758,-0.08169
distance_to_nearest_major_city_km,40.26286913329898,-0.0812
distance_to_nearest_major_city_km,40.90766861062648,-0.081
distance_to_nearest_major_city_km,41.03253437385387,-0.0825
distance_to_nearest_major_city_km,41.10098158130163,-0.08237
distance_to_nearest_major_city_km,41.81265289631803,-0.08235
distance_to_nearest_major_city_km,42.994627447558116,-0.08258
distance_to_nearest_major_city_km,43.599694066415005,-0.08211
distance_to_nearest_major_city_km,44.08343649059679,-0.08233
distance_to_nearest_major_city_km,44.78801450490846,-0.08208
distance_to_nearest_major_city_km,45.21924070114275,-0.08186
distance_to_nearest_major_city_km,45.385858172681104,-0.08145
distance_to_nearest_major_city_km,45.58604640311693,-0.08144
distance_to_nearest_major_city_km,45.847148536793725,-0.08131
distance_to_nearest_major_city_km,46.02591202852406,-0.08207
distance_to_nearest_major_city_km,46.40975753603219,-0.08159
distance_to_nearest_major_city_km,46.8297316680716,-0.08214
distance_to_nearest_major_city_km,47.004301903596634,-0.08229
distance_to_nearest_major_city_km,47.439263089293874,-0.08149
distance_to_nearest_major_city_km,47.94667111444778,-0.08204
distance_to_nearest_major_city_km,48.52912725921995,-0.08235
distance_to_nearest_major_city_km,50.14907835956872,-0.08176
distance_to_nearest_major_city_km,51.57153399831344,-0.08093
distance_to_nearest_major_city_km,52.541434048675,-0.08118
distance_to_nearest_major_city_km,53.767788923496596,-0.08087
distance_to_nearest_major_city_km,54.45943779664866,-0.08029
distance_to_nearest_major_city_km,55.38665201763275,-0.07928
distance_to_nearest_major_city_km,56.343459404829005,-0.07823
distance_to_nearest_major_city_km,56.703018970422804,-0.07096
distance_to_nearest_major_city_km,58.10732739479465,-0.06985
distance_to_nearest_major_city_km,59.532442596662584,-0.06882
distance_to_nearest_major_city_km,60.423325499823065,-0.06777
distance_to_nearest_major_city_km,61.2408176773085,-0.06689
distance_to_nearest_major_city_km,61.3899179138332,-0.06565
distance_to_nearest_major_city_km,62.64991562699137,-0.06493
distance_to_nearest_major_city_km,64.16361656524411,-0.05856
distance_to_nearest_major_city_km,64.56040919051301,-0.05823
distance_to_nearest_major_city_km,65.14022467926758,-0.05747
distance_to_nearest_major_city_km,65.75458147490986,-0.05154
distance_to_nearest_major_city_km,67.33231553202161,-0.05454
distance_to_nearest_major_city_km,69.14319849564862,-0.05461
distance_to_nearest_major_city_km,69.87936016853041,-0.05426
distance_to_nearest_major_city_km,70.63997135153144,-0.05371
distance_to_nearest_major_city_km,71.03015712427292,-0.05473
distance_to_nearest_major_city_km,71.32235153957869,-0.05444
distance_to_nearest_major_city_km,72.45792801666471,-0.0552
distance_to_nearest_major_city_km,74.04541176566161,-0.05537
distance_to_nearest_major_city_km,74.90504483783582,-0.05601
distance_to_nearest_major_city_km,75.41309916422527,-0.05684
distance_to_nearest_major_city_km,75.84370367632326,-0.0566
distance_to_nearest_major_city_km,76.23702322226043,-0.05767
distance_to_nearest_major_city_km,76.5857176266371,-0.06033
distance_to_nearest_major_city_km,76.60838414366675,-0.06128
distance_to_nearest_major_city_km,78.0143813649944,-0.06158
distance_to_nearest_major_city_km,79.9806532538295,-0.06192
distance_to_nearest_major_city_km,80.72935751619107,-0.06792
distance_to_nearest_major_city_km,81.1830566787603,-0.07045
distance_to_nearest_major_city_km,82.09830029261286,-0.07076
distance_to_nearest_major_city_km,83.13408846747674,-0.07156
distance_to_nearest_major_city_km,84.01422677978582,-0.0713
distance_to_nearest_major_city_km,85.11241422392365,-0.07111
distance_to_nearest_major_city_km,85.87658675136285,-0.07094
distance_to_nearest_major_city_km,86.24163460977621,-0.07065
distance_to_nearest_major_city_km,86.82381623748249,-0.07024
distance_to_nearest_major_city_km,87.30148950974583,-0.07006
distance_to_nearest_major_city_km,87.99224679760255,-0.06978
distance_to_nearest_major_city_km,88.61983091315734,-0.06937
distance_to_nearest_major_city_km,88.69913971168823,-0.06961
distance_to_nearest_major_city_km,88.74112909449337,-0.06945
distance_to_nearest_major_city_km,88.84601116266643,-0.06984
distance_to_nearest_major_city_km,89.325123419325,-0.07027
distance_to_nearest_major_city_km,90.14765992987941,-0.07035
distance_to_nearest_major_city_km,91.01898353365546,-0.06998
distance_to_nearest_major_city_km,92.87240156800004,-0.07143
distance_to_nearest_major_city_km,94.48903272901397,-0.07138
distance_to_nearest_major_city_km,94.94424369187682,-0.0709
distance_to_nearest_major_city_km,95.310534890877,-0.07067
distance_to_nearest_major_city_km,95.60595079004719,-0.07128
distance_to_nearest_major_city_km,96.00741649374905,-0.07147
distance_to_nearest_major_city_km,96.97178940078166,-0.07126
distance_to_nearest_major_city_km,97.90860637853659,-0.07086
distance_to_nearest_major_city_km,98.3429337790723,-0.07058
distance_to_nearest_major_city_km,98.93928886333208,-0.07143
distance_to_nearest_major_city_km,99.8359542413208,-0.07125
distance_to_nearest_major_city_km,100.73442321237516,-0.07296
distance_to_nearest_major_city_km,101.13337400721962,-0.07273
distance_to_nearest_major_city_km,101.2794440273419,-0.07242
distance_to_nearest_major_city_km,101.92955589166449,-0.07223
distance_to_nearest_major_city_km,103.13725466798323,-0.07215
distance_to_nearest_major_city_km,103.92455288358802,-0.07184
distance_to_nearest_major_city_km,104.2807909981483,-0.07111
distance_to_nearest_major_city_km,104.64665285947528,-0.07053
distance_to_nearest_major_city_km,105.35038313730978,-0.07024
distance_to_nearest_major_city_km,107.2839439027464,-0.07002
distance_to_nearest_major_city_km,108.83552315507558,-0.06967
distance_to_nearest_major_city_km,109.12580144106678,-0.06939
distance_to_nearest_major_city_km,109.52351109279331,-0.07137
distance_to_nearest_major_city_km,110.0052137456907,-0.07095
distance_to_nearest_major_city_km,110.29095339863015,-0.07071
distance_to_nearest_major_city_km,110.52093840147596,-0.07043
distance_to_nearest_major_city_km,110.73215808503366,-0.07106
distance_to_nearest_major_city_km,110.85475109586943,-0.07186
distance_to_nearest_major_city_km,110.94458538685106,-0.0724
distance_to_nearest_major_city_km,110.99929813398447,-0.07224
distance_to_nearest_major_city_km,111.92853112497815,-0.07178
distance_to_nearest_major_city_km,112.93214453850305,-0.07156
distance_to_nearest_major_city_km,113.36575591456432,-0.07102
distance_to_nearest_major_city_km,114.5785133245436,-0.07074
distance_to_nearest_major_city_km,117.83265577339162,-0.07074
distance_to_nearest_major_city_km,121.610998931355,-0.07041
distance_to_nearest_major_city_km,123.36708988413871,-0.07033
distance_to_nearest_major_city_km,124.18774250290126,-0.07166
distance_to_nearest_major_city_km,124.75529290905851,-0.07265
distance_to_nearest_major_city_km,124.8820450441161,-0.07234
distance_to_nearest_major_city_km,125.40259358870476,-0.07199
distance_to_nearest_major_city_km,126.05505042632015,-0.07202
distance_to_nearest_major_city_km,126.30481978605053,-0.07188
distance_to_nearest_major_city_km,126.4386561875843,-0.07234
distance_to_nearest_major_city_km,127.2843305749904,-0.07213
distance_to_nearest_major_city_km,128.40550898042673,-0.07169
distance_to_nearest_major_city_km,128.72123589323564,-0.0716
distance_to_nearest_major_city_km,128.73101864706544,-0.07175
distance_to_nearest_major_city_km,128.79293660445035,-0.07139
distance_to_nearest_major_city_km,128.85681875149442,-0.07087
distance_to_nearest_major_city_km,129.0087311810081,-0.07079
distance_to_nearest_major_city_km,129.26442943082523,-0.0703
distance_to_nearest_major_city_km,130.12543095669648,-0.06789
distance_to_nearest_major_city_km,131.4747761012987,-0.0518
distance_to_nearest_major_city_km,132.10026603737606,-0.05157
distance_to_nearest_major_city_km,132.2842787348465,0.00225
distance_to_nearest_major_city_km,133.08731487746738,0.00254
distance_to_nearest_major_city_km,133.76033720614117,0.00243
distance_to_nearest_major_city_km,133.88269759489557,0.00236
distance_to_nearest_major_city_km,134.0015149379039,0.00265
distance_to_nearest_major_city_km,134.05889225341915,0.00132
distance_to_nearest_major_city_km,134.19833144853186,0.00164
distance_to_nearest_major_city_km,134.53427005459946,0.001
distance_to_nearest_major_city_km,134.83901659186068,0.00312
distance_to_nearest_major_city_km,135.31078919491443,0.00272
distance_to_nearest_major_city_km,136.5596985219588,0.00298
distance_to_nearest_major_city_km,137.717429858525,0.00326
distance_to_nearest_major_city_km,138.14593569187713,0.01104
distance_to_nearest_major_city_km,138.32269205727164,0.0115
distance_to_nearest_major_city_km,138.55678406359908,0.01259
distance_to_nearest_major_city_km,138.9581953552286,0.0129
distance_to_nearest_major_city_km,139.28252081632453,0.01317
distance_to_nearest_major_city_km,139.6110223197923,0.01152
distance_to_nearest_major_city_km,140.01749646555413,0.01077
distance_to_nearest_major_city_km,140.53551588787698,0.01084
distance_to_nearest_major_city_km,141.54640268377614,0.00968
distance_to_nearest_major_city_km,142.23471325593533,0.0093
distance_to_nearest_major_city_km,142.26553991891677,0.00953
distance_to_nearest_major_city_km,142.36681062464743,0.00987
distance_to_nearest_major_city_km,142.78666070183934,0.00985
distance_to_nearest_major_city_km,143.17565810361336,0.01036
distance_to_nearest_major_city_km,143.33141141831163,0.01044
distance_to_nearest_major_city_km,144.86768185823578,0.00988
distance_to_nearest_major_city_km,146.35641746723297,0.00944
distance_to_nearest_major_city_km,146.4361880610968,0.01031
distance_to_nearest_major_city_km,146.77429332152894,0.0108
distance_to_nearest_major_city_km,147.34222846593553,0.01281
distance_to_nearest_major_city_km,147.94326278568303,0.01285
distance_to_nearest_major_city_km,148.50581128788042,0.01327
distance_to_nearest_major_city_km,148.84459709331173,0.01363
distance_to_nearest_major_city_km,149.0078697054387,0.01298
distance_to_nearest_major_city_km,149.10985914841268,0.01152
distance_to_nearest_major_city_km,149.17249031871438,0.01191
distance_to_nearest_major_city_km,150.16452298240694,0.0121
distance_to_nearest_major_city_km,151.26970174067404,0.01234
distance_to_nearest_major_city_km,152.01264717856674,0.01126
distance_to_nearest_major_city_km,152.90381052357748,0.01183
distance_to_nearest_major_city_km,153.24304285446766,0.01254
distance_to_nearest_major_city_km,154.23325105512532,0.01389
distance_to_nearest_major_city_km,155.19374556682578,0.01575
distance_to_nearest_major_city_km,155.31145182254977,0.02094
distance_to_nearest_major_city_km,156.10472687064836,0.02257
distance_to_nearest_major_city_km,156.8736286876046,0.02121
distance_to_nearest_major_city_km,157.93963688732003,0.02031
distance_to_nearest_major_city_km,159.30622860716187,0.02075
distance_to_nearest_major_city_km,159.85184531908249,0.02119
distance_to_nearest_major_city_km,160.84053130557373,0.02146
distance_to_nearest_major_city_km,162.08747788784308,0.02171
distance_to_nearest_major_city_km,163.17697447870228,0.02167
distance_to_nearest_major_city_km,164.27902245660636,0.02169
distance_to_nearest_major_city_km,165.48738537944553,0.02125
distance_to_nearest_major_city_km,166.2434709469921,0.02067
distance_to_nearest_major_city_km,166.94461310153554,0.02025
distance_to_nearest_major_city_km,168.87220263666063,0.0205
distance_to_nearest_major_city_km,170.22412181866258,0.02058
distance_to_nearest_major_city_km,170.61922545347255,0.02068
distance_to_nearest_major_city_km,172.81193219921397,0.02073
distance_to_nearest_major_city_km,174.96218858580886,0.0209
distance_to_nearest_major_city_km,175.56037566133682,0.02022
distance_to_nearest_major_city_km,177.23120704608516,0.02038
distance_to_nearest_major_city_km,178.5828027285849,0.02064
distance_to_nearest_major_city_km,178.85643348940815,0.02001
distance_to_nearest_major_city_km,179.3740864149227,0.01952
distance_to_nearest_major_city_km,180.04674124105486,0.01973
distance_to_nearest_major_city_km,180.475610722199,0.0191
distance_to_nearest_major_city_km,180.80552419556727,0.01912
distance_to_nearest_major_city_km,181.4143485439596,0.01947
distance_to_nearest_major_city_km,181.7746743223531,0.01971
distance_to_nearest_major_city_km,182.03284182512994,0.01916
distance_to_nearest_major_city_km,182.72486038450091,0.01834
distance_to_nearest_major_city_km,183.32668811150617,0.01853
distance_to_nearest_major_city_km,184.48981764232013,0.0189
distance_to_nearest_major_city_km,186.27272883579602,0.01877
distance_to_nearest_major_city_km,188.42386176563383,0.01858
distance_to_nearest_major_city_km,190.33146329420055,0.01714
distance_to_nearest_major_city_km,191.4849965387044,0.01723
distance_to_nearest_major_city_km,192.35154299022076,0.01739
distance_to_nearest_major_city_km,193.02419070824595,0.01745
distance_to_nearest_major_city_km,193.71828709584344,0.0161
distance_to_nearest_major_city_km,194.24624931661805,0.01574
distance_to_nearest_major_city_km,194.7225493717323,0.01545
distance_to_nearest_major_city_km,195.03352149073382,0.01447
distance_to_nearest_major_city_km,195.24719589549545,0.01475
distance_to_nearest_major_city_km,195.45430968606775,0.01513
distance_to_nearest_major_city_km,195.76701194719675,0.01525
distance_to_nearest_major_city_km,196.0913534031854,0.0154
distance_to_nearest_major_city_km,196.46124272050275,0.01454
distance_to_nearest_major_city_km,196.91439963311268,0.01453
distance_to_nearest_major_city_km,197.84647524980448,0.01429
distance_to_nearest_major_city_km,199.32899148683572,0.01429
distance_to_nearest_major_city_km,200.35500744147222,0.01451
distance_to_nearest_major_city_km,200.98405710932244,0.01437
distance_to_nearest_major_city_km,201.8234875384244,0.01441
distance_to_nearest_major_city_km,202.44447733473382,0.01442
distance_to_nearest_major_city_km,203.30245327927864,0.01475
distance_to_nearest_major_city_km,204.28478253799773,0.01485
distance_to_nearest_major_city_km,205.619459841922,0.01372
distance_to_nearest_major_city_km,207.30282555759072,0.01368
distance_to_nearest_major_city_km,208.20209227781652,0.01405
distance_to_nearest_major_city_km,208.65707508765405,0.0142
distance_to_nearest_major_city_km,208.977249550585,0.01451
distance_to_nearest_major_city_km,209.5266588072487,0.01331
distance_to_nearest_major_city_km,210.66203888848844,0.01376
distance_to_nearest_major_city_km,212.27829617661496,0.01399
distance_to_nearest_major_city_km,213.2857447605131,0.01421
distance_to_nearest_major_city_km,213.62605931194994,0.01319
distance_to_nearest_major_city_km,214.2522832611912,0.01317
distance_to_nearest_major_city_km,215.46646137133564,0.0112
distance_to_nearest_major_city_km,216.69181832451127,0.01126
distance_to_nearest_major_city_km,217.31698322592422,0.01148
distance_to_nearest_major_city_km,219.33926345004582,0.01126
distance_to_nearest_major_city_km,221.47893430740618,0.01167
distance_to_nearest_major_city_km,224.40296424105236,0.01191
distance_to_nearest_major_city_km,227.40630211457352,0.01167
distance_to_nearest_major_city_km,227.88621208933145,0.01196
distance_to_nearest_major_city_km,228.39273448766573,0.01171
distance_to_nearest_major_city_km,228.9726122188307,0.01209
distance_to_nearest_major_city_km,230.17772882070514,0.01251
distance_to_nearest_major_city_km,231.50362814266543,0.0112
distance_to_nearest_major_city_km,232.07718720881786,0.01086
distance_to_nearest_major_city_km,232.86184077063731,0.00837
distance_to_nearest_major_city_km,233.46140252543665,0.01413
distance_to_nearest_major_city_km,234.20640952738785,0.01444
distance_to_nearest_major_city_km,236.2526684114951,0.01709
distance_to_nearest_major_city_km,237.88941023919028,0.01648
distance_to_nearest_major_city_km,238.19605763390172,0.01587
distance_to_nearest_major_city_km,238.44141913539943,0.01526
distance_to_nearest_major_city_km,239.8870562636437,0.01516
distance_to_nearest_major_city_km,241.30999570829343,0.01563
distance_to_nearest_major_city_km,243.26917452304008,0.01426
distance_to_nearest_major_city_km,245.2132417825463,0.01434
distance_to_nearest_major_city_km,245.7463384778219,0.0134
distance_to_nearest_major_city_km,247.0569518222468,0.01334
distance_to_nearest_major_city_km,248.23609437087492,0.01348
distance_to_nearest_major_city_km,249.66770828293653,0.01361
distance_to_nearest_major_city_km,251.11009900601925,0.01348
distance_to_nearest_major_city_km,251.54409639049203,0.01354
distance_to_nearest_major_city_km,252.14455081071446,0.01301
distance_to_nearest_major_city_km,254.24170092873385,0.01329
distance_to_nearest_major_city_km,255.88958743089336,0.01227
distance_to_nearest_major_city_km,256.94865970434046,0.01233
distance_to_nearest_major_city_km,258.34407548104843,0.0117
distance_to_nearest_major_city_km,258.9479090462943,0.01201
distance_to_nearest_major_city_km,259.377279482007,0.01193
distance_to_nearest_major_city_km,260.3003156737041,0.01195
distance_to_nearest_major_city_km,263.41124668372004,0.01281
distance_to_nearest_major_city_km,265.9545611120759,0.01268
distance_to_nearest_major_city_km,266.2262995293922,0.01291
distance_to_nearest_major_city_km,266.6398935023255,0.01401
distance_to_nearest_major_city_km,268.0001931103154,0.01389
distance_to_nearest_major_city_km,269.40569505894575,0.01452
distance_to_nearest_major_city_km,270.56975240978704,0.01546
distance_to_nearest_major_city_km,271.40056461604127,0.03499
distance_to_nearest_major_city_km,271.83504660381857,0.03496
distance_to_nearest_major_city_km,272.53168105586633,0.03531
distance_to_nearest_major_city_km,272.89975013178343,0.03601
distance_to_nearest_major_city_km,273.9085021283106,0.03606
distance_to_nearest_major_city_km,275.24508512283876,0.06126
distance_to_nearest_major_city_km,275.7091136854639,0.06182
distance_to_nearest_major_city_km,276.11734876009655,0.06224
distance_to_nearest_major_city_km,277.26704417571125,0.06258
distance_to_nearest_major_city_km,278.1566191699287,0.06252
distance_to_nearest_major_city_km,279.4382555291421,0.06319
distance_to_nearest_major_city_km,281.6830834352786,0.06588
distance_to_nearest_major_city_km,282.8835033949688,0.06694
distance_to_nearest_major_city_km,283.3391159846975,0.06757
distance_to_nearest_major_city_km,285.06909449890264,0.06728
distance_to_nearest_major_city_km,286.56106802286143,0.08155
distance_to_nearest_major_city_km,286.6738413999718,0.09319
distance_to_nearest_major_city_km,287.3994473385741,0.09345
distance_to_nearest_major_city_km,288.2278820391931,0.09407
distance_to_nearest_major_city_km,288.50791024591786,0.0942
distance_to_nearest_major_city_km,288.7271572302443,0.09291
distance_to_nearest_major_city_km,288.9885993586553,0.09308
distance_to_nearest_major_city_km,289.35355764995586,0.09305
distance_to_nearest_major_city_km,290.3891894664347,0.09368
distance_to_nearest_major_city_km,291.35492899301425,0.09407
distance_to_nearest_major_city_km,292.14018500099326,0.09363
distance_to_nearest_major_city_km,293.9790574420897,0.09304
distance_to_nearest_major_city_km,296.2559918242146,0.0933
distance_to_nearest_major_city_km,297.556772109456,0.09227
distance_to_nearest_major_city_km,297.8394831601088,0.09294
distance_to_nearest_major_city_km,298.1847304337913,0.09341
distance_to_nearest_major_city_km,299.01234398529766,0.09232
distance_to_nearest_major_city_km,299.7813647499495,0.09103
distance_to_nearest_major_city_km,305.9107125715292,0.0913
distance_to_nearest_major_city_km,312.7737524923513,0.09171
distance_to_nearest_major_city_km,313.94291454544566,0.09087
distance_to_nearest_major_city_km,314.6101262638879,0.09101
distance_to_nearest_major_city_km,315.4943620941953,0.09128
distance_to_nearest_major_city_km,315.9876593369863,0.08996
distance_to_nearest_major_city_km,316.50164163577017,0.0893
distance_to_nearest_major_city_km,316.9996384236754,0.08927
distance_to_nearest_major_city_km,317.1488201686807,0.08962
distance_to_nearest_major_city_km,317.50288940020414,0.08936
distance_to_nearest_major_city_km,318.8440246720737,0.08996
distance_to_nearest_major_city_km,321.59727925782613,0.08936
distance_to_nearest_major_city_km,323.9067967004664,0.08863
distance_to_nearest_major_city_km,325.8206147858176,0.08778
distance_to_nearest_major_city_km,330.5515775555962,0.08834
distance_to_nearest_major_city_km,335.8079210504741,0.08871
distance_to_nearest_major_city_km,337.6137636897906,0.08932
distance_to_nearest_major_city_km,337.84737923491105,0.0896
distance_to_nearest_major_city_km,340.2428376974344,0.08989
distance_to_nearest_major_city_km,342.60527942779436,0.09005
distance_to_nearest_major_city_km,342.9979190022832,0.09022
distance_to_nearest_major_city_km,345.05912322980134,0.09059
distance_to_nearest_major_city_km,347.09891211523336,0.09129
distance_to_nearest_major_city_km,349.5570610243435,0.09138
distance_to_nearest_major_city_km,354.16608354649793,0.09023
distance_to_nearest_major_city_km,358.0689213255027,0.08932
distance_to_nearest_major_city_km,363.2876554326224,0.08915
distance_to_nearest_major_city_km,367.6088007103103,0.08836
distance_to_nearest_major_city_km,369.66904737826434,0.08761
distance_to_nearest_major_city_km,372.2474172235784,0.08636
distance_to_nearest_major_city_km,374.1642066299073,0.08545
distance_to_nearest_major_city_km,377.47885374787,0.08523
distance_to_nearest_major_city_km,380.93385515581235,0.08543
distance_to_nearest_major_city_km,382.373920204256,0.08546
distance_to_nearest_major_city_km,383.9720082440566,0.08553
distance_to_nearest_major_city_km,386.9842074452155,0.08547
distance_to_nearest_major_city_km,391.38824178827815,0.08544
distance_to_nearest_major_city_km,395.9970541019562,0.08335
distance_to_nearest_major_city_km,400.84315744147943,0.08352
distance_to_nearest_major_city_km,405.2599655264729,0.08168
distance_to_nearest_major_city_km,407.266344919722,0.08137
distance_to_nearest_major_city_km,408.9757121911731,0.07946
distance_to_nearest_major_city_km,412.33626433106815,0.07794
distance_to_nearest_major_city_km,419.8059593791181,0.07699
distance_to_nearest_major_city_km,427.8378834972462,0.07122
distance_to_nearest_major_city_km,430.6106949691655,0.06802
distance_to_nearest_major_city_km,431.2179073181314,0.0637
distance_to_nearest_major_city_km,433.6406086930085,0.06195
distance_to_nearest_major_city_km,436.4856092741516,0.06018
distance_to_nearest_major_city_km,437.8437972504844,0.05823
distance_to_nearest_major_city_km,438.96173329975903,0.05761
distance_to_nearest_major_city_km,446.2078483633905,0.05567
distance_to_nearest_major_city_km,455.20466713782105,0.05475
distance_to_nearest_major_city_km,457.5044689977211,0.05224
distance_to_nearest_major_city_km,461.0011024519051,0.04862
distance_to_nearest_major_city_km,467.7188452439601,0.04554
distance_to_nearest_major_city_km,471.8929711780405,0.0443
distance_to_nearest_major_city_km,475.40267491540675,0.03996
distance_to_nearest_major_city_km,478.5063480762231,0.02287
distance_to_nearest_major_city_km,481.3963926787966,0.01327
distance_to_nearest_major_city_km,484.81064538299506,0.00587
distance_to_nearest_major_city_km,486.11851011274865,0.00297
distance_to_nearest_major_city_km,488.471738041115,-0.00931
distance_to_nearest_major_city_km,493.1646079671642,-0.01699
distance_to_nearest_major_city_km,498.8960273906999,-0.02118
distance_to_nearest_major_city_km,502.02111273451334,-0.02421
distance_to_nearest_major_city_km,502.39139404993466,-0.02661
distance_to_nearest_major_city_km,506.61212688893386,-0.02968
distance_to_nearest_major_city_km,511.23710594716465,-0.04203
distance_to_nearest_major_city_km,513.680985707159,-0.04503
distance_to_nearest_major_city_km,516.1631869247511,-0.04754
distance_to_nearest_major_city_km,518.4867208615533,-0.0496
distance_to_nearest_major_city_km,520.9769875526572,-0.07216
distance_to_nearest_major_city_km,526.0198795012396,-0.07364
distance_to_nearest_major_city_km,534.5455584270208,-0.20492
distance_to_nearest_major_city_km,539.0865404455199,-0.20689
distance_to_nearest_major_city_km,539.9822029324051,-0.21037
distance_to_nearest_major_city_km,541.5750849529637,-0.21257
distance_to_nearest_major_city_km,543.4096807790254,-0.2147
distance_to_nearest_major_city_km,547.0311742772408,-0.21638
distance_to_nearest_major_city_km,558.9585521139795,-0.21697
distance_to_nearest_major_city_km,568.4186801832944,-0.22124
distance_to_nearest_major_city_km,569.1280603193802,-0.22356
distance_to_nearest_major_city_km,576.6571083912988,-0.22625
distance_to_nearest_major_city_km,590.9194533647742,-0.22767
distance_to_nearest_major_city_km,599.7239983602483,-0.22898
distance_to_nearest_major_city_km,614.7494324935958,-0.23216
distance_to_nearest_major_city_km,640.8515739873391,-0.2364
distance_to_nearest_major_city_km,654.9154736839726,-0.2382
distance_to_nearest_major_city_km,656.753874665816,-0.23992
distance_to_nearest_major_city_km,670.3068091777266,-0.24232
distance_to_nearest_major_city_km,691.520714313385,-0.24404
distance_to_nearest_major_city_km,724.9979119091487,-0.24721
distance_to_nearest_major_city_km,751.1851123009833,-0.24925
distance_to_nearest_major_city_km,768.0680527805573,-0.25076
distance_to_nearest_major_city_km,800.7772023111024,-0.25191
distance_to_nearest_major_city_km,857.5923828842614,-0.25381
distance_to_nearest_major_city_km,914.0574703725489,-0.25371
distance_to_nearest_major_city_km,935.5109818080978,-0.25307
distance_to_nearest_major_city_km,942.7470364851907,-0.25462
distance_to_nearest_major_city_km,947.0629252074855,-0.2678
distance_to_nearest_major_city_km,962.8394006683648,-0.26888
distance_to_nearest_major_city_km,981.0513610254111,-0.26924
distance_to_nearest_major_city_km,987.6462228371058,-0.26922
distance_to_nearest_major_city_km,1004.7268651409554,-0.27206
distance_to_nearest_major_city_km,1029.2872534234396,-0.27832
num_amtrak_stations_80km,0.0,0.06965
num_amtrak_stations_80km,0.5,0.08677
num_amtrak_stations_80km,1.5,0.14054
num_amtrak_stations_80km,2.5,0.17208
num_amtrak_stations_80km,3.5,0.07305
num_amtrak_stations_80km,4.5,0.08708
num_amtrak_stations_80km,5.5,0.09827
num_amtrak_stations_80km,6.5,-0.00874
num_amtrak_stations_80km,7.5,-0.01543
num_amtrak_stations_80km,8.5,-0.03046
num_amtrak_stations_80km,9.5,-0.06111
num_amtrak_stations_80km,10.5,-0.06776
num_amtrak_stations_80km,11.5,-0.08515
num_amtrak_stations_80km,12.5,-0.11751
num_amtrak_stations_80km,13.5,-0.1635
num_amtrak_stations_80km,14.5,-0.21792
num_amtrak_stations_80km,15.5,-0.2562
num_amtrak_stations_80km,16.5,-0.27571
num_amtrak_stations_80km,17.5,-0.27659
num_amtrak_stations_80km,18.5,-0.24901
num_amtrak_stations_80km,19.5,-0.21305
station_type,Platform only (no shelter),-0.61858
station_type,Platform with Shelter,-0.38129
station_type,Station Building (with waiting room),0.08092
weekly_departures,12.0,-1.38411
weekly_departures,13.0,-1.10295
weekly_departures,18.0,-1.09381
weekly_departures,22.5,-1.04128
weekly_departures,25.5,-0.9585
weekly_departures,32.5,-0.9497
weekly_departures,37.5,-0.94099
weekly_departures,38.5,-0.91211
weekly_departures,40.0,-0.90116
weekly_departures,41.5,-0.88628
weekly_departures,43.0,-0.79393
weekly_departures,46.0,-0.77906
weekly_departures,48.5,-0.76432
weekly_departures,50.0,-0.7528
weekly_departures,51.5,-0.74171
weekly_departures,54.0,-0.73296
weekly_departures,60.0,-0.72267
weekly_departures,65.5,-0.68768
weekly_departures,68.5,-0.62354
weekly_departures,71.0,-0.59476
weekly_departures,73.5,-0.57717
weekly_departures,75.5,-0.56141
weekly_departures,79.0,-0.54597
weekly_departures,83.0,-0.53171
weekly_departures,86.0,-0.51523
weekly_departures,88.5,-0.20261
weekly_departures,92.5,-0.19053
weekly_departures,96.5,-0.17781
weekly_departures,97.5,-0.16598
weekly_departures,99.0,-0.15387
weekly_departures,101.0,-0.14171
weekly_departures,102.5,-0.13418
weekly_departures,103.5,-0.12296
weekly_departures,107.0,-0.11167
weekly_departures,112.5,-0.0868
weekly_departures,118.5,-0.07178
weekly_departures,123.5,-0.06219
weekly_departures,125.5,-0.04845
weekly_departures,127.0,-0.02973
weekly_departures,129.5,-0.02174
weekly_departures,131.5,-0.01115
weekly_departures,132.5,0.00199
weekly_departures,133.5,0.00925
weekly_departures,134.5,0.01769
weekly_departures,136.0,0.02925
weekly_departures,138.5,0.04113
weekly_departures,140.5,0.05106
weekly_departures,143.5,0.05901
weekly_departures,147.0,0.06823
weekly_departures,150.0,0.07899
weekly_departures,152.5,0.08841
weekly_departures,157.0,0.09817
weekly_departures,162.5,0.10864
weekly_departures,164.5,0.13065
weekly_departures,166.0,0.14691
weekly_departures,174.5,0.15524
weekly_departures,184.0,0.16708
weekly_departures,189.5,0.21034
weekly_departures,200.0,0.22079
weekly_departures,207.5,0.2283
weekly_departures,217.5,0.23729
weekly_departures,229.0,0.24587
weekly_departures,234.0,0.25585
weekly_departures,239.0,0.26787
weekly_departures,243.0,0.27499
weekly_departures,252.5,0.27998
weekly_departures,263.0,0.28394
weekly_departures,267.0,0.29208
weekly_departures,274.0,0.30125
weekly_departures,280.5,0.3093
weekly_departures,294.5,0.31956
weekly_departures,310.5,0.3292
weekly_departures,324.5,0.34126
weekly_departures,352.0,0.35086
weekly_departures,384.0,0.36418
weekly_departures,408.0,0.37602
weekly_departures,418.5,0.38804
weekly_departures,428.5,0.39936
weekly_departures,445.5,0.41784
weekly_departures,457.5,0.42611
weekly_departures,462.0,0.43427
weekly_departures,467.5,0.44727
weekly_departures,491.5,0.45817
weekly_departures,517.0,0.46977
weekly_departures,523.0,0.48009
weekly_departures,531.0,0.48936
weekly_departures,545.0,0.50448
weekly_departures,559.0,0.51692
weekly_departures,582.0,0.53441
weekly_departures,598.5,0.54729
weekly_departures,601.5,0.5625
weekly_departures,609.0,0.60323
weekly_departures,621.0,0.62
weekly_departures,640.0,0.63547
weekly_departures,658.5,0.67868
weekly_departures,672.0,0.69364
weekly_departures,682.0,0.70397
weekly_departures,685.5,0.71318
weekly_departures,692.5,0.72684
weekly_departures,726.0,0.743
weekly_departures,781.0,0.75222
weekly_departures,849.5,0.77174
weekly_departures,956.5,0.79693
weekly_departures,1037.0,0.80836
weekly_departures,1118.5,0.82304
weekly_departures,1298.5,0.83654
weekly_departures,1449.5,0.85414
weekly_departures,1661.0,0.86491
weekly_departures,1972.0,0.87335
weekly_departures,2173.5,0.8817
weekly_departures,2275.5,0.89247
weekly_departures,2328.0,0.90623
weekly_departures,2678.5,0.92249
weekly_departures,3109.0,0.94055
weekly_departures,3265.5,0.96069
is_terminal,0.0,-0.20053
is_terminal,0.5,0.51338
avg_dwell_time_sec,0.0,-0.32315
avg_dwell_time_sec,1.6265060240963856,-0.32784
avg_dwell_time_sec,3.5312679288582904,-0.32839
avg_dwell_time_sec,3.9150711831124205,-0.32234
avg_dwell_time_sec,4.05576382380506,-0.3188
avg_dwell_time_sec,4.439071566731141,-0.3172
avg_dwell_time_sec,5.107184860472576,-0.31525
avg_dwell_time_sec,5.587819336201968,-0.31251
avg_dwell_time_sec,7.182762135303861,-0.30716
avg_dwell_time_sec,9.813097794261175,-0.30294
avg_dwell_time_sec,11.559633027522935,-0.29993
avg_dwell_time_sec,13.555045871559633,-0.29618
avg_dwell_time_sec,15.872093023255815,-0.29129
avg_dwell_time_sec,17.7379466817924,-0.28771
avg_dwell_time_sec,19.008710801393725,-0.28153
avg_dwell_time_sec,19.642857142857142,-0.27644
avg_dwell_time_sec,25.0,-0.27035
avg_dwell_time_sec,31.0,-0.25573
avg_dwell_time_sec,33.14285714285714,-0.14211
avg_dwell_time_sec,34.64285714285714,-0.13104
avg_dwell_time_sec,37.9375,-0.12561
avg_dwell_time_sec,41.21798780487805,-0.1194
avg_dwell_time_sec,43.021867115222875,-0.10674
avg_dwell_time_sec,44.741379310344826,-0.10336
avg_dwell_time_sec,45.47029702970297,-0.09974
avg_dwell_time_sec,47.75290572535515,-0.09536
avg_dwell_time_sec,49.78260869565217,-0.09217
avg_dwell_time_sec,50.16129032258064,-0.08799
avg_dwell_time_sec,50.87557603686636,-0.08452
avg_dwell_time_sec,51.62337662337663,-0.08041
avg_dwell_time_sec,52.15909090909091,-0.07771
avg_dwell_time_sec,52.77173913043478,-0.07417
avg_dwell_time_sec,53.27849588719154,-0.06933
avg_dwell_time_sec,54.44906444906445,-0.05817
avg_dwell_time_sec,56.34399308556612,-0.05443
avg_dwell_time_sec,57.74259448416751,-0.04971
avg_dwell_time_sec,58.51398601398601,-0.04447
avg_dwell_time_sec,59.42307692307692,-0.04238
avg_dwell_time_sec,60.81081081081081,-0.0387
avg_dwell_time_sec,62.31081081081081,-0.03553
avg_dwell_time_sec,63.435483870967744,-0.03186
avg_dwell_time_sec,64.00444938820912,-0.03229
avg_dwell_time_sec,64.79623824451411,-0.03092
avg_dwell_time_sec,65.54228613209847,-0.02762
avg_dwell_time_sec,66.2800589975309,-0.02473
avg_dwell_time_sec,67.04302724408132,-0.02186
avg_dwell_time_sec,67.49102512963702,-0.01889
avg_dwell_time_sec,67.91304347826087,-0.01722
avg_dwell_time_sec,69.3076923076923,-0.01569
avg_dwell_time_sec,70.76223776223776,-0.01332
avg_dwell_time_sec,71.07954545454545,-0.01054
avg_dwell_time_sec,71.625,-0.00934
avg_dwell_time_sec,72.25,-0.00668
avg_dwell_time_sec,72.90024630541872,-0.00467
avg_dwell_time_sec,73.94191297208539,-0.00223
avg_dwell_time_sec,74.88660337552741,-0.00048
avg_dwell_time_sec,75.45901437876367,0.00124
avg_dwell_time_sec,75.75881451200817,0.00304
avg_dwell_time_sec,75.99473684210525,0.0056
avg_dwell_time_sec,76.225,0.00926
avg_dwell_time_sec,76.69642857142857,0.01048
avg_dwell_time_sec,77.16491056113698,0.01205
avg_dwell_time_sec,77.34348198970841,0.0158
avg_dwell_time_sec,78.53609625668449,0.01839
avg_dwell_time_sec,79.78609625668449,0.02089
avg_dwell_time_sec,80.51546391752578,0.02279
avg_dwell_time_sec,81.56809549647315,0.0249
avg_dwell_time_sec,82.51330573625074,0.02716
avg_dwell_time_sec,83.96067415730337,0.03035
avg_dwell_time_sec,85.08064516129032,0.03944
avg_dwell_time_sec,85.21222410865875,0.04252
avg_dwell_time_sec,85.60776942355889,0.04579
avg_dwell_time_sec,87.57078507078506,0.04945
avg_dwell_time_sec,89.5945945945946,0.05404
avg_dwell_time_sec,90.30612244897961,0.05627
avg_dwell_time_sec,92.26264418811004,0.06024
avg_dwell_time_sec,94.64882943143814,0.06323
avg_dwell_time_sec,96.16364527192553,0.06726
avg_dwell_time_sec,97.22133757961782,0.07126
avg_dwell_time_sec,98.20945945945945,0.07449
avg_dwell_time_sec,99.45945945945945,0.07766
avg_dwell_time_sec,100.57142857142857,0.08037
avg_dwell_time_sec,101.57142857142857,0.08287
avg_dwell_time_sec,102.07142857142857,0.08431
avg_dwell_time_sec,102.8134498480243,0.08579
avg_dwell_time_sec,104.24202127659575,0.08738
avg_dwell_time_sec,105.54347826086956,0.0881
avg_dwell_time_sec,108.30663615560641,0.08825
avg_dwell_time_sec,110.97744360902257,0.08925
avg_dwell_time_sec,111.62337662337663,0.09092
avg_dwell_time_sec,112.05587989991659,0.09174
avg_dwell_time_sec,113.41951626355296,0.08165
avg_dwell_time_sec,115.35272727272728,0.083
avg_dwell_time_sec,116.58,0.06742
avg_dwell_time_sec,117.74050632911391,0.06787
avg_dwell_time_sec,119.24050632911391,0.06417
avg_dwell_time_sec,122.25,0.06528
avg_dwell_time_sec,125.87903225806451,0.06737
avg_dwell_time_sec,127.87431527693244,0.06895
avg_dwell_time_sec,128.53099730458223,0.07148
avg_dwell_time_sec,129.28571428571428,0.07351
avg_dwell_time_sec,132.2,0.07642
avg_dwell_time_sec,134.7,0.08002
avg_dwell_time_sec,135.24193548387098,0.08287
avg_dwell_time_sec,136.11402850712676,0.08471
avg_dwell_time_sec,137.9720930232558,0.08664
avg_dwell_time_sec,139.47723214285713,0.08879
avg_dwell_time_sec,140.9298637218045,0.09133
avg_dwell_time_sec,145.25475923852184,0.0951
avg_dwell_time_sec,149.20212765957447,0.09818
avg_dwell_time_sec,154.0909090909091,0.10051
avg_dwell_time_sec,158.5909090909091,0.10314
avg_dwell_time_sec,159.5,0.10526
avg_dwell_time_sec,161.02189781021897,0.10763
avg_dwell_time_sec,162.78660369257193,0.11143
avg_dwell_time_sec,164.11764705882354,0.11499
avg_dwell_time_sec,167.3529411764706,0.11741
avg_dwell_time_sec,171.25,0.12198
avg_dwell_time_sec,173.85,0.12455
avg_dwell_time_sec,177.6,0.12637
avg_dwell_time_sec,183.8709677419355,0.12938
avg_dwell_time_sec,188.67096774193547,0.13164
avg_dwell_time_sec,190.8,0.13422
avg_dwell_time_sec,194.70967741935485,0.13736
avg_dwell_time_sec,198.70967741935485,0.13744
avg_dwell_time_sec,201.05263157894734,0.14061
avg_dwell_time_sec,206.05263157894734,0.1425
avg_dwell_time_sec,212.5,0.14554
avg_dwell_time_sec,217.82258064516128,0.14711
avg_dwell_time_sec,222.49649368863956,0.15165
avg_dwell_time_sec,224.67391304347825,0.15517
avg_dwell_time_sec,228.9,0.15674
avg_dwell_time_sec,233.7913043478261,0.15744
avg_dwell_time_sec,237.3913043478261,0.1417
avg_dwell_time_sec,243.75,0.14664
avg_dwell_time_sec,258.75,0.151
avg_dwell_time_sec,273.57142857142856,0.15353
avg_dwell_time_sec,277.25995316159253,0.15632
avg_dwell_time_sec,288.6885245901639,0.15864
avg_dwell_time_sec,300.75,0.16537
avg_dwell_time_sec,306.75,0.16453
avg_dwell_time_sec,317.0526315789474,0.16755
avg_dwell_time_sec,323.90977443609023,0.16986
avg_dwell_time_sec,327.8571428571429,0.17111
avg_dwell_time_sec,336.62790697674416,0.17411
avg_dwell_time_sec,343.73317013463895,0.17596
avg_dwell_time_sec,345.32767997050416,0.1798
avg_dwell_time_sec,353.2224168126095,0.17338
avg_dwell_time_sec,362.4,0.17567
avg_dwell_time_sec,369.9,0.17848
avg_dwell_time_sec,382.5,0.18027
avg_dwell_time_sec,401.4335664335664,0.18483
avg_dwell_time_sec,416.4335664335664,0.18586
avg_dwell_time_sec,429.9139414802065,0.18765
avg_dwell_time_sec,451.8782271944923,0.18662
avg_dwell_time_sec,465.29761904761904,0.18757
avg_dwell_time_sec,469.4623655913979,0.18835
avg_dwell_time_sec,476.1290322580645,0.18811
avg_dwell_time_sec,482.9032258064516,0.18902
avg_dwell_time_sec,493.6784196049012,0.1909
avg_dwell_time_sec,502.5143242332322,0.19154
avg_dwell_time_sec,505.2875175315568,0.1923
avg_dwell_time_sec,538.5483870967741,0.19329
avg_dwell_time_sec,574.7142857142858,0.19407
avg_dwell_time_sec,582.2142857142858,0.19544
avg_dwell_time_sec,587.5,0.20912
avg_dwell_time_sec,595.0,0.21261
avg_dwell_time_sec,615.0,0.231
avg_dwell_time_sec,634.3666666666667,0.23559
avg_dwell_time_sec,639.3666666666667,0.26103
avg_dwell_time_sec,676.25,0.26691
avg_dwell_time_sec,725.7236842105262,0.26802
avg_dwell_time_sec,744.4736842105262,0.26918
avg_dwell_time_sec,765.0,0.27039
avg_dwell_time_sec,795.0,0.27177
avg_dwell_time_sec,813.0,0.27328
avg_dwell_time_sec,828.0,0.2759
avg_dwell_time_sec,847.5,0.2837
avg_dwell_time_sec,861.9,0.34859
avg_dwell_time_sec,884.4,0.3546
avg_dwell_time_sec,930.0,0.35677
avg_dwell_time_sec,975.0,0.36827
avg_dwell_time_sec,1005.0,0.37066
avg_dwell_time_sec,1030.0,0.37037
avg_dwell_time_sec,1099.4736842105262,0.37036
avg_dwell_time_sec,1179.4736842105262,0.36471
avg_dwell_time_sec,1262.4,0.36016
avg_dwell_time_sec,1344.2181818181816,0.27817
avg_dwell_time_sec,1431.8181818181818,0.26885
avg_dwell_time_sec,1575.7894736842104,0.26562
avg_dwell_time_sec,1680.7894736842104,0.25272
avg_dwell_time_sec,1737.6923076923078,0.24774
avg_dwell_time_sec,1932.6923076923078,0.24751
avg_dwell_time_sec,2250.0,0.25296
avg_dwell_time_sec,2430.0,0.24078
avg_dwell_time_sec,2580.0,0.21315
avg_dwell_time_sec,2805.0,0.19441
avg_dwell_time_sec,2925.0,0.17414
avg_dwell_time_sec,3067.5,0.15255
avg_dwell_time_sec,4612.5,0.13275
service_span_hours,0.3833333333333333,-0.48572
service_span_hours,0.475,-0.48304
service_span_hours,0.5916666666666667,-0.48073
service_span_hours,0.6583333333333333,-0.47688
service_span_hours,0.9249999999999999,-0.47551
service_span_hours,1.2083333333333333,-0.47042
service_span_hours,1.275,-0.44808
service_span_hours,1.3083333333333333,-0.45753
service_span_hours,1.6416666666666666,-0.45129
service_span_hours,2.1666666666666665,-0.44201
service_span_hours,2.3916666666666666,-0.43439
service_span_hours,2.4916666666666667,-0.37507
service_span_hours,2.6500000000000004,-0.36601
service_span_hours,2.7333333333333334,-0.35968
service_span_hours,2.8,-0.30392
service_span_hours,2.908333333333333,-0.29782
service_span_hours,2.9916666666666667,-0.27768
service_span_hours,3.075,-0.27319
service_span_hours,3.333333333333333,-0.26863
service_span_hours,3.6666666666666665,-0.25756
service_span_hours,3.8499999999999996,-0.22364
service_span_hours,3.9333333333333336,-0.22044
service_span_hours,3.9833333333333334,-0.21661
service_span_hours,4.016666666666667,-0.18784
service_span_hours,4.125,-0.18139
service_span_hours,4.266666666666667,-0.17874
service_span_hours,4.391666666666667,-0.17488
service_span_hours,4.483333333333333,-0.16944
service_span_hours,4.541666666666666,-0.16585
service_span_hours,4.625,-0.16319
service_span_hours,4.708333333333334,-0.18338
service_span_hours,4.841666666666667,-0.18281
service_span_hours,5.033333333333333,-0.18047
service_span_hours,5.241666666666667,-0.17955
service_span_hours,5.4,-0.17699
service_span_hours,5.491666666666667,-0.17219
service_span_hours,5.566666666666666,-0.17025
service_span_hours,5.616666666666667,-0.16781
service_span_hours,5.65,-0.16464
service_span_hours,5.675000000000001,-0.16085
service_span_hours,5.841666666666667,-0.15888
service_span_hours,6.075,-0.15467
service_span_hours,6.158333333333333,-0.15152
service_span_hours,6.233333333333333,-0.14876
service_span_hours,6.4,-0.14511
service_span_hours,6.508333333333333,-0.14002
service_span_hours,6.541666666666666,-0.13772
service_span_hours,6.583333333333333,-0.13336
service_span_hours,6.641666666666667,-0.13022
service_span_hours,6.758333333333333,-0.12496
service_span_hours,6.858333333333333,-0.12253
service_span_hours,6.975,-0.11756
service_span_hours,7.141666666666667,-0.11587
service_span_hours,7.291666666666666,-0.10971
service_span_hours,7.391666666666667,-0.10671
service_span_hours,7.533333333333333,-0.10273
service_span_hours,7.75,-0.10114
service_span_hours,7.9,-0.09504
service_span_hours,8.066666666666666,-0.09174
service_span_hours,8.225000000000001,-0.08846
service_span_hours,8.308333333333334,-0.08619
service_span_hours,8.375,-0.08489
service_span_hours,8.491666666666667,-0.08291
service_span_hours,8.600000000000001,-0.08132
service_span_hours,8.675,-0.0838
service_span_hours,8.808333333333334,-0.08105
service_span_hours,8.891666666666666,-0.07886
service_span_hours,8.908333333333333,-0.07759
service_span_hours,8.991666666666667,-0.07536
service_span_hours,9.108333333333334,-0.07294
service_span_hours,9.216666666666665,-0.0725
service_span_hours,9.433333333333334,-0.07108
service_span_hours,9.591666666666667,-0.07023
service_span_hours,9.625,-0.06948
service_span_hours,9.658333333333333,-0.06853
service_span_hours,9.758333333333333,-0.06694
service_span_hours,9.916666666666666,-0.0628
service_span_hours,9.991666666666667,-0.05937
service_span_hours,10.033333333333333,-0.05675
service_span_hours,10.075,-0.05391
service_span_hours,10.125,-0.04598
service_span_hours,10.183333333333334,-0.04038
service_span_hours,10.208333333333334,-0.04003
service_span_hours,10.258333333333335,-0.03867
service_span_hours,10.316666666666666,-0.03742
service_span_hours,10.45,-0.04127
service_span_hours,10.575,-0.04097
service_span_hours,10.608333333333334,-0.0404
service_span_hours,10.641666666666666,-0.03951
service_span_hours,10.666666666666668,-0.13405
service_span_hours,10.741666666666667,-0.13344
service_span_hours,10.841666666666667,-0.136
service_span_hours,10.916666666666666,-0.1386
service_span_hours,11.041666666666666,-0.13696
service_span_hours,11.166666666666666,-0.13958
service_span_hours,11.274999999999999,-0.1395
service_span_hours,11.358333333333334,-0.13694
service_span_hours,11.4,-0.13508
service_span_hours,11.491666666666667,-0.13275
service_span_hours,11.566666666666666,-0.13231
service_span_hours,11.658333333333333,-0.13174
service_span_hours,11.774999999999999,-0.13154
service_span_hours,11.908333333333333,-0.13083
service_span_hours,12.008333333333333,-0.13107
service_span_hours,12.024999999999999,-0.13061
service_span_hours,12.075,-0.13617
service_span_hours,12.125,-0.13484
service_span_hours,12.175,-0.13429
service_span_hours,12.25,-0.13246
service_span_hours,12.308333333333334,-0.13195
service_span_hours,12.375,-0.12902
service_span_hours,12.466666666666669,-0.12884
service_span_hours,12.524999999999999,-0.12779
service_span_hours,12.549999999999999,-0.12626
service_span_hours,12.649999999999999,-0.12402
service_span_hours,12.75,-0.12361
service_span_hours,12.774999999999999,-0.11945
service_span_hours,12.816666666666666,-0.11931
service_span_hours,12.908333333333335,-0.11889
service_span_hours,13.0,-0.11744
service_span_hours,13.049999999999999,-0.11783
service_span_hours,13.075,-0.1162
service_span_hours,13.091666666666667,-0.11591
service_span_hours,13.141666666666666,-0.1158
service_span_hours,13.216666666666667,-0.11391
service_span_hours,13.258333333333333,-0.11273
service_span_hours,13.383333333333333,-0.11269
service_span_hours,13.508333333333333,-0.11168
service_span_hours,13.524999999999999,-0.11151
service_span_hours,13.558333333333334,-0.11061
service_span_hours,13.658333333333333,-0.1087
service_span_hours,13.741666666666667,-0.10862
service_span_hours,13.758333333333333,-0.10894
service_span_hours,13.783333333333335,-0.10866
service_span_hours,13.833333333333334,-0.10738
service_span_hours,13.883333333333333,-0.10651
service_span_hours,13.95,-0.10533
service_span_hours,14.016666666666666,-0.10389
service_span_hours,14.049999999999999,-0.10203
service_span_hours,14.083333333333332,-0.10238
service_span_hours,14.141666666666666,-0.10132
service_span_hours,14.191666666666666,-0.09959
service_span_hours,14.241666666666665,-0.09825
service_span_hours,14.291666666666666,-0.0969
service_span_hours,14.341666666666667,-0.09599
service_span_hours,14.416666666666666,-0.09451
service_span_hours,14.466666666666665,-0.09345
service_span_hours,14.5,-0.09197
service_span_hours,14.55,-0.0912
service_span_hours,14.600000000000001,-0.09017
service_span_hours,14.625,-0.08977
service_span_hours,14.641666666666666,-0.08716
service_span_hours,14.683333333333334,-0.0867
service_span_hours,14.725000000000001,-0.08566
service_span_hours,14.825,-0.08512
service_span_hours,14.925,-0.08317
service_span_hours,14.983333333333333,-0.0808
service_span_hours,15.049999999999999,-0.07959
service_span_hours,15.083333333333332,-0.0789
service_span_hours,15.108333333333334,-0.07262
service_span_hours,15.183333333333334,-0.07037
service_span_hours,15.383333333333333,-0.07164
service_span_hours,15.533333333333335,-0.07042
service_span_hours,15.566666666666666,-0.06803
service_span_hours,15.591666666666667,-0.06652
service_span_hours,15.608333333333334,-0.06394
service_span_hours,15.675,-0.06816
service_span_hours,15.816666666666666,-0.06805
service_span_hours,15.916666666666668,-0.09738
service_span_hours,15.941666666666666,-0.09733
service_span_hours,15.991666666666667,-0.09532
service_span_hours,16.05,-0.0947
service_span_hours,16.075,-0.09011
service_span_hours,16.15833333333333,-0.08807
service_span_hours,16.25,-0.08749
service_span_hours,16.275,-0.08565
service_span_hours,16.34166666666667,-0.08252
service_span_hours,16.416666666666664,-0.07917
service_span_hours,16.45,-0.07867
service_span_hours,16.591666666666665,-0.07817
service_span_hours,16.799999999999997,-0.07722
service_span_hours,16.90833333333333,-0.07613
service_span_hours,16.941666666666666,-0.0756
service_span_hours,16.958333333333332,-0.07364
service_span_hours,17.0,-0.07241
service_span_hours,17.041666666666668,-0.07062
service_span_hours,17.108333333333334,-0.07032
service_span_hours,17.191666666666666,-0.06927
service_span_hours,17.225,-0.0683
service_span_hours,17.241666666666667,-0.06769
service_span_hours,17.275,-0.06646
service_span_hours,17.433333333333334,-0.06584
service_span_hours,17.6,-0.06501
service_span_hours,17.683333333333334,-0.06129
service_span_hours,17.741666666666667,-0.0578
service_span_hours,17.758333333333333,-0.0574
service_span_hours,17.808333333333334,-0.05617
service_span_hours,17.866666666666667,-0.05431
service_span_hours,17.9,-0.05252
service_span_hours,17.983333333333334,-0.06298
service_span_hours,18.066666666666666,-0.0626
service_span_hours,18.133333333333333,-0.06141
service_span_hours,18.200000000000003,-0.05964
service_span_hours,18.241666666666667,-0.05882
service_span_hours,18.308333333333334,-0.05747
service_span_hours,18.358333333333334,-0.05661
service_span_hours,18.400000000000002,-0.05438
service_span_hours,18.458333333333336,-0.05211
service_span_hours,18.5,-0.04955
service_span_hours,18.575,-0.04611
service_span_hours,18.641666666666666,-0.04445
service_span_hours,18.65833333333333,-0.04303
service_span_hours,18.675000000000004,-0.04068
service_span_hours,18.725,-0.03935
service_span_hours,18.833333333333332,-0.03709
service_span_hours,18.98333333333333,-0.03556
service_span_hours,19.099999999999998,-0.03399
service_span_hours,19.183333333333334,-0.03171
service_span_hours,19.266666666666666,-0.0301
service_span_hours,19.325000000000003,-0.02942
service_span_hours,19.383333333333333,-0.02914
service_span_hours,19.53333333333333,-0.02837
service_span_hours,19.666666666666668,-0.02712
service_span_hours,19.741666666666667,-0.02488
service_span_hours,19.816666666666666,-0.02343
service_span_hours,19.924999999999997,-0.02324
service_span_hours,20.049999999999997,-0.0227
service_span_hours,20.09166666666667,-0.02212
service_span_hours,20.125,-0.02199
service_span_hours,20.18333333333333,-0.02094
service_span_hours,20.241666666666667,-0.02568
service_span_hours,20.299999999999997,-0.02657
service_span_hours,20.46666666666667,-0.02524
service_span_hours,20.608333333333334,-0.02384
service_span_hours,20.641666666666666,-0.02355
service_span_hours,21.041666666666668,-0.07766
service_span_hours,21.516666666666666,-0.09221
service_span_hours,21.65833333333333,-0.09829
service_span_hours,21.808333333333334,-0.09827
service_span_hours,22.008333333333333,-0.09845
service_span_hours,22.133333333333333,-0.09853
service_span_hours,22.183333333333334,-0.09849
service_span_hours,22.241666666666667,-0.09788
service_span_hours,22.333333333333336,-0.09535
service_span_hours,22.424999999999997,-0.09483
service_span_hours,22.516666666666666,-0.09386
service_span_hours,22.574999999999996,-0.09227
service_span_hours,22.6,-0.09003
service_span_hours,22.666666666666664,-0.08938
service_span_hours,22.741666666666667,-0.08795
service_span_hours,22.775,-0.08789
service_span_hours,22.799999999999997,-0.08665
service_span_hours,22.849999999999998,-0.08648
service_span_hours,22.891666666666666,-0.08611
service_span_hours,22.941666666666666,-0.08487
service_span_hours,23.108333333333334,-0.08359
service_span_hours,23.241666666666667,-0.08335
service_span_hours,23.258333333333333,-0.08207
service_span_hours,23.35,-0.08179
service_span_hours,23.450000000000003,-0.08156
service_span_hours,23.55833333333333,-0.08149
service_span_hours,23.708333333333332,-0.08067
service_span_hours,23.78333333333333,-0.07904
service_span_hours,23.816666666666666,-0.07902
service_span_hours,23.916666666666664,-0.07834
service_span_hours,24.083333333333336,-0.07518
service_span_hours,24.275,-0.07438
service_span_hours,24.441666666666666,-0.07345
service_span_hours,24.508333333333333,-0.07232
service_span_hours,24.53333333333333,-0.07193
service_span_hours,24.55833333333333,-0.06986
service_span_hours,24.65833333333333,-0.06917
service_span_hours,24.766666666666666,-0.06751
service_span_hours,24.808333333333334,-0.06709
service_span_hours,24.85,-0.06628
service_span_hours,24.883333333333333,-0.06544
service_span_hours,24.991666666666667,-0.06522
service_span_hours,25.15833333333333,-0.06496
service_span_hours,25.266666666666666,-0.06471
service_span_hours,25.325000000000003,-0.064
service_span_hours,25.450000000000003,-0.06216
service_span_hours,25.55833333333333,-0.06157
service_span_hours,25.65,-0.05932
service_span_hours,25.875,-0.0593
service_span_hours,26.075,-0.05779
service_span_hours,26.174999999999997,-0.05615
service_span_hours,26.225,-0.05547
service_span_hours,26.4,-0.05497
service_span_hours,26.616666666666667,-0.05433
service_span_hours,26.675000000000004,-0.05228
service_span_hours,26.733333333333334,-0.0502
service_span_hours,26.825000000000003,-0.04819
service_span_hours,26.933333333333334,-0.04489
service_span_hours,27.141666666666666,-0.04368
service_span_hours,27.325000000000003,-0.04273
service_span_hours,27.516666666666666,-0.04238
service_span_hours,27.675000000000004,-0.04198
service_span_hours,27.866666666666667,-0.04124
service_span_hours,28.09166666666667,-0.04046
service_span_hours,28.233333333333334,-0.04041
service_span_hours,28.34166666666667,-0.03919
service_span_hours,28.39166666666667,-0.03821
service_span_hours,28.450000000000003,-0.03825
service_span_hours,28.508333333333333,-0.03745
service_span_hours,28.575000000000003,-0.03758
service_span_hours,28.633333333333333,-0.03793
service_span_hours,28.691666666666666,-0.03803
service_span_hours,28.725,-0.0378
service_span_hours,28.791666666666668,-0.0367
service_span_hours,28.858333333333334,-0.03625
service_span_hours,28.90833333333333,-0.03618
service_span_hours,28.975,-0.03658
service_span_hours,29.05,-0.03668
service_span_hours,29.116666666666667,-0.0362
service_span_hours,29.258333333333333,-0.0323
service_span_hours,29.408333333333335,-0.03234
service_span_hours,29.44166666666667,-0.03244
service_span_hours,29.5,-0.03155
service_span_hours,29.583333333333336,-0.03121
service_span_hours,29.666666666666664,-0.03108
service_span_hours,29.733333333333334,-0.03053
service_span_hours,29.933333333333334,-0.03057
service_span_hours,30.208333333333336,-0.03025
service_span_hours,30.425,-0.02878
service_span_hours,30.566666666666666,-0.02643
service_span_hours,30.608333333333334,-0.02645
service_span_hours,30.658333333333335,-0.02533
service_span_hours,31.0,-0.02481
service_span_hours,31.40833333333333,-0.02466
service_span_hours,31.608333333333334,-0.02202
service_span_hours,31.85,-0.02001
service_span_hours,32.05833333333334,-0.01978
service_span_hours,32.175,-0.01882
service_span_hours,32.358333333333334,-0.01704
service_span_hours,32.525,-0.01539
service_span_hours,32.86666666666666,-0.01297
service_span_hours,33.2,-0.01229
service_span_hours,33.25,-0.01118
service_span_hours,33.30833333333334,-0.01035
service_span_hours,33.35,-0.01001
service_span_hours,33.4,-0.00938
service_span_hours,33.45,-0.00825
service_span_hours,33.516666666666666,-0.00724
service_span_hours,33.625,-0.00558
service_span_hours,33.69166666666666,-0.00492
service_span_hours,33.75,-0.00376
service_span_hours,33.86666666666666,-0.00352
service_span_hours,33.96666666666667,-0.00301
service_span_hours,34.05,-0.00263
service_span_hours,34.15833333333333,-0.00207
service_span_hours,34.41666666666667,-0.00136
service_span_hours,34.65833333333333,0.00104
service_span_hours,34.708333333333336,0.00251
service_span_hours,34.75833333333333,0.00278
service_span_hours,34.90833333333333,0.0056
service_span_hours,35.09166666666667,0.00679
service_span_hours,35.175,0.00774
service_span_hours,35.21666666666667,0.0079
service_span_hours,35.266666666666666,0.00943
service_span_hours,35.358333333333334,0.01081
service_span_hours,35.483333333333334,0.01137
service_span_hours,35.55833333333334,0.01231
service_span_hours,35.675,0.01211
service_span_hours,36.075,0.01274
service_span_hours,36.53333333333333,0.01288
service_span_hours,37.041666666666664,0.01319
service_span_hours,37.483333333333334,0.0134
service_span_hours,37.583333333333336,0.01489
service_span_hours,37.68333333333334,0.0153
service_span_hours,37.775,0.01703
service_span_hours,37.791666666666664,0.01799
service_span_hours,37.849999999999994,0.0193
service_span_hours,37.99166666666667,0.02005
service_span_hours,38.1,0.02076
service_span_hours,38.13333333333333,0.02165
service_span_hours,38.15833333333333,0.02218
service_span_hours,38.46666666666667,0.02276
service_span_hours,38.775,0.02399
service_span_hours,38.8,0.02502
service_span_hours,38.95,0.02812
service_span_hours,39.13333333333333,0.03076
service_span_hours,39.266666666666666,0.03158
service_span_hours,39.44166666666666,0.03234
service_span_hours,39.61666666666667,0.03315
service_span_hours,39.75833333333334,0.0341
service_span_hours,39.94166666666667,0.03531
service_span_hours,40.175,0.03598
service_span_hours,40.38333333333333,0.03705
service_span_hours,40.69166666666666,0.03892
service_span_hours,40.925,0.04083
service_span_hours,41.233333333333334,0.05461
service_span_hours,41.53333333333333,0.08267
service_span_hours,41.666666666666664,0.0833
service_span_hours,42.016666666666666,0.08382
service_span_hours,42.75,0.08471
service_span_hours,43.575,0.08555
service_span_hours,43.925,0.08594
service_span_hours,44.208333333333336,0.08685
service_span_hours,44.5,0.08771
service_span_hours,44.69166666666666,0.0894
service_span_hours,44.93333333333334,0.09822
service_span_hours,45.06666666666666,0.11708
service_span_hours,45.225,0.11785
service_span_hours,45.525000000000006,0.11834
service_span_hours,45.900000000000006,0.11915
service_span_hours,46.16666666666667,0.1198
service_span_hours,46.3,0.12002
service_span_hours,46.55833333333334,0.12034
service_span_hours,46.83333333333333,0.12126
service_span_hours,47.38333333333333,0.122
service_span_hours,48.28333333333333,0.12239
service_span_hours,48.94166666666666,0.12312
service_span_hours,49.33333333333333,0.12396
service_span_hours,49.55,0.12508
service_span_hours,49.63333333333333,0.12602
service_span_hours,50.099999999999994,0.13323
service_span_hours,50.69166666666666,0.13886
service_span_hours,51.18333333333334,0.19544
service_span_hours,51.599999999999994,0.1975
service_span_hours,51.68333333333334,0.2898
service_span_hours,51.75833333333334,0.29092
service_span_hours,51.84166666666667,0.29211
service_span_hours,51.875,0.29193
service_span_hours,51.91666666666667,0.29258
service_span_hours,51.96666666666667,0.29278
service_span_hours,52.0,0.29281
service_span_hours,52.025,0.29301
service_span_hours,52.075,0.29246
service_span_hours,52.21666666666667,0.29282
service_span_hours,52.425,0.26706
service_span_hours,52.599999999999994,0.26661
service_span_hours,52.675,0.26628
service_span_hours,53.15833333333333,0.26622
service_span_hours,54.358333333333334,0.26593
service_span_hours,55.45,0.26568
service_span_hours,55.833333333333336,0.26514
service_span_hours,56.225,0.24229
service_span_hours,56.675,0.24252
service_span_hours,56.9,0.24224
service_span_hours,57.40833333333333,0.24323
service_span_hours,58.025,0.24485
service_span_hours,58.675,0.24578
service_span_hours,59.21666666666667,0.24643
service_span_hours,60.775,0.24746
service_span_hours,62.65,0.24844
service_span_hours,63.766666666666666,0.24969
service_span_hours,64.875,0.37052
service_span_hours,65.68333333333334,0.36971
service_span_hours,66.07499999999999,0.36695
service_span_hours,66.13333333333333,0.23198
service_span_hours,66.17500000000001,0.18932
service_span_hours,66.21666666666667,0.1665
service_span_hours,67.63333333333333,0.14495
service_span_hours,71.23333333333333,0.14117
service_span_hours,75.21666666666667,0.13731
service_span_hours,77.19166666666666,0.1231
service_span_hours,78.48333333333333,0.11918
avg_stop_sequence_pct,0.3472222222222222,-0.35187
avg_stop_sequence_pct,0.3611111111111111,-0.34021
avg_stop_sequence_pct,0.384248506967485,-0.33937
avg_stop_sequence_pct,0.393562735051063,-0.3392
avg_stop_sequence_pct,0.3949296337853323,-0.33657
avg_stop_sequence_pct,0.39851077916214334,-0.34033
avg_stop_sequence_pct,0.40178426234927783,-0.33902
avg_stop_sequence_pct,0.40536540772608887,-0.33406
avg_stop_sequence_pct,0.4115341830512109,-0.33757
avg_stop_sequence_pct,0.4163060173101901,-0.40501
avg_stop_sequence_pct,0.41932123520190795,-0.41202
avg_stop_sequence_pct,0.42171169169655076,-0.40764
avg_stop_sequence_pct,0.42291746571730415,-0.40163
avg_stop_sequence_pct,0.4263293353323338,-0.3949
avg_stop_sequence_pct,0.4292706341734846,-0.38693
avg_stop_sequence_pct,0.42952891412441824,-0.37478
avg_stop_sequence_pct,0.430086736934563,-0.36784
avg_stop_sequence_pct,0.4329110066179031,-0.35752
avg_stop_sequence_pct,0.4354724910272136,-0.34664
avg_stop_sequence_pct,0.4361403625315322,-0.29587
avg_stop_sequence_pct,0.4390168788188431,-0.29213
avg_stop_sequence_pct,0.4415853436917905,-0.28372
avg_stop_sequence_pct,0.44253015228251813,-0.25399
avg_stop_sequence_pct,0.44354283278638185,-0.24549
avg_stop_sequence_pct,0.4442803218061532,-0.23952
avg_stop_sequence_pct,0.4451649606164886,-0.23271
avg_stop_sequence_pct,0.4465652126402634,-0.22828
avg_stop_sequence_pct,0.4476981963563673,-0.22211
avg_stop_sequence_pct,0.4482971254916669,-0.21582
avg_stop_sequence_pct,0.44986064834203854,-0.20903
avg_stop_sequence_pct,0.45234426884101275,-0.20434
avg_stop_sequence_pct,0.4538110490209441,-0.19821
avg_stop_sequence_pct,0.4545430157174467,-0.19489
avg_stop_sequence_pct,0.45571426682658595,-0.18712
avg_stop_sequence_pct,0.4571459588620137,-0.1832
avg_stop_sequence_pct,0.45821120314154373,-0.17793
avg_stop_sequence_pct,0.459127140974967,-0.17192
avg_stop_sequence_pct,0.4599239016855209,-0.16704
avg_stop_sequence_pct,0.4603420369749671,-0.1627
avg_stop_sequence_pct,0.46213573679072906,-0.15093
avg_stop_sequence_pct,0.4637832709838321,-0.14621
avg_stop_sequence_pct,0.46457261349549417,-0.11863
avg_stop_sequence_pct,0.4651721515563325,-0.11472
avg_stop_sequence_pct,0.4656164591902915,-0.11069
avg_stop_sequence_pct,0.4660367543500976,-0.10617
avg_stop_sequence_pct,0.46628934183380644,-0.10166
avg_stop_sequence_pct,0.4665262110083842,-0.09631
avg_stop_sequence_pct,0.4682318076023021,-0.06327
avg_stop_sequence_pct,0.4709177545278803,-0.0598
avg_stop_sequence_pct,0.4719898734805567,-0.05384
avg_stop_sequence_pct,0.47214960701467446,-0.04995
avg_stop_sequence_pct,0.47233535387426706,-0.04642
avg_stop_sequence_pct,0.4740194423158184,-0.04346
avg_stop_sequence_pct,0.47583831265950427,-0.04133
avg_stop_sequence_pct,0.4762473299544012,-0.03992
avg_stop_sequence_pct,0.4765533703424579,-0.04593
avg_stop_sequence_pct,0.4773831213594511,-0.05501
avg_stop_sequence_pct,0.4782624596792513,-0.05353
avg_stop_sequence_pct,0.4789990488853519,-0.05244
avg_stop_sequence_pct,0.4800223476053101,-0.05054
avg_stop_sequence_pct,0.480490577268307,-0.04976
avg_stop_sequence_pct,0.4807791202105798,-0.04823
avg_stop_sequence_pct,0.4826046043717853,-0.04631
avg_stop_sequence_pct,0.4841743833567682,-0.04378
avg_stop_sequence_pct,0.4843863228415713,-0.0428
avg_stop_sequence_pct,0.48483679702891525,-0.0417
avg_stop_sequence_pct,0.48521863267556475,-0.04012
avg_stop_sequence_pct,0.48573101711652067,-0.03877
avg_stop_sequence_pct,0.4864246735376766,-0.03649
avg_stop_sequence_pct,0.4869161038158639,-0.03164
avg_stop_sequence_pct,0.4876876108337429,-0.03023
avg_stop_sequence_pct,0.48912593939320914,-0.02865
avg_stop_sequence_pct,0.49009730385302464,-0.02615
avg_stop_sequence_pct,0.4907500253338837,-0.01819
avg_stop_sequence_pct,0.49185533879719623,-0.01456
avg_stop_sequence_pct,0.4930133872015767,-0.01296
avg_stop_sequence_pct,0.49374634763738057,-0.01087
avg_stop_sequence_pct,0.4939419412716626,-0.00868
avg_stop_sequence_pct,0.4945346920314363,-0.008
avg_stop_sequence_pct,0.49530600381717926,-0.00611
avg_stop_sequence_pct,0.49580986469847355,-0.00419
avg_stop_sequence_pct,0.4961891674901186,-0.00244
avg_stop_sequence_pct,0.49677378011154427,-0.00093
avg_stop_sequence_pct,0.4989471524546717,0.00082
avg_stop_sequence_pct,0.5006764151939964,0.00237
avg_stop_sequence_pct,0.5008853217323612,0.00404
avg_stop_sequence_pct,0.5010674491127733,0.00693
avg_stop_sequence_pct,0.5024960027411626,0.00809
avg_stop_sequence_pct,0.5039646192528735,0.0098
avg_stop_sequence_pct,0.5040575017733336,0.01096
avg_stop_sequence_pct,0.5043448580951727,0.01288
avg_stop_sequence_pct,0.5058239367783341,0.01503
avg_stop_sequence_pct,0.5072842637320822,0.02754
avg_stop_sequence_pct,0.5075732225842821,0.02861
avg_stop_sequence_pct,0.5080611561963149,0.03067
avg_stop_sequence_pct,0.5085574559680797,0.03176
avg_stop_sequence_pct,0.5086436726770671,0.03266
avg_stop_sequence_pct,0.5089310289989062,0.03611
avg_stop_sequence_pct,0.5092018932536173,0.03775
avg_stop_sequence_pct,0.5094892495754564,0.03939
avg_stop_sequence_pct,0.5098881189259387,0.04095
avg_stop_sequence_pct,0.5101754752477778,0.04138
avg_stop_sequence_pct,0.5106071964017991,0.04229
avg_stop_sequence_pct,0.5108695652173914,0.04334
avg_stop_sequence_pct,0.5108945527236382,0.0442
avg_stop_sequence_pct,0.5113191451149426,0.04553
avg_stop_sequence_pct,0.512109375,0.04682
avg_stop_sequence_pct,0.5125801282051281,0.04938
avg_stop_sequence_pct,0.5126602564102565,0.05038
avg_stop_sequence_pct,0.5127403846153846,0.0519
avg_stop_sequence_pct,0.5135035313341906,0.05327
avg_stop_sequence_pct,0.5141967936639661,0.05528
avg_stop_sequence_pct,0.514246375882889,0.05596
avg_stop_sequence_pct,0.5142857142857143,0.05691
avg_stop_sequence_pct,0.5147004565482827,0.05749
avg_stop_sequence_pct,0.5152685681921136,0.05011
avg_stop_sequence_pct,0.5155161747225661,0.0346
avg_stop_sequence_pct,0.515617705935878,0.02851
avg_stop_sequence_pct,0.5158854166666667,0.03019
avg_stop_sequence_pct,0.5161564447144418,0.03142
avg_stop_sequence_pct,0.5162285994571848,0.03219
avg_stop_sequence_pct,0.5164003991815441,0.03295
avg_stop_sequence_pct,0.5165273865956639,0.03415
avg_stop_sequence_pct,0.5167728412467256,0.03491
avg_stop_sequence_pct,0.5170269655244026,0.03616
avg_stop_sequence_pct,0.5172034673394632,0.03728
avg_stop_sequence_pct,0.5175845790312601,0.03828
avg_stop_sequence_pct,0.5178175512032597,0.03913
avg_stop_sequence_pct,0.5178472972533448,0.03315
avg_stop_sequence_pct,0.517999037247795,0.02519
avg_stop_sequence_pct,0.5181289155502109,0.02296
avg_stop_sequence_pct,0.5182580956160925,-0.02603
avg_stop_sequence_pct,0.5184425817976892,-0.02859
avg_stop_sequence_pct,0.518578081077437,-0.02821
avg_stop_sequence_pct,0.5187217681342265,-0.03234
avg_stop_sequence_pct,0.5188359066333861,-0.03047
avg_stop_sequence_pct,0.5188973683022472,-0.02942
avg_stop_sequence_pct,0.5190266789988931,-0.0282
avg_stop_sequence_pct,0.5192864356037248,-0.02733
avg_stop_sequence_pct,0.5194819356575835,-0.02562
avg_stop_sequence_pct,0.5198359574808185,-0.02452
avg_stop_sequence_pct,0.5201806265984654,-0.02335
avg_stop_sequence_pct,0.5202954793028323,-0.02219
avg_stop_sequence_pct,0.5204721581759626,-0.02149
avg_stop_sequence_pct,0.5206650852167156,-0.02219
avg_stop_sequence_pct,0.5209489367502512,-0.02025
avg_stop_sequence_pct,0.5216002362890189,-0.01927
avg_stop_sequence_pct,0.5222856287143929,-0.01815
avg_stop_sequence_pct,0.5226198533133233,-0.01577
avg_stop_sequence_pct,0.5227918810150949,-0.01358
avg_stop_sequence_pct,0.5233767740632234,-0.00971
avg_stop_sequence_pct,0.5239913210004665,-0.00787
avg_stop_sequence_pct,0.5241992397916615,-0.00632
avg_stop_sequence_pct,0.5243995814138349,-0.00281
avg_stop_sequence_pct,0.5245580729045237,-0.00046
avg_stop_sequence_pct,0.5246583095726038,0.0037
avg_stop_sequence_pct,0.524737003488507,0.00649
avg_stop_sequence_pct,0.5248745037181508,0.00888
avg_stop_sequence_pct,0.524980870108599,0.01279
avg_stop_sequence_pct,0.525,0.01462
avg_stop_sequence_pct,0.5252130681818181,0.01669
avg_stop_sequence_pct,0.52545754381222,0.01776
avg_stop_sequence_pct,0.5256121226892254,0.02127
avg_stop_sequence_pct,0.5257928171268507,0.02277
avg_stop_sequence_pct,0.5259581579932564,0.02588
avg_stop_sequence_pct,0.5261283055764812,0.02752
avg_stop_sequence_pct,0.5265414773233539,0.02866
avg_stop_sequence_pct,0.5271180346721019,0.03049
avg_stop_sequence_pct,0.5273543411084529,0.03227
avg_stop_sequence_pct,0.5273692868433026,0.03391
avg_stop_sequence_pct,0.5274094267063532,0.03479
avg_stop_sequence_pct,0.52746467785311,0.03655
avg_stop_sequence_pct,0.5275288365874891,0.03829
avg_stop_sequence_pct,0.5275837663988343,0.03966
avg_stop_sequence_pct,0.5276858905818409,0.04109
avg_stop_sequence_pct,0.527857455536385,0.04851
avg_stop_sequence_pct,0.5281164103612981,0.05209
avg_stop_sequence_pct,0.5283595141929159,0.05573
avg_stop_sequence_pct,0.5285774147849625,0.05784
avg_stop_sequence_pct,0.5288581988180385,0.05833
avg_stop_sequence_pct,0.5289911402468421,0.05987
avg_stop_sequence_pct,0.5290156747317922,0.0607
avg_stop_sequence_pct,0.5290858768127764,0.06196
avg_stop_sequence_pct,0.529158183735882,0.06243
avg_stop_sequence_pct,0.5294388236757478,0.06309
avg_stop_sequence_pct,0.5297055179984893,0.06351
avg_stop_sequence_pct,0.5299601569096538,0.06401
avg_stop_sequence_pct,0.5302288760085532,0.06436
avg_stop_sequence_pct,0.5304524049021402,0.06479
avg_stop_sequence_pct,0.5309652256324269,0.06521
avg_stop_sequence_pct,0.5313299347059768,0.06539
avg_stop_sequence_pct,0.5314634391306495,0.06575
avg_stop_sequence_pct,0.5315756321979954,0.06645
avg_stop_sequence_pct,0.5316749803598533,0.06777
avg_stop_sequence_pct,0.5317707658004662,0.06834
avg_stop_sequence_pct,0.5318094740508534,0.06861
avg_stop_sequence_pct,0.5318471604173844,0.06689
avg_stop_sequence_pct,0.5318896867229419,0.06601
avg_stop_sequence_pct,0.5319284359400667,0.06611
avg_stop_sequence_pct,0.5319729873077936,0.0664
avg_stop_sequence_pct,0.5320975858766557,0.06659
avg_stop_sequence_pct,0.5322067367275868,0.06829
avg_stop_sequence_pct,0.532344158719021,0.06879
avg_stop_sequence_pct,0.5325086805555556,0.06935
avg_stop_sequence_pct,0.532681007505254,0.06961
avg_stop_sequence_pct,0.53292902337827,0.07088
avg_stop_sequence_pct,0.5330909659372971,0.0716
avg_stop_sequence_pct,0.5332397754611067,0.07357
avg_stop_sequence_pct,0.5335799859055673,0.07428
avg_stop_sequence_pct,0.5340579768775351,0.07486
avg_stop_sequence_pct,0.5343286267068774,0.07586
avg_stop_sequence_pct,0.5346939406899087,0.07763
avg_stop_sequence_pct,0.5350880966216658,0.07895
avg_stop_sequence_pct,0.5351917613636363,0.08045
avg_stop_sequence_pct,0.535658828060191,0.08199
avg_stop_sequence_pct,0.5361891759349917,0.08271
avg_stop_sequence_pct,0.5363025296380884,0.08355
avg_stop_sequence_pct,0.5366574883171991,0.08481
avg_stop_sequence_pct,0.5372489429175475,0.08646
avg_stop_sequence_pct,0.5375000000000001,0.08709
avg_stop_sequence_pct,0.5375279968552082,0.08843
avg_stop_sequence_pct,0.5376933437677307,0.08658
avg_stop_sequence_pct,0.538104626662147,0.08782
avg_stop_sequence_pct,0.5384104879794536,0.08816
avg_stop_sequence_pct,0.5384920415631622,0.08867
avg_stop_sequence_pct,0.5386828428053128,0.08913
avg_stop_sequence_pct,0.5388564539164239,0.07899
avg_stop_sequence_pct,0.5389276494115203,0.07912
avg_stop_sequence_pct,0.5392244088115405,0.04721
avg_stop_sequence_pct,0.5395134605732432,0.04813
avg_stop_sequence_pct,0.539856823324973,0.04802
avg_stop_sequence_pct,0.5403826634197786,0.04827
avg_stop_sequence_pct,0.5406704955092358,0.04903
avg_stop_sequence_pct,0.541205732018985,0.04982
avg_stop_sequence_pct,0.5417654427736887,0.05128
avg_stop_sequence_pct,0.5419142522974982,0.05144
avg_stop_sequence_pct,0.5421526067323481,0.05192
avg_stop_sequence_pct,0.5423445197044334,0.0533
avg_stop_sequence_pct,0.5423517036124794,0.05482
avg_stop_sequence_pct,0.5423588875205254,0.0556
avg_stop_sequence_pct,0.5424120511407831,0.05552
avg_stop_sequence_pct,0.5425752024991002,0.05551
avg_stop_sequence_pct,0.5427428238864294,0.05567
avg_stop_sequence_pct,0.5428828077908379,0.05592
avg_stop_sequence_pct,0.542971131164734,0.05705
avg_stop_sequence_pct,0.5430679527459306,0.05366
avg_stop_sequence_pct,0.543251386856038,0.053
avg_stop_sequence_pct,0.5442340465408508,0.05279
avg_stop_sequence_pct,0.5452273778776375,0.05259
avg_stop_sequence_pct,0.5453907943389009,0.05321
avg_stop_sequence_pct,0.5455348504199079,0.05305
avg_stop_sequence_pct,0.5456349612978117,0.05337
avg_stop_sequence_pct,0.5457499146865745,0.05365
avg_stop_sequence_pct,0.5458861130659161,0.05337
avg_stop_sequence_pct,0.5459682148721557,0.053
avg_stop_sequence_pct,0.5460503166783954,0.05239
avg_stop_sequence_pct,0.546301497744246,0.05133
avg_stop_sequence_pct,0.5467041802591466,0.05113
avg_stop_sequence_pct,0.5469285645291666,0.05128
avg_stop_sequence_pct,0.5471849880573305,0.05111
avg_stop_sequence_pct,0.548450847889838,0.05178
avg_stop_sequence_pct,0.5495874956881512,0.05192
avg_stop_sequence_pct,0.5498414376321353,0.05142
avg_stop_sequence_pct,0.550390625,0.0513
avg_stop_sequence_pct,0.5508166949562242,0.05158
avg_stop_sequence_pct,0.5509717048768592,0.05206
avg_stop_sequence_pct,0.5513329611988448,0.05211
avg_stop_sequence_pct,0.5522143875889921,0.05271
avg_stop_sequence_pct,0.553150338034059,0.05325
avg_stop_sequence_pct,0.553508991008991,0.05333
avg_stop_sequence_pct,0.5537346212512808,0.0531
avg_stop_sequence_pct,0.5547359749700258,0.0459
avg_stop_sequence_pct,0.5557997529938885,0.04608
avg_stop_sequence_pct,0.5573095599894291,0.04518
avg_stop_sequence_pct,0.5588423295454545,0.04394
avg_stop_sequence_pct,0.5591437632135307,0.05538
avg_stop_sequence_pct,0.5592930664650237,0.05508
avg_stop_sequence_pct,0.5599310285504597,0.0539
avg_stop_sequence_pct,0.5605393010565425,0.053
avg_stop_sequence_pct,0.5606499626539394,0.05288
avg_stop_sequence_pct,0.562450116356158,0.0456
avg_stop_sequence_pct,0.5643087526425099,0.04457
avg_stop_sequence_pct,0.5652287470092765,0.04419
avg_stop_sequence_pct,0.5662263033720156,0.04377
avg_stop_sequence_pct,0.5665087849832915,0.04328
avg_stop_sequence_pct,0.5673348116437922,0.01236
avg_stop_sequence_pct,0.5685045468354939,0.01137
avg_stop_sequence_pct,0.5699029672713634,0.00995
avg_stop_sequence_pct,0.5711418578106557,0.00906
avg_stop_sequence_pct,0.5718428857963742,0.00777
avg_stop_sequence_pct,0.573085121821219,-0.00543
avg_stop_sequence_pct,0.5740368782310747,-0.01391
avg_stop_sequence_pct,0.5741897314919443,-0.01557
avg_stop_sequence_pct,0.5742373140723249,-0.01702
avg_stop_sequence_pct,0.57442438699907,-0.01809
avg_stop_sequence_pct,0.5749614117411341,-0.01937
avg_stop_sequence_pct,0.575543751693177,-0.01997
avg_stop_sequence_pct,0.5757884073291051,-0.02025
avg_stop_sequence_pct,0.5765591950057963,-0.01981
avg_stop_sequence_pct,0.5773884579641692,-0.02031
avg_stop_sequence_pct,0.5783070277757527,-0.02113
avg_stop_sequence_pct,0.5796507539818905,-0.02206
avg_stop_sequence_pct,0.5804800169402633,-0.02278
avg_stop_sequence_pct,0.5812279545907644,-0.02233
avg_stop_sequence_pct,0.5817226528338335,-0.02305
avg_stop_sequence_pct,0.5819077315685046,-0.03765
avg_stop_sequence_pct,0.5822422962838084,-0.03885
avg_stop_sequence_pct,0.5827060920234537,-0.03954
avg_stop_sequence_pct,0.5831332989578839,-0.03967
avg_stop_sequence_pct,0.5833205448849053,-0.03951
avg_stop_sequence_pct,0.5833333333333334,-0.03928
avg_stop_sequence_pct,0.584378103907663,-0.0388
avg_stop_sequence_pct,0.5858089379371813,-0.03943
avg_stop_sequence_pct,0.5866166336313763,-0.04016
avg_stop_sequence_pct,0.5884410079351914,-0.03995
avg_stop_sequence_pct,0.5902411825663032,-0.04049
avg_stop_sequence_pct,0.5907738530208487,-0.04122
avg_stop_sequence_pct,0.5909758196518928,-0.04288
avg_stop_sequence_pct,0.5913004949765681,-0.04373
avg_stop_sequence_pct,0.5916766566766567,-0.04514
avg_stop_sequence_pct,0.5933059941295942,-0.04672
avg_stop_sequence_pct,0.5957162801297629,-0.05363
avg_stop_sequence_pct,0.596951393241975,-0.05487
avg_stop_sequence_pct,0.5974717963443704,-0.05687
avg_stop_sequence_pct,0.598828125,-0.05835
avg_stop_sequence_pct,0.6000000000000001,-0.05074
avg_stop_sequence_pct,0.6016317016317017,-0.05152
avg_stop_sequence_pct,0.6035707290158465,-0.04833
avg_stop_sequence_pct,0.604354734620987,-0.04993
avg_stop_sequence_pct,0.6049798098009447,-0.05072
avg_stop_sequence_pct,0.6052984775641026,-0.05224
avg_stop_sequence_pct,0.605764678030303,-0.05351
avg_stop_sequence_pct,0.6087715389185977,-0.05504
avg_stop_sequence_pct,0.611820524037338,-0.05586
avg_stop_sequence_pct,0.6127199131490433,-0.06021
avg_stop_sequence_pct,0.614061602755104,-0.06283
avg_stop_sequence_pct,0.6178660985472897,-0.06997
avg_stop_sequence_pct,0.6209919957921856,-0.07685
avg_stop_sequence_pct,0.6211529356060606,-0.08032
avg_stop_sequence_pct,0.6223138173457348,-0.08266
avg_stop_sequence_pct,0.624678149426837,-0.07189
avg_stop_sequence_pct,0.6274235176871628,-0.07198
avg_stop_sequence_pct,0.6329309434778185,-0.07091
avg_stop_sequence_pct,0.637986776672908,-0.07885
avg_stop_sequence_pct,0.6446610904195902,-0.13295
avg_stop_sequence_pct,0.6584854655578339,-0.13893
avg_stop_sequence_pct,0.6785714285714286,-0.14474
avg_stop_sequence_pct,0.6923958037096724,-0.15142
avg_stop_sequence_pct,0.7450514813653499,-0.1614
pct_drove_alone,0.0568639608713875,-0.04599
pct_drove_alone,0.1691926393372895,-0.05139
pct_drove_alone,0.32354702133170155,-0.053
pct_drove_alone,0.4160524995574403,-0.05966
pct_drove_alone,0.48448117280939507,-0.06332
pct_drove_alone,0.5093916030161363,-0.0656
pct_drove_alone,0.5173853847608658,-0.06656
pct_drove_alone,0.5251375545130225,-0.07113
pct_drove_alone,0.5339499676844341,-0.07213
pct_drove_alone,0.5361299171644063,-0.07212
pct_drove_alone,0.5373859330083255,-0.07334
pct_drove_alone,0.5404454038433133,-0.07365
pct_drove_alone,0.5511256157410924,-0.07679
pct_drove_alone,0.5611528787513502,-0.00682
pct_drove_alone,0.5653510304999647,-0.00655
pct_drove_alone,0.5725400069748305,0.00985
pct_drove_alone,0.5768489090248654,0.00863
pct_drove_alone,0.5778571490044625,0.00907
pct_drove_alone,0.5840378228212721,0.00926
pct_drove_alone,0.5896107800309868,0.00935
pct_drove_alone,0.5936397071758028,0.00897
pct_drove_alone,0.6026950832962481,0.00887
pct_drove_alone,0.6097956924358465,0.00884
pct_drove_alone,0.6123023130876876,0.00892
pct_drove_alone,0.6142303152113171,0.00848
pct_drove_alone,0.6159999044067872,0.00847
pct_drove_alone,0.6170179462824178,0.00788
pct_drove_alone,0.617750866573482,0.00804
pct_drove_alone,0.6183549422806636,0.00694
pct_drove_alone,0.6188567270427978,0.00583
pct_drove_alone,0.6252742232094628,0.00465
pct_drove_alone,0.6317119220842644,0.00467
pct_drove_alone,0.6323469357044758,0.0034
pct_drove_alone,0.6345494767480009,0.00161
pct_drove_alone,0.6366647695379611,-0.00059
pct_drove_alone,0.6372850201147109,0.00022
pct_drove_alone,0.6381582401240188,-0.00357
pct_drove_alone,0.6401771989039173,-0.00308
pct_drove_alone,0.6427363047441166,-0.00261
pct_drove_alone,0.6463997481153863,-0.00307
pct_drove_alone,0.649592871807317,-0.00204
pct_drove_alone,0.6509198433356267,-0.00155
pct_drove_alone,0.6524641104945402,-0.00055
pct_drove_alone,0.6544206036421811,-0.00028
pct_drove_alone,0.6556007412741476,-8e-05
pct_drove_alone,0.6566713013098315,-0.00136
pct_drove_alone,0.6580567055801088,-0.00112
pct_drove_alone,0.6594411301267037,-0.00222
pct_drove_alone,0.6606542971384393,-0.00218
pct_drove_alone,0.6611359729883809,-0.00224
pct_drove_alone,0.6624638242344898,-0.00232
pct_drove_alone,0.6641717071490522,-0.00117
pct_drove_alone,0.6649052301483088,-0.00031
pct_drove_alone,0.6655143888377809,0.00113
pct_drove_alone,0.6661157830810136,0.00043
pct_drove_alone,0.6662683603927426,0.00348
pct_drove_alone,0.6664680225205318,0.00398
pct_drove_alone,0.6671224928689568,0.01467
pct_drove_alone,0.6676499119141683,0.01512
pct_drove_alone,0.6680983565952803,0.01687
pct_drove_alone,0.6701920494032947,0.01981
pct_drove_alone,0.6720519740424711,0.02037
pct_drove_alone,0.6732099074714095,0.02071
pct_drove_alone,0.6747132283081894,0.03063
pct_drove_alone,0.6754734676915466,0.03321
pct_drove_alone,0.6758138257339694,0.03372
pct_drove_alone,0.6760622948024606,0.03338
pct_drove_alone,0.6771388735354018,0.03392
pct_drove_alone,0.6806463968031604,0.03435
pct_drove_alone,0.6856955610116167,0.03444
pct_drove_alone,0.6886739750666858,0.03254
pct_drove_alone,0.6905711735827404,0.03333
pct_drove_alone,0.6920761274212971,0.03277
pct_drove_alone,0.6924370543045688,0.03085
pct_drove_alone,0.6934324313265101,0.02936
pct_drove_alone,0.694209985273359,0.02655
pct_drove_alone,0.695098885983698,0.0268
pct_drove_alone,0.6959953707951761,0.02606
pct_drove_alone,0.6963332940182074,0.02554
pct_drove_alone,0.6977427869520099,0.02458
pct_drove_alone,0.6990279297384985,0.02476
pct_drove_alone,0.6992028528922718,0.02389
pct_drove_alone,0.6993900741121386,0.0241
pct_drove_alone,0.6997461214367418,0.02361
pct_drove_alone,0.700507673364504,0.02282
pct_drove_alone,0.7010800328225304,0.0231
pct_drove_alone,0.7013176578463864,0.0226
pct_drove_alone,0.7016028023335437,0.02095
pct_drove_alone,0.7019840599402125,0.02093
pct_drove_alone,0.7025847347335417,0.0198
pct_drove_alone,0.7034077855383182,0.01927
pct_drove_alone,0.7041251550287837,0.01837
pct_drove_alone,0.7046022465469762,0.01854
pct_drove_alone,0.7049499949967309,0.01892
pct_drove_alone,0.7060305119238499,0.01883
pct_drove_alone,0.7071078513646207,0.01822
pct_drove_alone,0.7071431089079694,0.01786
pct_drove_alone,0.7072304967480232,0.01848
pct_drove_alone,0.7074216425216622,0.01921
pct_drove_alone,0.7077928720743876,0.01978
pct_drove_alone,0.7081880109871996,0.02136
pct_drove_alone,0.7085897771115234,0.02071
pct_drove_alone,0.7095185197484406,0.03235
pct_drove_alone,0.7116503484128265,0.03111
pct_drove_alone,0.7133789984902255,0.03052
pct_drove_alone,0.7139960173563902,0.03098
pct_drove_alone,0.7154521824142257,0.03103
pct_drove_alone,0.7167676357110463,0.03121
pct_drove_alone,0.7170716719739486,0.03039
pct_drove_alone,0.7173875697528083,0.02972
pct_drove_alone,0.7177251478929012,0.02905
pct_drove_alone,0.7178455397922134,0.02855
pct_drove_alone,0.7179766906428461,0.02767
pct_drove_alone,0.7182586505703078,0.0282
pct_drove_alone,0.7184660726060621,0.02884
pct_drove_alone,0.7188163435639217,0.02968
pct_drove_alone,0.7198029997162267,0.03033
pct_drove_alone,0.7208439675121041,0.03142
pct_drove_alone,0.7213292951779575,0.0322
pct_drove_alone,0.7217261294100525,0.03038
pct_drove_alone,0.7222907081413843,0.03128
pct_drove_alone,0.722835410542631,0.032
pct_drove_alone,0.723364519661286,0.03262
pct_drove_alone,0.7237638159553909,0.03252
pct_drove_alone,0.7239733209269578,0.03325
pct_drove_alone,0.7242333459496086,0.03386
pct_drove_alone,0.7248683232073543,0.03721
pct_drove_alone,0.7254667057512426,0.03754
pct_drove_alone,0.7256886049060909,0.03801
pct_drove_alone,0.7260031828907927,0.03819
pct_drove_alone,0.7263267878729984,0.03917
pct_drove_alone,0.7265806433561046,0.03944
pct_drove_alone,0.7270225226534324,0.03849
pct_drove_alone,0.7279890177998607,0.03594
pct_drove_alone,0.7289504061425165,0.03472
pct_drove_alone,0.7292268670240234,0.03444
pct_drove_alone,0.7296376336551637,0.03251
pct_drove_alone,0.7301229240295706,0.03122
pct_drove_alone,0.730919955962116,0.02938
pct_drove_alone,0.7316889139762571,0.02717
pct_drove_alone,0.7324436808675607,0.02613
pct_drove_alone,0.7331945951022909,0.02575
pct_drove_alone,0.7332416815790439,0.02515
pct_drove_alone,0.7334742428956003,0.02383
pct_drove_alone,0.7337888670926391,0.02186
pct_drove_alone,0.7339533275919038,0.02139
pct_drove_alone,0.7340865204829186,0.02093
pct_drove_alone,0.734380306265161,0.01794
pct_drove_alone,0.7347974769844797,0.0172
pct_drove_alone,0.7350470645603193,0.01658
pct_drove_alone,0.7354191336072914,0.01426
pct_drove_alone,0.7357609891171193,0.01145
pct_drove_alone,0.7361572544658002,0.00932
pct_drove_alone,0.7370118860384254,0.00855
pct_drove_alone,0.7376247861541976,0.00767
pct_drove_alone,0.7378094040503553,0.0073
pct_drove_alone,0.7378899660230251,0.00651
pct_drove_alone,0.7379442279008531,0.00447
pct_drove_alone,0.7384508506680028,0.01273
pct_drove_alone,0.7401458687419434,0.01211
pct_drove_alone,0.741663680671002,0.01041
pct_drove_alone,0.7423068108161682,0.00884
pct_drove_alone,0.7429988746883855,0.00748
pct_drove_alone,0.744009124027829,0.00518
pct_drove_alone,0.7448491570779793,0.00377
pct_drove_alone,0.7450480872722285,-0.00035
pct_drove_alone,0.7453414776471083,-0.00133
pct_drove_alone,0.7461031636774477,-0.00349
pct_drove_alone,0.7467822070275844,-0.00582
pct_drove_alone,0.7475281745545941,-0.00678
pct_drove_alone,0.7483914258387251,-0.00837
pct_drove_alone,0.7490405655437108,-0.00904
pct_drove_alone,0.7504324513969018,-0.01175
pct_drove_alone,0.7516838249920589,-0.0124
pct_drove_alone,0.7521101452866144,-0.01322
pct_drove_alone,0.7524332044652743,-0.01357
pct_drove_alone,0.7532624088225437,-0.01362
pct_drove_alone,0.7539839411785977,-0.01396
pct_drove_alone,0.7540749714866011,-0.01413
pct_drove_alone,0.7544272093792314,-0.01642
pct_drove_alone,0.7548134781036361,-0.01646
pct_drove_alone,0.755397369400929,-0.01632
pct_drove_alone,0.7565599447162119,-0.01633
pct_drove_alone,0.7574407505852702,-0.01454
pct_drove_alone,0.7576992658826618,-0.01519
pct_drove_alone,0.7579879119709283,-0.01112
pct_drove_alone,0.7585490936796284,-0.00235
pct_drove_alone,0.7597929214170411,-0.00183
pct_drove_alone,0.7608772342762233,-0.00218
pct_drove_alone,0.761209298405313,-0.00219
pct_drove_alone,0.7614169775629467,-0.00438
pct_drove_alone,0.7616858291849693,0.01698
pct_drove_alone,0.7620311776178976,0.02121
pct_drove_alone,0.7622711328100311,0.02107
pct_drove_alone,0.7626619097552758,0.0209
pct_drove_alone,0.7630069574931023,0.02087
pct_drove_alone,0.7633508006543157,0.01706
pct_drove_alone,0.7639983614559709,0.01632
pct_drove_alone,0.7645601621641473,0.01636
pct_drove_alone,0.7650784333575672,0.01496
pct_drove_alone,0.7655932759773074,0.01485
pct_drove_alone,0.766072335107381,0.01425
pct_drove_alone,0.7664355968666039,0.01427
pct_drove_alone,0.7666216803351587,0.01383
pct_drove_alone,0.7667813009025131,0.01255
pct_drove_alone,0.766885724517564,0.0122
pct_drove_alone,0.7670918703504368,0.01098
pct_drove_alone,0.768341262458577,0.00968
pct_drove_alone,0.7694779425836398,0.00625
pct_drove_alone,0.7702702301796869,0.00546
pct_drove_alone,0.7717356683901201,0.00432
pct_drove_alone,0.7729322118546762,0.00379
pct_drove_alone,0.7735716668020034,0.00333
pct_drove_alone,0.7737585108404449,0.0031
pct_drove_alone,0.7740614769477436,0.00243
pct_drove_alone,0.7743473734475105,0.00012
pct_drove_alone,0.774390315876497,-0.00427
pct_drove_alone,0.774457196839351,-0.00496
pct_drove_alone,0.7745464232623704,-0.00561
pct_drove_alone,0.774776907949944,-0.00589
pct_drove_alone,0.7753509267745462,-0.00592
pct_drove_alone,0.776065969269219,-0.00671
pct_drove_alone,0.7764685559205033,-0.00823
pct_drove_alone,0.7767100857165561,-0.0104
pct_drove_alone,0.777442882469531,-0.01049
pct_drove_alone,0.7780957777467757,-0.01184
pct_drove_alone,0.7782134751695666,-0.01288
pct_drove_alone,0.7782681424122442,-0.00444
pct_drove_alone,0.7784911347598342,-0.00555
pct_drove_alone,0.7789246104812255,-0.00732
pct_drove_alone,0.7794223617203895,-0.00738
pct_drove_alone,0.7797067117856431,-0.00698
pct_drove_alone,0.7798016559279107,-0.00718
pct_drove_alone,0.780219406626812,-0.00648
pct_drove_alone,0.7805558941001836,-2e-05
pct_drove_alone,0.780901905552182,0.01792
pct_drove_alone,0.7815530412098846,0.0175
pct_drove_alone,0.7819219331433032,0.01716
pct_drove_alone,0.7822015606267881,0.01782
pct_drove_alone,0.78250190387004,0.01777
pct_drove_alone,0.7826701566982528,0.03011
pct_drove_alone,0.782765012662304,0.03203
pct_drove_alone,0.7828077550558685,0.03211
pct_drove_alone,0.7830236980297778,0.03212
pct_drove_alone,0.7832420349895803,0.03315
pct_drove_alone,0.7833658693317029,0.03069
pct_drove_alone,0.7837860916929235,0.0291
pct_drove_alone,0.7841560642893162,0.02911
pct_drove_alone,0.7842217436532128,0.02734
pct_drove_alone,0.7847129630570204,0.0255
pct_drove_alone,0.7853871315552582,0.0254
pct_drove_alone,0.7856912990074989,0.02464
pct_drove_alone,0.7859047722630167,0.02368
pct_drove_alone,0.7864681701311076,0.0227
pct_drove_alone,0.7875419340456944,0.02251
pct_drove_alone,0.788232739924196,0.02254
pct_drove_alone,0.7884599311034775,0.02173
pct_drove_alone,0.7887511455488168,0.02135
pct_drove_alone,0.7893625189998541,0.02093
pct_drove_alone,0.7898990615316832,0.01844
pct_drove_alone,0.7903293244680039,0.01628
pct_drove_alone,0.7910397457807571,0.014
pct_drove_alone,0.7913777820212884,0.014
pct_drove_alone,0.7915413360322445,0.01228
pct_drove_alone,0.791991115640946,0.01084
pct_drove_alone,0.7923012225387907,0.01103
pct_drove_alone,0.7925055407863791,0.00845
pct_drove_alone,0.7930665792628242,0.00888
pct_drove_alone,0.7936765956246462,0.00769
pct_drove_alone,0.7939391217480636,0.0072
pct_drove_alone,0.7939610025301138,0.00673
pct_drove_alone,0.7940164792368803,0.00702
pct_drove_alone,0.7943894639036657,0.00727
pct_drove_alone,0.7947828489209053,0.00589
pct_drove_alone,0.7951242301655187,0.00797
pct_drove_alone,0.7954487036582346,0.01633
pct_drove_alone,0.7955344164795464,0.01606
pct_drove_alone,0.7957155429107996,0.01534
pct_drove_alone,0.7959319103831984,0.01409
pct_drove_alone,0.7960939347983538,0.01462
pct_drove_alone,0.7964634006261591,0.01353
pct_drove_alone,0.7971952753465403,0.01366
pct_drove_alone,0.7986835575436911,0.01387
pct_drove_alone,0.8000013706920439,0.01302
pct_drove_alone,0.800542487956986,0.01276
pct_drove_alone,0.8008384031180072,0.01166
pct_drove_alone,0.8009158463054404,0.0092
pct_drove_alone,0.8014711117141871,0.00877
pct_drove_alone,0.8020207190586577,0.00584
pct_drove_alone,0.8021937678118629,0.00312
pct_drove_alone,0.8023682200587372,0.00166
pct_drove_alone,0.8025887637030404,0.00056
pct_drove_alone,0.8027986352562628,-8e-05
pct_drove_alone,0.8029722526469849,-0.00026
pct_drove_alone,0.803231862940293,-0.00582
pct_drove_alone,0.8034854913206512,-0.00664
pct_drove_alone,0.8037879646729806,-0.00756
pct_drove_alone,0.8040416483244288,-0.00488
pct_drove_alone,0.8043245069893621,0.00605
pct_drove_alone,0.8046097293320819,0.02474
pct_drove_alone,0.8048671691107059,0.02348
pct_drove_alone,0.8051390869139583,0.02323
pct_drove_alone,0.8053085496964649,0.02243
pct_drove_alone,0.8062772580985469,0.02122
pct_drove_alone,0.807423824690614,0.01851
pct_drove_alone,0.8076680444187079,0.01571
pct_drove_alone,0.8081481126666432,0.01386
pct_drove_alone,0.8090195383819528,0.01141
pct_drove_alone,0.8095874299819985,0.01064
pct_drove_alone,0.8097559075273094,0.01014
pct_drove_alone,0.8098365180768309,0.00967
pct_drove_alone,0.8099491414322223,0.00909
pct_drove_alone,0.8104802818102366,0.00759
pct_drove_alone,0.8109988752458508,0.00669
pct_drove_alone,0.8110930067822233,0.00541
pct_drove_alone,0.8117887614253054,0.00461
pct_drove_alone,0.8125938352332427,-0.00087
pct_drove_alone,0.8133570946626152,-0.00267
pct_drove_alone,0.8141199596423477,-0.00586
pct_drove_alone,0.814370479098637,-0.0214
pct_drove_alone,0.8148404626454705,-0.03338
pct_drove_alone,0.8158368199001242,-0.0361
pct_drove_alone,0.8166498554299042,-0.04038
pct_drove_alone,0.817061577575994,-0.04256
pct_drove_alone,0.8177488576090424,-0.04352
pct_drove_alone,0.8182390746544361,-0.04579
pct_drove_alone,0.8187168658522896,-0.04927
pct_drove_alone,0.8192238096025825,-0.05127
pct_drove_alone,0.8196508717954072,-0.05171
pct_drove_alone,0.8201844779111633,-0.05368
pct_drove_alone,0.8209024501513391,-0.05493
pct_drove_alone,0.8216371476548403,-0.05568
pct_drove_alone,0.8224880624992306,-0.05631
pct_drove_alone,0.8238548136089974,-0.05868
pct_drove_alone,0.8245623042226115,-0.06223
pct_drove_alone,0.8251700198127917,-0.06576
pct_drove_alone,0.8257744491284789,-0.06586
pct_drove_alone,0.8259478449234838,-0.06828
pct_drove_alone,0.8261776053435745,-0.06245
pct_drove_alone,0.8262716748576028,-0.06305
pct_drove_alone,0.8264456270147911,-0.06438
pct_drove_alone,0.826710772018351,-0.06886
pct_drove_alone,0.8274622743996756,-0.06995
pct_drove_alone,0.828799361267492,-0.07133
pct_drove_alone,0.8301710464926355,-0.08093
pct_drove_alone,0.8311721658379865,-0.08326
pct_drove_alone,0.8316354107521385,-0.08581
pct_drove_alone,0.8320595580988741,-0.08829
pct_drove_alone,0.83250853664307,-0.09904
pct_drove_alone,0.8328841996960836,-0.10089
pct_drove_alone,0.8335239422967975,-0.10807
pct_drove_alone,0.8348936806666172,-0.1106
pct_drove_alone,0.8358682614542456,-0.11361
pct_drove_alone,0.8360576556564243,-0.11584
pct_drove_alone,0.8364800501091467,-0.11848
pct_drove_alone,0.8375362183759532,-0.12008
pct_drove_alone,0.8389467458103883,-0.12156
pct_drove_alone,0.8399915403774318,-0.11983
pct_drove_alone,0.8418789262176121,-0.11709
pct_drove_alone,0.8435789153831282,-0.13717
pct_drove_alone,0.8438592975779542,-0.14828
pct_drove_alone,0.8450968014875557,-0.16261
pct_drove_alone,0.8467000876450677,-0.16992
pct_drove_alone,0.8491198462288365,-0.17885
pct_drove_alone,0.8535762188492715,-0.18618
pct_drove_alone,0.8577248686992627,-0.19414
pct_drove_alone,0.86134634594574,-0.20435
pct_drove_alone,0.8638632397541106,-0.20909
pct_drove_alone,0.864588049527551,-0.20269
pct_drove_alone,0.8651492448702592,-0.17596
pct_drove_alone,0.8664317002818821,-0.17686
pct_drove_alone,0.8685664869835488,-0.17847
pct_drove_alone,0.8725150020061743,-0.17735
pct_drove_alone,0.8766553463644954,-0.17623
pct_drove_alone,0.8797330582912687,-0.18076
pct_public_transit,0.0,-0.32049
pct_public_transit,4.4365572315882877e-05,-0.12225
pct_public_transit,0.00011273696572483288,-0.11816
pct_public_transit,0.00015999682862975,-0.11835
pct_public_transit,0.00020300881682025,-0.11907
pct_public_transit,0.00022635233998065,-0.11855
pct_public_transit,0.0002581533799161,-0.11901
pct_public_transit,0.0003102116549276,-0.12231
pct_public_transit,0.00039145814073475004,-0.12322
pct_public_transit,0.00046229960382155,-0.12409
pct_public_transit,0.0005169125063576499,-0.12539
pct_public_transit,0.000572715191602,-0.12589
pct_public_transit,0.00061904090854355,-0.12555
pct_public_transit,0.00066538992804375,-0.12623
pct_public_transit,0.00068895498762025,-0.12694
pct_public_transit,0.00070778044081425,-0.12758
pct_public_transit,0.00072341684550425,-0.12787
pct_public_transit,0.00077508002228485,-0.12853
pct_public_transit,0.0008257157231152501,-0.12929
pct_public_transit,0.00083071760188545,-0.12927
pct_public_transit,0.0008393295156056001,-0.13024
pct_public_transit,0.0008521758555832,-0.13023
pct_public_transit,0.00086363664490805,-0.13122
pct_public_transit,0.00087461622757425,-0.13239
pct_public_transit,0.00089679337424115,-0.13317
pct_public_transit,0.0009387116549640501,-0.13377
pct_public_transit,0.0009631828241789,-0.13466
pct_public_transit,0.0009719912501159999,-0.13434
pct_public_transit,0.0009896616885873,-0.13453
pct_public_transit,0.0010179678765225501,-0.13137
pct_public_transit,0.0010441597266821001,-0.13026
pct_public_transit,0.00106808934871495,-0.10328
pct_public_transit,0.0011290554263572502,-0.10289
pct_public_transit,0.0011858659709884502,-0.08052
pct_public_transit,0.0012010119042246501,-0.08091
pct_public_transit,0.00120777901732025,-0.08183
pct_public_transit,0.0012124473772181,-0.08269
pct_public_transit,0.0012211661418316,-0.08334
pct_public_transit,0.0012556719906121,-0.08318
pct_public_transit,0.0012880355103617501,-0.08404
pct_public_transit,0.00131663951902195,-0.0844
pct_public_transit,0.001346744105166,-0.0848
pct_public_transit,0.0013602088284125,-0.0856
pct_public_transit,0.00136751396270885,-0.09669
pct_public_transit,0.0013776579746108,-0.09754
pct_public_transit,0.0013960499470901501,-0.0975
pct_public_transit,0.0014259072266713,-0.09788
pct_public_transit,0.0014589321955981,-0.09857
pct_public_transit,0.0014893056834965,-0.09875
pct_public_transit,0.00152145966035135,-0.09935
pct_public_transit,0.0015468443655388,-0.09904
pct_public_transit,0.00156359956487085,-0.09981
pct_public_transit,0.00157412019277005,-0.10031
pct_public_transit,0.00158972055712665,-0.10115
pct_public_transit,0.0016351361782900998,-0.1011
pct_public_transit,0.0016800044385564998,-0.10188
pct_public_transit,0.0017022086631403501,-0.10207
pct_public_transit,0.0017552326832325502,-0.10256
pct_public_transit,0.00180441690696115,-0.10274
pct_public_transit,0.00183109199804315,-0.10278
pct_public_transit,0.0018563663117241,-0.10316
pct_public_transit,0.0018674474396742,-0.10335
pct_public_transit,0.0019053746141933,-0.10402
pct_public_transit,0.00194129762875445,-0.10481
pct_public_transit,0.00194798954859465,-0.10495
pct_public_transit,0.00196033047721695,-0.10551
pct_public_transit,0.00197307022420995,-0.1068
pct_public_transit,0.0019880282015870996,-0.10727
pct_public_transit,0.00200409443266955,-0.11245
pct_public_transit,0.00201572304163545,-0.11251
pct_public_transit,0.00202598970209825,-0.11295
pct_public_transit,0.0020683692668961497,-0.11268
pct_public_transit,0.0021087840558763503,-0.11227
pct_public_transit,0.00213884253595355,-0.11205
pct_public_transit,0.00216950550788235,-0.11218
pct_public_transit,0.0021993312456788,-0.11206
pct_public_transit,0.00223421071408845,-0.11281
pct_public_transit,0.00227473326647225,-0.11247
pct_public_transit,0.00234989093584315,-0.11227
pct_public_transit,0.0024138425456823,-0.11308
pct_public_transit,0.0024566969384531,-0.11238
pct_public_transit,0.00259277253655765,-0.11312
pct_public_transit,0.0027207742036660498,-0.11331
pct_public_transit,0.0027373704230315,-0.11348
pct_public_transit,0.00274112615704,-0.11298
pct_public_transit,0.0027477172876809,-0.12197
pct_public_transit,0.00277279355431245,-0.12286
pct_public_transit,0.0028539011881163,-0.12339
pct_public_transit,0.002926639935725,-0.122
pct_public_transit,0.0029610305883320002,-0.1226
pct_public_transit,0.00298574549036695,-0.12329
pct_public_transit,0.00300143523006315,-0.12394
pct_public_transit,0.0030231349569019,-0.12351
pct_public_transit,0.0030550006099402,-0.12563
pct_public_transit,0.0031424131973528,-0.12558
pct_public_transit,0.0032334716119871,-0.12595
pct_public_transit,0.00326585617203495,-0.12674
pct_public_transit,0.0032785841407881,-0.1271
pct_public_transit,0.0032983715222635497,-0.12747
pct_public_transit,0.00336052761260335,-0.12779
pct_public_transit,0.00341192818120315,-0.12569
pct_public_transit,0.00341363601803565,-0.12612
pct_public_transit,0.0034325765798535997,-0.12491
pct_public_transit,0.00346401859391605,-0.12516
pct_public_transit,0.0034896071655397,-0.12406
pct_public_transit,0.00350849145094925,-0.1241
pct_public_transit,0.00352700780153015,-0.12321
pct_public_transit,0.0035386317274719997,-0.12307
pct_public_transit,0.00354264099037675,-0.12285
pct_public_transit,0.0035477194729637,-0.12277
pct_public_transit,0.0036399878625769,-0.12265
pct_public_transit,0.0037894915267847502,-0.12212
pct_public_transit,0.00385860792950925,-0.12151
pct_public_transit,0.0038721708527312,-0.12044
pct_public_transit,0.00389062628408975,-0.1189
pct_public_transit,0.00398550921030115,-0.11816
pct_public_transit,0.00406797779716085,-0.11764
pct_public_transit,0.004119835587839149,-0.11609
pct_public_transit,0.00419501752835085,-0.11826
pct_public_transit,0.00424645673459425,-0.11853
pct_public_transit,0.0043217933086192,-0.11873
pct_public_transit,0.00441417695457745,-0.118
pct_public_transit,0.0044888828135561006,-0.11549
pct_public_transit,0.00452313818007925,-0.11447
pct_public_transit,0.00452485707530755,-0.11286
pct_public_transit,0.0045444932395957,-0.11315
pct_public_transit,0.0045802907624071,-0.11195
pct_public_transit,0.004619229415465449,-0.11115
pct_public_transit,0.0046528199295127,-0.1101
pct_public_transit,0.004686840530573199,-0.11033
pct_public_transit,0.0047163092590211,-0.11021
pct_public_transit,0.00473018140849135,-0.11018
pct_public_transit,0.0047632355687167,-0.11006
pct_public_transit,0.004798400944585401,-0.11005
pct_public_transit,0.0048168090130683,-0.10997
pct_public_transit,0.00484474924249185,-0.10988
pct_public_transit,0.00486995621697915,-0.10803
pct_public_transit,0.0049030474682213495,-0.10754
pct_public_transit,0.00493562158037955,-0.10643
pct_public_transit,0.00505672725281445,-0.10519
pct_public_transit,0.005201818431038251,-0.10346
pct_public_transit,0.0052419359106717495,-0.10225
pct_public_transit,0.00529523242723735,-0.09989
pct_public_transit,0.00538345462772235,-0.099
pct_public_transit,0.0054480297143223,-0.09662
pct_public_transit,0.0054771249379731,-0.0965
pct_public_transit,0.0055135933289204,-0.09646
pct_public_transit,0.00554621011667495,-0.09497
pct_public_transit,0.0055661915825958,-0.09477
pct_public_transit,0.00559556738027665,-0.09396
pct_public_transit,0.00564357497525,-0.09106
pct_public_transit,0.00572432364064945,-0.0906
pct_public_transit,0.00579573074758575,-0.09057
pct_public_transit,0.00584161939877955,-0.09037
pct_public_transit,0.0059163718441719495,-0.0905
pct_public_transit,0.00597399033167035,-0.09062
pct_public_transit,0.0060425367344986,-0.09543
pct_public_transit,0.0062059175532427,-0.09536
pct_public_transit,0.0063767435472863,-0.09476
pct_public_transit,0.0064580213349456,-0.09371
pct_public_transit,0.006476316677716,-0.09254
pct_public_transit,0.00651634746620875,-0.09143
pct_public_transit,0.00656782169395035,-0.09079
pct_public_transit,0.00659477037042995,-0.08841
pct_public_transit,0.00661363724459875,-0.08558
pct_public_transit,0.0068284967666486,-0.0854
pct_public_transit,0.0070381440453559495,-0.08287
pct_public_transit,0.00707394180996,-0.08114
pct_public_transit,0.0071155007235414,-0.07857
pct_public_transit,0.00715561948810045,-0.07813
pct_public_transit,0.007224160815341701,-0.07765
pct_public_transit,0.0073038767421492005,-0.07671
pct_public_transit,0.0074099835262241495,-0.07575
pct_public_transit,0.0075108762246003,-0.07528
pct_public_transit,0.0075669839010156,-0.07485
pct_public_transit,0.0076044508010774,-0.0732
pct_public_transit,0.0077016475946918,-0.07263
pct_public_transit,0.00782480039273325,-0.06731
pct_public_transit,0.0079534152546001,-0.06658
pct_public_transit,0.00804419707392725,-0.06556
pct_public_transit,0.008098982146715651,-0.06518
pct_public_transit,0.008160085226210801,-0.06556
pct_public_transit,0.00817655886062895,-0.06424
pct_public_transit,0.0081865951734642,-0.06451
pct_public_transit,0.008198781358473899,-0.06366
pct_public_transit,0.00821325494539095,-0.06296
pct_public_transit,0.0082391001825375,-0.06265
pct_public_transit,0.0082744541193362,-0.0631
pct_public_transit,0.0083006818451302,-0.05975
pct_public_transit,0.00831891256324245,-0.05902
pct_public_transit,0.0083920367806831,-0.05905
pct_public_transit,0.00846184983032635,-0.05758
pct_public_transit,0.0085243801089219,-0.05658
pct_public_transit,0.0086064785804122,-0.05568
pct_public_transit,0.0087125795091536,-0.05448
pct_public_transit,0.00884760340490855,-0.05458
pct_public_transit,0.00896090150987445,-0.05413
pct_public_transit,0.0090275028793885,-0.05292
pct_public_transit,0.0090732357510657,-0.05247
pct_public_transit,0.00912414330448395,-0.05084
pct_public_transit,0.0091693597927868,-0.04922
pct_public_transit,0.009242624200621451,-0.04884
pct_public_transit,0.00934065391448015,-0.04831
pct_public_transit,0.00941267603929805,-0.04787
pct_public_transit,0.009426816235337449,-0.04553
pct_public_transit,0.0095231818563285,-0.04502
pct_public_transit,0.009620081046184201,-0.0447
pct_public_transit,0.0096440435270998,-0.04218
pct_public_transit,0.009697791289328649,-0.0398
pct_public_transit,0.00974507769915225,-0.03835
pct_public_transit,0.00983929862890085,-0.03717
pct_public_transit,0.009996100876220299,-0.03719
pct_public_transit,0.0101232357517812,-0.03371
pct_public_transit,0.01019321648038705,-0.03102
pct_public_transit,0.0102395684076344,-0.03006
pct_public_transit,0.0102697682132765,-0.02935
pct_public_transit,0.01032930645337075,-0.0291
pct_public_transit,0.010448950317322899,-0.02897
pct_public_transit,0.010563042582076899,-0.02757
pct_public_transit,0.01068927672131165,-0.02688
pct_public_transit,0.01079675472889655,-0.02578
pct_public_transit,0.01087594898298105,-0.02549
pct_public_transit,0.010954587548616751,-0.02373
pct_public_transit,0.01104141728796975,-0.0232
pct_public_transit,0.01113297924833545,-0.02172
pct_public_transit,0.01118105188518,-0.02073
pct_public_transit,0.011273768421504949,-0.01883
pct_public_transit,0.011358609342323949,-0.01771
pct_public_transit,0.01142729349058335,-0.01689
pct_public_transit,0.0115382325631403,-0.01665
pct_public_transit,0.011634395362669449,-0.01657
pct_public_transit,0.01181881274202295,-0.0165
pct_public_transit,0.01207782013541105,-0.01602
pct_public_transit,0.012200127081322551,-0.01603
pct_public_transit,0.01226941184974035,-0.01386
pct_public_transit,0.0125682591875649,-0.01211
pct_public_transit,0.012897347930080249,-0.01216
pct_public_transit,0.013028558970043048,-0.01155
pct_public_transit,0.01316857158609885,-0.01144
pct_public_transit,0.01330834383927295,-0.01153
pct_public_transit,0.013453261204502801,-0.0095
pct_public_transit,0.013627386822221199,-0.00812
pct_public_transit,0.013854475386874999,-0.00742
pct_public_transit,0.014064191665702351,-0.00645
pct_public_transit,0.01420662387208915,-0.00642
pct_public_transit,0.014311240036384652,-0.00563
pct_public_transit,0.01436483520967665,-0.00545
pct_public_transit,0.01443373525245115,-0.00309
pct_public_transit,0.01457151339673115,-0.00164
pct_public_transit,0.0146883962775626,-0.00173
pct_public_transit,0.014771828439417649,-0.00042
pct_public_transit,0.0148633705159202,0.00076
pct_public_transit,0.014883973085531601,0.00064
pct_public_transit,0.0149544819796333,0.00042
pct_public_transit,0.01502877006796265,0.00239
pct_public_transit,0.015082488895215851,0.00382
pct_public_transit,0.015345915265226301,0.00361
pct_public_transit,0.01563434659857865,0.00416
pct_public_transit,0.01574111769165355,0.00426
pct_public_transit,0.0160634356170733,0.00504
pct_public_transit,0.01636685064248735,0.00704
pct_public_transit,0.016411633050749053,0.00767
pct_public_transit,0.01656304144620635,0.00979
pct_public_transit,0.016961841021388202,0.01011
pct_public_transit,0.01726900937822805,0.01233
pct_public_transit,0.0175245125590075,0.01269
pct_public_transit,0.01798376654993675,0.01507
pct_public_transit,0.01839016901096635,0.01562
pct_public_transit,0.0185633870267129,0.01644
pct_public_transit,0.01860760291647395,0.01743
pct_public_transit,0.0186963029804964,0.02278
pct_public_transit,0.0187971484774885,0.0245
pct_public_transit,0.018852580159489603,0.02747
pct_public_transit,0.0188898937748095,0.02763
pct_public_transit,0.01902647058530595,0.02971
pct_public_transit,0.019164071659669997,0.03003
pct_public_transit,0.0191993183091215,0.03195
pct_public_transit,0.01921866070228205,0.03396
pct_public_transit,0.019242232200630698,0.03458
pct_public_transit,0.0195302620432697,0.03655
pct_public_transit,0.01990400082516055,0.03701
pct_public_transit,0.020055764143412952,0.03836
pct_public_transit,0.02017604267536595,0.04557
pct_public_transit,0.0206206295026601,0.04722
pct_public_transit,0.021112152463963647,0.0486
pct_public_transit,0.02129406473148445,0.04881
pct_public_transit,0.0214474496075231,0.05339
pct_public_transit,0.021613028577007448,0.05347
pct_public_transit,0.02173742091202445,0.05346
pct_public_transit,0.0222384794629822,0.05334
pct_public_transit,0.02276002042655875,0.05327
pct_public_transit,0.02300308254591925,0.05666
pct_public_transit,0.02373923989916015,0.08926
pct_public_transit,0.0243065763314808,0.10811
pct_public_transit,0.024326316671843498,0.11044
pct_public_transit,0.024405074997131147,0.11155
pct_public_transit,0.0245158919001731,0.11235
pct_public_transit,0.0245835172720024,0.11339
pct_public_transit,0.0246717170803206,0.11444
pct_public_transit,0.02479338808583225,0.11498
pct_public_transit,0.02504484165539165,0.11395
pct_public_transit,0.025467634597136052,0.1137
pct_public_transit,0.02570235420286465,0.11415
pct_public_transit,0.0259439728943779,0.11293
pct_public_transit,0.026313262084443748,0.11383
pct_public_transit,0.026690048039791747,0.11294
pct_public_transit,0.02703414177656835,0.11295
pct_public_transit,0.027539175558788,0.11226
pct_public_transit,0.02803301204200415,0.11278
pct_public_transit,0.02838575314125305,0.1127
pct_public_transit,0.02918292105765965,0.11151
pct_public_transit,0.03007388871799265,0.11093
pct_public_transit,0.03054916496948475,0.10988
pct_public_transit,0.0316514514116408,0.11241
pct_public_transit,0.0328610131056395,0.11156
pct_public_transit,0.03428427015620575,0.1105
pct_public_transit,0.03592460340246965,0.10978
pct_public_transit,0.0364983885942967,0.10856
pct_public_transit,0.0368483770533537,0.1085
pct_public_transit,0.0371884965427665,0.10874
pct_public_transit,0.03731648347703035,0.11082
pct_public_transit,0.0375197380358909,0.11002
pct_public_transit,0.040102909267432846,0.10365
pct_public_transit,0.043233050466821854,0.10493
pct_public_transit,0.04441179787339035,0.10522
pct_public_transit,0.04496217900673695,0.10356
pct_public_transit,0.045117913772606655,0.10333
pct_public_transit,0.04518464840955725,0.10407
pct_public_transit,0.04841353426526515,0.05866
pct_public_transit,0.0518167799660782,0.05917
pct_public_transit,0.052749663520143195,0.05784
pct_public_transit,0.05423258994204195,0.05707
pct_public_transit,0.058401639857580345,0.04308
pct_public_transit,0.0625894879411783,0.04391
pct_public_transit,0.0643036044631321,0.04493
pct_public_transit,0.0653539648224757,0.04394
pct_public_transit,0.07249794402892296,0.04368
pct_public_transit,0.0797708048479693,0.04397
pct_public_transit,0.08247059594724784,0.0438
pct_public_transit,0.08545679307787091,0.04359
pct_public_transit,0.08912910517009755,0.04441
pct_public_transit,0.09374993680287125,0.04539
pct_public_transit,0.0969268400398683,0.0474
pct_public_transit,0.102208062026444,0.04981
pct_public_transit,0.1102687539155939,0.04994
pct_public_transit,0.12079397128447045,0.04986
pct_public_transit,0.12834237939387388,0.05147
pct_public_transit,0.14589051390678048,0.0517
pct_public_transit,0.1694995850180224,0.05279
pct_public_transit,0.17792017997149895,0.05866
pct_public_transit,0.20082069389919854,0.06235
pct_public_transit,0.22967357456364434,0.0659
pct_public_transit,0.34574825246762253,0.07274
pct_rail_commute,0.0,0.01036
pct_rail_commute,6.494434269830755e-06,0.01498
pct_rail_commute,1.6611918496672844e-05,0.01418
pct_rail_commute,2.095646173189915e-05,0.01596
pct_rail_commute,2.4030429444200495e-05,0.01717
pct_rail_commute,3.095377049319803e-05,0.0182
pct_rail_commute,3.688326491342641e-05,0.01846
pct_rail_commute,3.8755996232398494e-05,0.01875
pct_rail_commute,4.0127932987476505e-05,0.01714
pct_rail_commute,4.2683742255752336e-05,-0.03095
pct_rail_commute,4.5537526015495106e-05,-0.03106
pct_rail_commute,4.6961462330705946e-05,-0.02955
pct_rail_commute,4.8809212373724495e-05,-0.02986
pct_rail_commute,5.076371739228875e-05,-0.0302
pct_rail_commute,5.277574296065819e-05,-0.03436
pct_rail_commute,5.528497251837631e-05,-0.03454
pct_rail_commute,5.8628039331302614e-05,-0.03457
pct_rail_commute,6.541579708484628e-05,-0.03506
pct_rail_commute,7.092513582634067e-05,-0.03374
pct_rail_commute,7.738611453061379e-05,-0.03365
pct_rail_commute,8.271593923865482e-05,-0.03478
pct_rail_commute,8.33964581909444e-05,-0.03525
pct_rail_commute,8.61749581917565e-05,-0.03426
pct_rail_commute,8.908727112386985e-05,-0.03433
pct_rail_commute,9.214371308844074e-05,-0.03278
pct_rail_commute,9.646960390119479e-05,-0.03364
pct_rail_commute,9.926133173201947e-05,-0.03457
pct_rail_commute,0.00010146916191145,-0.03541
pct_rail_commute,0.00010367192860745,-0.035
pct_rail_commute,0.00010446926311985,-0.03623
pct_rail_commute,0.0001046599715728,-0.03551
pct_rail_commute,0.00010509967385369999,-0.03618
pct_rail_commute,0.00010545345802824999,-0.03603
pct_rail_commute,0.0001064977610652,-0.03645
pct_rail_commute,0.00010768300582655001,-0.03645
pct_rail_commute,0.0001098506205247,-0.03727
pct_rail_commute,0.00011340220574645001,-0.03679
pct_rail_commute,0.00011601785185350001,-0.03684
pct_rail_commute,0.00011834905328684999,-0.03751
pct_rail_commute,0.00012322658132254998,-0.03695
pct_rail_commute,0.0001317673414473,-0.03514
pct_rail_commute,0.00013935110267605,-0.0345
pct_rail_commute,0.00014664098885064998,-0.03241
pct_rail_commute,0.00015194765865055,-0.02869
pct_rail_commute,0.00015448197231090002,-0.02823
pct_rail_commute,0.0001584091070333,-0.02709
pct_rail_commute,0.0001613019001305,-0.02677
pct_rail_commute,0.0001630974255596,-0.02634
pct_rail_commute,0.0001670141395245,-0.02598
pct_rail_commute,0.00017197447838795,-0.02399
pct_rail_commute,0.00017593303238535001,-0.02578
pct_rail_commute,0.0001795576357119,-0.02574
pct_rail_commute,0.00019082594681415002,-0.03485
pct_rail_commute,0.00020750364434150002,-0.03493
pct_rail_commute,0.0002155184148804,-0.0353
pct_rail_commute,0.0002165064608664,-0.03272
pct_rail_commute,0.00021753984720694999,-0.03295
pct_rail_commute,0.0002197724762142,-0.03221
pct_rail_commute,0.00022634493029320002,-0.03261
pct_rail_commute,0.0002325334048803,-0.03135
pct_rail_commute,0.00023606854010955,-0.02942
pct_rail_commute,0.00023973979614615,-0.02839
pct_rail_commute,0.00024439676820435,-0.02801
pct_rail_commute,0.0002484478446766,-0.02767
pct_rail_commute,0.00024958049558230003,-0.02765
pct_rail_commute,0.0002531527632749,-0.02607
pct_rail_commute,0.00025655971571775,-0.02623
pct_rail_commute,0.00026173564680835,-0.02656
pct_rail_commute,0.0002681594089573,-0.02335
pct_rail_commute,0.0002781717500922,-0.02368
pct_rail_commute,0.00029093967257015,-0.02401
pct_rail_commute,0.0002995137687136,-0.02327
pct_rail_commute,0.00030392626728805003,-0.02316
pct_rail_commute,0.00030862067817094996,-0.02187
pct_rail_commute,0.00031399638377399997,-0.02188
pct_rail_commute,0.00032897315763510005,-0.02059
pct_rail_commute,0.0003449819639561,-0.01862
pct_rail_commute,0.00034915944089775,-0.01814
pct_rail_commute,0.0003529074096934,-0.01774
pct_rail_commute,0.00036313678378145,-0.01714
pct_rail_commute,0.0003778246104044,-0.01538
pct_rail_commute,0.00038682187872515,-0.01524
pct_rail_commute,0.00039851628457010003,-0.01523
pct_rail_commute,0.00041194135411744997,-0.01589
pct_rail_commute,0.0004228729613769,-0.01646
pct_rail_commute,0.00042953469184695,-0.01597
pct_rail_commute,0.0004375812695805,-0.0142
pct_rail_commute,0.0004533637430345,-0.0123
pct_rail_commute,0.00046233545100529997,-0.01209
pct_rail_commute,0.000497954765201,-0.01214
pct_rail_commute,0.0006022790943675999,-0.01064
pct_rail_commute,0.0006763450025242,-0.01061
pct_rail_commute,0.00068330312512545,-0.00866
pct_rail_commute,0.0006965359864585,-0.00871
pct_rail_commute,0.0007289777508205501,-0.00847
pct_rail_commute,0.0007560308249475,-0.00801
pct_rail_commute,0.00079494070358445,-0.00721
pct_rail_commute,0.00083810577675645,-0.0073
pct_rail_commute,0.0008495698324725,-0.00647
pct_rail_commute,0.00085285975839905,-0.00443
pct_rail_commute,0.000858036874336,-0.00445
pct_rail_commute,0.00086539215001875,-0.0053
pct_rail_commute,0.0008773649871347501,-0.00538
pct_rail_commute,0.00090525151389695,-0.00596
pct_rail_commute,0.00092606129076595,-0.00597
pct_rail_commute,0.00093057669661395,-0.00664
pct_rail_commute,0.0009352741920265,-0.00515
pct_rail_commute,0.0009657309036146999,-0.00215
pct_rail_commute,0.00099693528923025,-0.00201
pct_rail_commute,0.0010056216929407499,-0.00265
pct_rail_commute,0.0010214101535731498,-0.00368
pct_rail_commute,0.0010457846898411,-0.00194
pct_rail_commute,0.00107630113981545,-0.00121
pct_rail_commute,0.0010919297768638499,-0.0026
pct_rail_commute,0.0011044307727271,-0.00018
pct_rail_commute,0.0011312822379992,-0.00137
pct_rail_commute,0.0011553699357481,-0.00113
pct_rail_commute,0.00118647379561725,-0.00217
pct_rail_commute,0.00121535078140015,-0.00175
pct_rail_commute,0.0012439273615924501,-0.00326
pct_rail_commute,0.0012770119886677499,-0.00439
pct_rail_commute,0.0012937121492387,-0.00522
pct_rail_commute,0.0013433029505668,-0.00321
pct_rail_commute,0.0014254885219143,-0.00233
pct_rail_commute,0.0014922165367155498,-0.00106
pct_rail_commute,0.001591602580962,0.00031
pct_rail_commute,0.0016833710076535999,0.00055
pct_rail_commute,0.0017116697584009999,0.0037
pct_rail_commute,0.00174220063878545,0.00655
pct_rail_commute,0.0017802367098361,0.01015
pct_rail_commute,0.00179784694502985,0.00951
pct_rail_commute,0.0018080370200737,0.01022
pct_rail_commute,0.00184428003504205,0.01164
pct_rail_commute,0.0018793657476272,0.01106
pct_rail_commute,0.0019435811004629,0.01171
pct_rail_commute,0.0020836936195209,0.01356
pct_rail_commute,0.00228869485704725,0.01278
pct_rail_commute,0.0024725215734493497,0.01386
pct_rail_commute,0.0025512074027522003,0.01379
pct_rail_commute,0.0025828964580438003,0.01587
pct_rail_commute,0.0026627345261984996,0.01601
pct_rail_commute,0.0028186147551956496,0.01698
pct_rail_commute,0.0033168217919225997,0.01854
pct_rail_commute,0.00392659804545335,0.02012
pct_rail_commute,0.0041383696971888,0.02191
pct_rail_commute,0.004161238868641649,0.0245
pct_rail_commute,0.0042561065232386,0.03348
pct_rail_commute,0.0043417636636360005,0.03488
pct_rail_commute,0.0044730255953325995,0.04098
pct_rail_commute,0.005218958706118,0.04195
pct_rail_commute,0.0059644691817204,0.04612
pct_rail_commute,0.00620670525734875,0.05317
pct_rail_commute,0.0064546599662639,0.05559
pct_rail_commute,0.0070217502488794,0.05588
pct_rail_commute,0.0077547848684021495,0.05704
pct_rail_commute,0.00807101770941435,0.06195
pct_rail_commute,0.0081741742891368,0.06316
pct_rail_commute,0.008365517250507201,0.06313
pct_rail_commute,0.008712573040673601,0.06483
pct_rail_commute,0.008995230861189,0.06541
pct_rail_commute,0.009239651548751199,0.06729
pct_rail_commute,0.009712532420038951,0.06532
pct_rail_commute,0.01009993782764865,0.06325
pct_rail_commute,0.01101745024650685,0.06138
pct_rail_commute,0.01203224311768805,0.0612
pct_rail_commute,0.0124424402507681,0.0573
pct_rail_commute,0.012753591680274099,0.05739
pct_rail_commute,0.01384703014957595,0.05512
pct_rail_commute,0.0148318479567815,0.0537
pct_rail_commute,0.01521174302144715,0.05268
pct_rail_commute,0.0157866645815371,0.0538
pct_rail_commute,0.016655649046520747,0.05189
pct_rail_commute,0.0175242452157603,0.05099
pct_rail_commute,0.01879415848433505,0.05129
pct_rail_commute,0.0211075532529834,0.05031
pct_rail_commute,0.0251805399608559,0.01414
pct_rail_commute,0.02954413676266505,-0.25912
pct_rail_commute,0.03214987363683665,-0.27817
pct_rail_commute,0.03592828286799845,-0.30876
pct_rail_commute,0.04104264933963955,-0.32473
pct_rail_commute,0.0728013291507671,-0.34989
pct_walked,0.0,-0.36292
pct_walked,0.0007154440522751,-0.36469
pct_walked,0.0016786723880869,-0.36725
pct_walked,0.00204074624162405,-0.36912
pct_walked,0.0021552827872581,-0.37232
pct_walked,0.0024087320509223,-0.32666
pct_walked,0.00303745181111465,-0.32031
pct_walked,0.0036429162655698,-0.3229
pct_walked,0.0038938784324422,-0.32516
pct_walked,0.00443104059827895,-0.32683
pct_walked,0.00497103688374355,-0.31865
pct_walked,0.0055022351067075,-0.21154
pct_walked,0.0060168402055033494,-0.20916
pct_walked,0.006155865883261899,-0.20993
pct_walked,0.00639490981038255,-0.21085
pct_walked,0.0065179681801567,-0.2065
pct_walked,0.0065525721174297,-0.20796
pct_walked,0.0067893706427056,-0.20874
pct_walked,0.00715528399857845,-0.17843
pct_walked,0.0073618598047228995,-0.11776
pct_walked,0.00753234907132395,-0.10794
pct_walked,0.0076814240518195,-0.08662
pct_walked,0.00772530475362415,-0.08784
pct_walked,0.00776503726255385,-0.12153
pct_walked,0.00782902831057285,-0.19842
pct_walked,0.0079220955525072,-0.19999
pct_walked,0.008048243315248449,-0.20128
pct_walked,0.008192928117312249,-0.2021
pct_walked,0.0083183615388779,-0.20329
pct_walked,0.008383043983859,-0.20432
pct_walked,0.00848698157758945,-0.20502
pct_walked,0.0087075286520914,-0.20667
pct_walked,0.00893068869008315,-0.20757
pct_walked,0.00909469067171985,-0.20892
pct_walked,0.009203720715160651,-0.21059
pct_walked,0.00939178640330865,-0.21226
pct_walked,0.00955025825032595,-0.21315
pct_walked,0.0096195373328479,-0.21473
pct_walked,0.00972585282916015,-0.21678
pct_walked,0.009777523873766299,-0.21781
pct_walked,0.0098567171422714,-0.21916
pct_walked,0.0100044762661331,-0.21947
pct_walked,0.0101045057041831,-0.22084
pct_walked,0.0101870562958407,-0.22201
pct_walked,0.010281296275740402,-0.22296
pct_walked,0.0103149049465774,-0.22386
pct_walked,0.01034201634508165,-0.22448
pct_walked,0.0103899660454451,-0.22502
pct_walked,0.010442132205483349,-0.22644
pct_walked,0.010479346597448,-0.22756
pct_walked,0.0105072976149258,-0.22871
pct_walked,0.010579454208305,-0.22933
pct_walked,0.010649942241534649,-0.23044
pct_walked,0.0107508840283003,-0.23012
pct_walked,0.0108911507149901,-0.23038
pct_walked,0.0109991005374364,-0.2304
pct_walked,0.0110818002104613,-0.23081
pct_walked,0.0111239290752132,-0.23095
pct_walked,0.01119237545173145,-0.23086
pct_walked,0.0112629656704074,-0.23046
pct_walked,0.011326482591823901,-0.23041
pct_walked,0.0114121538583388,-0.2301
pct_walked,0.011453629206508949,-0.22975
pct_walked,0.0115819001181283,-0.22873
pct_walked,0.01172488968107455,-0.22827
pct_walked,0.0117523105809502,-0.22788
pct_walked,0.01177250592358585,-0.22736
pct_walked,0.0117879175265568,-0.2259
pct_walked,0.011844245611196649,-0.22529
pct_walked,0.01206040188144265,-0.22409
pct_walked,0.0122287587260525,-0.22341
pct_walked,0.01227186304026575,-0.22249
pct_walked,0.01236990411566135,-0.22092
pct_walked,0.0124332699837765,-0.20989
pct_walked,0.012456541785408351,-0.1504
pct_walked,0.012519243153608,-0.14829
pct_walked,0.012588911682633649,-0.14689
pct_walked,0.01268360916683815,-0.1453
pct_walked,0.0127891348066138,-0.14373
pct_walked,0.01287327682434735,-0.14114
pct_walked,0.0129445845184431,-0.13534
pct_walked,0.0130183852656927,-0.13079
pct_walked,0.0130936183281804,-0.1096
pct_walked,0.0131397286323638,-0.10854
pct_walked,0.0132058777995628,-0.10783
pct_walked,0.013303786062473549,-0.10732
pct_walked,0.0133569532025089,-0.10748
pct_walked,0.013394583341692499,-0.11261
pct_walked,0.01352685491573,-0.11314
pct_walked,0.013675883846217051,-0.11326
pct_walked,0.013780881905696,-0.11323
pct_walked,0.0138572684082384,-0.11278
pct_walked,0.01389888034972815,-0.11236
pct_walked,0.0139311505904074,-0.11228
pct_walked,0.01399822908725935,-0.11245
pct_walked,0.0140636634190547,-0.11251
pct_walked,0.01410916656120495,-0.11098
pct_walked,0.0141557534979136,-0.11084
pct_walked,0.01418295444391185,-0.11051
pct_walked,0.0143107730358273,-0.11058
pct_walked,0.014430069781858249,-0.11031
pct_walked,0.0144596986797598,-0.109
pct_walked,0.01449956602191085,-0.10873
pct_walked,0.014521315701827051,-0.10803
pct_walked,0.0145671421924581,-0.10715
pct_walked,0.01463646729778415,-0.10555
pct_walked,0.01469077975726215,-0.1037
pct_walked,0.0147422920639784,-0.10241
pct_walked,0.014771653945291351,-0.10104
pct_walked,0.01482968183806495,-0.10068
pct_walked,0.014894095452692099,-0.10047
pct_walked,0.014905492504302901,-0.09906
pct_walked,0.0150485484197415,-0.09827
pct_walked,0.0152680811670956,-0.09798
pct_walked,0.01538033972226955,-0.0981
pct_walked,0.0154336420347768,-0.09742
pct_walked,0.0154953884517114,-0.10254
pct_walked,0.0155444540951711,-0.10169
pct_walked,0.0157865137936396,-0.10018
pct_walked,0.01602789361616985,-0.09944
pct_walked,0.0160859378922769,-0.09944
pct_walked,0.016140407580241302,-0.09949
pct_walked,0.0161467694845161,-0.10038
pct_walked,0.016154302476157047,-0.10389
pct_walked,0.0161959126181634,-0.11338
pct_walked,0.01626130862504995,-0.11382
pct_walked,0.016293857394974152,-0.11341
pct_walked,0.01635989387480375,-0.1323
pct_walked,0.01643503228720615,-0.14463
pct_walked,0.01649350837965035,-0.14667
pct_walked,0.016573445703685998,-0.14559
pct_walked,0.0166123587781508,-0.14583
pct_walked,0.016659750228420853,-0.14589
pct_walked,0.016731028501093252,-0.14581
pct_walked,0.0167802206821801,-0.145
pct_walked,0.0168064521380821,-0.14412
pct_walked,0.01684365476502155,-0.14308
pct_walked,0.01690814864066265,-0.14323
pct_walked,0.01696204338251325,-0.14285
pct_walked,0.017007026150005752,-0.14287
pct_walked,0.01705923946314505,-0.14259
pct_walked,0.01709455756710925,-0.14227
pct_walked,0.01711303299565835,-0.14168
pct_walked,0.017154949955264752,-0.14105
pct_walked,0.017209448630311798,-0.1402
pct_walked,0.0172475295834151,-0.13984
pct_walked,0.017278323762113502,-0.14002
pct_walked,0.0172976940734883,-0.14016
pct_walked,0.017324419459510652,-0.13954
pct_walked,0.01736584643692585,-0.13934
pct_walked,0.0173931808738449,-0.13826
pct_walked,0.017432673945369202,-0.13788
pct_walked,0.01746628524731305,-0.137
pct_walked,0.0174825180502446,-0.13585
pct_walked,0.01755996682094015,-0.13537
pct_walked,0.01763859322386315,-0.13518
pct_walked,0.01765834375399495,-0.13409
pct_walked,0.0176698036402685,-0.13384
pct_walked,0.0177018506453379,-0.13274
pct_walked,0.0178395168812416,-0.13251
pct_walked,0.0180397684370984,-0.13196
pct_walked,0.018135915354068152,-0.13227
pct_walked,0.018215009328868048,-0.13217
pct_walked,0.018289857559988097,-0.13855
pct_walked,0.0183681726411896,-0.14263
pct_walked,0.01847318354531395,-0.14206
pct_walked,0.018515944237234253,-0.14108
pct_walked,0.0186801650152108,-0.14102
pct_walked,0.01883460905485125,-0.13984
pct_walked,0.0188819995191407,-0.13832
pct_walked,0.01902982997129735,-0.1375
pct_walked,0.019204903759519498,-0.13691
pct_walked,0.01929725962982665,-0.13603
pct_walked,0.0193382085321228,-0.13549
pct_walked,0.01942561578225525,-0.13433
pct_walked,0.0195134529296461,-0.13197
pct_walked,0.01955553912867575,-0.13077
pct_walked,0.019684585918449203,-0.12993
pct_walked,0.019818335911910852,-0.1293
pct_walked,0.019862232811733202,-0.1279
pct_walked,0.01998496080047045,-0.12678
pct_walked,0.0201212887544122,-0.12591
pct_walked,0.0202641183792992,-0.1233
pct_walked,0.020436500327348797,-0.12214
pct_walked,0.020575315051635297,-0.1204
pct_walked,0.02066670221906785,-0.11862
pct_walked,0.02068180643971015,-0.11642
pct_walked,0.020703710783549503,-0.11548
pct_walked,0.020797632715969648,-0.09338
pct_walked,0.02095368358637995,-0.0911
pct_walked,0.0210498699438011,-0.08932
pct_walked,0.0210836620291562,-0.08814
pct_walked,0.02112893009944935,-0.08612
pct_walked,0.0211950238353892,-0.08354
pct_walked,0.0212493855762331,-0.08246
pct_walked,0.021277467782260147,-0.0806
pct_walked,0.021336702130046348,-0.07972
pct_walked,0.02140461935765625,-0.07805
pct_walked,0.02146682310187585,-0.0767
pct_walked,0.0216408811330754,-0.07586
pct_walked,0.02178999105067805,-0.07424
pct_walked,0.021828615646772298,-0.0729
pct_walked,0.0219150158399756,-0.07162
pct_walked,0.0220052044947815,-0.0694
pct_walked,0.02206166422234465,-0.06873
pct_walked,0.0222494143394188,-0.06812
pct_walked,0.022560588772902748,-0.06655
pct_walked,0.02273845105234265,-0.06579
pct_walked,0.0227648328690548,-0.06563
pct_walked,0.02278514883868375,-0.06486
pct_walked,0.022877060516460247,-0.06432
pct_walked,0.0230026273188755,-0.06329
pct_walked,0.023061198702775,-0.06181
pct_walked,0.02313151522452865,-0.0612
pct_walked,0.02326171990417735,-0.06083
pct_walked,0.0234796744903906,-0.05991
pct_walked,0.02371373287614735,-0.05963
pct_walked,0.02389954193704905,-0.05844
pct_walked,0.0240060555858935,-0.06126
pct_walked,0.0240933152056449,-0.07163
pct_walked,0.0242266295787317,-0.07103
pct_walked,0.024278096582656998,-0.07057
pct_walked,0.02428797725689985,-0.06985
pct_walked,0.02441341949880715,-0.06791
pct_walked,0.0245748661887694,-0.06545
pct_walked,0.0246882610994985,-0.06373
pct_walked,0.0247797496609257,-0.06314
pct_walked,0.02488482749181055,-0.06124
pct_walked,0.025021931095733953,-0.05956
pct_walked,0.025086987828568198,-0.05772
pct_walked,0.02510424792608465,-0.05598
pct_walked,0.0253266026004257,-0.05459
pct_walked,0.025707972556293153,-0.05253
pct_walked,0.02595070678256445,-0.05118
pct_walked,0.026183160949999548,-0.04954
pct_walked,0.0263394955524561,-0.04881
pct_walked,0.02634161586485915,-0.0473
pct_walked,0.02635658110703265,-0.04669
pct_walked,0.0264473604962281,-0.04436
pct_walked,0.0265448963246314,-0.04206
pct_walked,0.026581465925967503,-0.04
pct_walked,0.0266636363628912,-0.03742
pct_walked,0.02675259516784765,-0.03545
pct_walked,0.0269673233124469,-0.03225
pct_walked,0.027183792806724602,-0.03111
pct_walked,0.02728436863370275,-0.03034
pct_walked,0.02745625546078295,-0.02878
pct_walked,0.02755602379337395,-0.0256
pct_walked,0.027581409561914898,-0.02376
pct_walked,0.0276059565970328,-0.02227
pct_walked,0.02763761775580295,-0.01967
pct_walked,0.027820525600345952,-0.01796
pct_walked,0.02797509410238775,-0.01602
pct_walked,0.02806340661649195,-0.01465
pct_walked,0.02817070634098185,-0.01127
pct_walked,0.0281933698295997,-0.00821
pct_walked,0.028322821388908903,0.00424
pct_walked,0.028454002695472103,0.01
pct_walked,0.028560430559361,0.01465
pct_walked,0.028704573977980652,0.01692
pct_walked,0.02885763307475335,0.01901
pct_walked,0.02898066755625775,0.02174
pct_walked,0.02906667391624595,0.02516
pct_walked,0.029205464160693,0.02767
pct_walked,0.029309759924226048,0.0297
pct_walked,0.029574648469557298,0.03112
pct_walked,0.02981101918436765,0.03362
pct_walked,0.0298393208205047,0.03647
pct_walked,0.029923363651032,0.03937
pct_walked,0.03006679819652895,0.04085
pct_walked,0.030171334466912197,0.04642
pct_walked,0.03025082605544705,0.04873
pct_walked,0.0304513927524943,0.05075
pct_walked,0.03064161775812245,0.05247
pct_walked,0.03076274555251405,0.05562
pct_walked,0.03098132473304075,0.05697
pct_walked,0.0312518086993721,0.05997
pct_walked,0.031436969825643,0.0615
pct_walked,0.0315545149787388,0.06348
pct_walked,0.031646245341195395,0.06575
pct_walked,0.031700628046696,0.06861
pct_walked,0.0321709588461555,0.0693
pct_walked,0.032724514802496454,0.0704
pct_walked,0.0329264071389036,0.0728
pct_walked,0.03313912994952345,0.07495
pct_walked,0.033325990734374894,0.07613
pct_walked,0.0335305754642122,0.07664
pct_walked,0.03372769453816155,0.07684
pct_walked,0.03380928755615025,0.07854
pct_walked,0.0338665792509365,0.07937
pct_walked,0.033929746225242544,0.07934
pct_walked,0.0339864924538226,0.07985
pct_walked,0.03408371294197955,0.07999
pct_walked,0.0342984034376865,0.08227
pct_walked,0.034728577271900096,0.08252
pct_walked,0.035056638068976104,0.08351
pct_walked,0.035128207362206454,0.08421
pct_walked,0.03519046929627835,0.08441
pct_walked,0.0352414806209035,0.08628
pct_walked,0.035536026575098745,0.08937
pct_walked,0.0359541940764823,0.09161
pct_walked,0.03627914270362845,0.09423
pct_walked,0.0365456272025783,0.09483
pct_walked,0.03667585253330545,0.09538
pct_walked,0.036724667037138045,0.09682
pct_walked,0.0367466504980687,0.09725
pct_walked,0.0370592932380755,0.09758
pct_walked,0.037604890780077796,0.09802
pct_walked,0.037859867851708,0.09821
pct_walked,0.03799809564042735,0.09889
pct_walked,0.038181118776156,0.1002
pct_walked,0.0384742093218654,0.10086
pct_walked,0.0387526308997688,0.10312
pct_walked,0.038989398612817944,0.10363
pct_walked,0.0392089816689314,0.10566
pct_walked,0.03928156908495675,0.1065
pct_walked,0.0394734119435077,0.10624
pct_walked,0.03964373283514485,0.10719
pct_walked,0.03980025049376995,0.10879
pct_walked,0.039965315906403995,0.1099
pct_walked,0.0403432547972961,0.11022
pct_walked,0.040703963511760755,0.11288
pct_walked,0.040852571134806906,0.11453
pct_walked,0.041107341696199756,0.11593
pct_walked,0.04175022236779515,0.11619
pct_walked,0.0423198117991781,0.11686
pct_walked,0.042649468659713655,0.11797
pct_walked,0.04293767893643735,0.12151
pct_walked,0.0431973176964454,0.12176
pct_walked,0.0436118073567126,0.12251
pct_walked,0.0438355700488887,0.12419
pct_walked,0.043907556500800804,0.12461
pct_walked,0.0440894745555152,0.12739
pct_walked,0.0448644185866508,0.12907
pct_walked,0.0458369179473398,0.13098
pct_walked,0.046675954713611,0.13464
pct_walked,0.04756511140899175,0.13554
pct_walked,0.048152045377228,0.13709
pct_walked,0.0490133497673286,0.13905
pct_walked,0.0499516938751908,0.14077
pct_walked,0.0503986213686691,0.14358
pct_walked,0.05106524865014615,0.15781
pct_walked,0.05185089730560585,0.15889
pct_walked,0.0522554019156201,0.15977
pct_walked,0.05238475786718645,0.16846
pct_walked,0.0525317728144485,0.18004
pct_walked,0.05331689998708665,0.18355
pct_walked,0.054208163895725955,0.18553
pct_walked,0.05443756375894425,0.18636
pct_walked,0.05531564869354605,0.18956
pct_walked,0.0563195086723925,0.19173
pct_walked,0.0566333297554901,0.19383
pct_walked,0.0568742572790105,0.19521
pct_walked,0.0576042464505834,0.20347
pct_walked,0.05868808968342385,0.20516
pct_walked,0.059442345982895356,0.20693
pct_walked,0.0599446665043442,0.20838
pct_walked,0.0601125867620385,0.21159
pct_walked,0.0603280645806197,0.21388
pct_walked,0.060826049822279,0.22135
pct_walked,0.0635722460882424,0.22237
pct_walked,0.06627233822547465,0.22398
pct_walked,0.0685058571970838,0.22631
pct_walked,0.0710229734965504,0.23783
pct_walked,0.07248005828898305,0.2393
pct_walked,0.07377217955872045,0.2413
pct_walked,0.074177899793575,0.24584
pct_walked,0.07452661179469061,0.24789
pct_walked,0.07554524202293675,0.25247
pct_walked,0.07867143349672459,0.25693
pct_walked,0.09072798107594546,0.25992
pct_walked,0.11166987213106394,0.26454
pct_walked,0.12530279845207898,0.2724
pct_walked,0.13147151885889408,0.27846
pct_walked,0.1606220191524752,0.28376
pct_work_from_home,0.0210168256089412,-0.43305
pct_work_from_home,0.02146324104358335,-0.43564
pct_work_from_home,0.02370856755535205,-0.4388
pct_work_from_home,0.025646310877254448,-0.44053
pct_work_from_home,0.02614216947784135,-0.44226
pct_work_from_home,0.0267422512814137,-0.44381
pct_work_from_home,0.027183411257900997,-0.44543
pct_work_from_home,0.0287898569924126,-0.44296
pct_work_from_home,0.03049011407414065,-0.3898
pct_work_from_home,0.03089467898029145,-0.28689
pct_work_from_home,0.031025745103607352,-0.15321
pct_work_from_home,0.031156697046544852,-0.15438
pct_work_from_home,0.03138629535518295,-0.15571
pct_work_from_home,0.031546721728639995,-0.13884
pct_work_from_home,0.0316940664132574,-0.14023
pct_work_from_home,0.0319726671327271,-0.14165
pct_work_from_home,0.03289225354095695,-0.14243
pct_work_from_home,0.0346878271520209,-0.14328
pct_work_from_home,0.03599544028226235,-0.14447
pct_work_from_home,0.03685767763601895,-0.14533
pct_work_from_home,0.037545593116539,-0.13548
pct_work_from_home,0.037967208263673446,-0.1281
pct_work_from_home,0.03838966412428995,-0.12868
pct_work_from_home,0.03921669777340945,-0.12954
pct_work_from_home,0.04098353434875115,-0.13069
pct_work_from_home,0.04203771671512325,-0.13175
pct_work_from_home,0.0420930553363829,-0.13348
pct_work_from_home,0.04215237497505775,-0.13468
pct_work_from_home,0.042664492342226495,-0.1362
pct_work_from_home,0.04359412083605575,-0.13662
pct_work_from_home,0.04409237477319135,-0.13758
pct_work_from_home,0.04420212615647465,-0.13878
pct_work_from_home,0.04431577084228955,-0.13977
pct_work_from_home,0.04447951708836885,-0.16538
pct_work_from_home,0.04479784014003635,-0.1675
pct_work_from_home,0.04514393317616715,-0.16856
pct_work_from_home,0.0454355492308789,-0.16983
pct_work_from_home,0.04563284443015975,-0.18074
pct_work_from_home,0.0459231650666085,-0.18161
pct_work_from_home,0.046249874897569154,-0.18168
pct_work_from_home,0.0466564278820391,-0.18205
pct_work_from_home,0.0472885147536584,-0.18275
pct_work_from_home,0.04766672492594655,-0.18346
pct_work_from_home,0.0477833624139517,-0.18394
pct_work_from_home,0.04797969674552685,-0.18428
pct_work_from_home,0.04864673048252225,-0.19097
pct_work_from_home,0.0493729984112084,-0.19008
pct_work_from_home,0.04963290845410035,-0.18976
pct_work_from_home,0.050140626025249546,-0.19577
pct_work_from_home,0.0506039725205594,-0.19953
pct_work_from_home,0.051209458089452695,-0.20021
pct_work_from_home,0.051921239300466604,-0.21158
pct_work_from_home,0.052466095189584505,-0.21202
pct_work_from_home,0.0533038556633472,-0.21246
pct_work_from_home,0.05392187228854535,-0.21218
pct_work_from_home,0.05414420663189265,-0.21273
pct_work_from_home,0.054501581735243804,-0.20528
pct_work_from_home,0.0548596693213655,-0.2056
pct_work_from_home,0.05491151584980395,-0.20485
pct_work_from_home,0.054953568606363246,-0.20507
pct_work_from_home,0.05526772887450855,-0.20559
pct_work_from_home,0.05565246429192955,-0.20572
pct_work_from_home,0.05579376275001295,-0.20588
pct_work_from_home,0.05599395186505725,-0.2055
pct_work_from_home,0.05625878781986285,-0.20525
pct_work_from_home,0.0564471731619981,-0.20536
pct_work_from_home,0.056936682590759596,-0.20575
pct_work_from_home,0.05759119889142105,-0.20629
pct_work_from_home,0.0579146065963158,-0.20663
pct_work_from_home,0.05853202888910435,-0.20729
pct_work_from_home,0.05913838912639175,-0.20713
pct_work_from_home,0.05952283428722955,-0.20614
pct_work_from_home,0.0599162518046982,-0.20814
pct_work_from_home,0.060447152674052096,-0.20884
pct_work_from_home,0.06137104914517455,-0.20881
pct_work_from_home,0.0619732072521909,-0.20858
pct_work_from_home,0.062097245621711206,-0.20867
pct_work_from_home,0.06213960578063355,-0.2086
pct_work_from_home,0.06224380772681145,-0.20796
pct_work_from_home,0.062324669522563894,-0.20752
pct_work_from_home,0.06257003540824735,-0.20584
pct_work_from_home,0.0631283114360491,-0.2052
pct_work_from_home,0.06372322853314635,-0.20486
pct_work_from_home,0.0640057344202576,-0.20444
pct_work_from_home,0.06418404114816495,-0.20082
pct_work_from_home,0.0645879299273937,-0.20033
pct_work_from_home,0.06484843488009034,-0.20034
pct_work_from_home,0.06500282838367075,-0.19993
pct_work_from_home,0.06540320251164025,-0.19966
pct_work_from_home,0.06568916538307985,-0.20014
pct_work_from_home,0.0659305994813005,-0.2004
pct_work_from_home,0.06618248175151481,-0.20056
pct_work_from_home,0.06636287389868414,-0.19965
pct_work_from_home,0.06674372129914755,-0.19963
pct_work_from_home,0.0670077996071685,-0.1997
pct_work_from_home,0.0671233983581649,-0.1993
pct_work_from_home,0.0677328709199771,-0.19881
pct_work_from_home,0.06837167065310054,-0.19886
pct_work_from_home,0.06849826063197245,-0.19864
pct_work_from_home,0.0689942652168956,-0.19782
pct_work_from_home,0.0698045871286544,-0.1973
pct_work_from_home,0.0706237771091138,-0.19634
pct_work_from_home,0.07120558813905731,-0.19628
pct_work_from_home,0.07136111006918935,-0.19419
pct_work_from_home,0.0714822621069501,-0.19189
pct_work_from_home,0.07160173893899441,-0.19084
pct_work_from_home,0.07172659664132365,-0.18826
pct_work_from_home,0.0718163743312989,-0.18679
pct_work_from_home,0.0721147806768318,-0.18472
pct_work_from_home,0.07240780007191885,-0.18377
pct_work_from_home,0.0724320781073973,-0.18187
pct_work_from_home,0.0728459400868548,-0.17969
pct_work_from_home,0.0733499650143416,-0.1778
pct_work_from_home,0.0734753546155863,-0.17666
pct_work_from_home,0.07355481266974995,-0.17616
pct_work_from_home,0.07419900576009694,-0.17624
pct_work_from_home,0.0748606240340817,-0.17607
pct_work_from_home,0.0749366926689071,-0.17558
pct_work_from_home,0.0749499048878079,-0.17479
pct_work_from_home,0.07499394462332615,-0.17471
pct_work_from_home,0.0752079712356211,-0.17472
pct_work_from_home,0.07545978844846025,-0.17419
pct_work_from_home,0.0756778292210552,-0.17389
pct_work_from_home,0.07609867209736385,-0.1733
pct_work_from_home,0.07643102408920904,-0.17303
pct_work_from_home,0.0770776859413586,-0.17172
pct_work_from_home,0.0778880375529192,-0.17003
pct_work_from_home,0.0781640332936549,-0.16879
pct_work_from_home,0.07823961009214886,-0.16827
pct_work_from_home,0.0783498712568791,-0.16753
pct_work_from_home,0.078501999555127,-0.16714
pct_work_from_home,0.0787416783685809,-0.16698
pct_work_from_home,0.07938967338442596,-0.16671
pct_work_from_home,0.0799094211572083,-0.16648
pct_work_from_home,0.0799867361900031,-0.1663
pct_work_from_home,0.08008791799649055,-0.16596
pct_work_from_home,0.080319334460322,-0.16415
pct_work_from_home,0.08103403335458034,-0.16253
pct_work_from_home,0.0823118949085024,-0.16196
pct_work_from_home,0.0831347405386112,-0.16066
pct_work_from_home,0.0832604964048044,-0.15992
pct_work_from_home,0.0837357039303046,-0.15824
pct_work_from_home,0.08457513266040635,-0.15806
pct_work_from_home,0.0852648039167393,-0.15761
pct_work_from_home,0.08558526749736055,-0.15739
pct_work_from_home,0.0856308187959279,-0.15646
pct_work_from_home,0.0858370110621687,-0.15613
pct_work_from_home,0.08602398835171846,-0.15558
pct_work_from_home,0.0860383653907696,-0.15369
pct_work_from_home,0.08662310346746116,-0.15306
pct_work_from_home,0.0871981178660251,-0.15251
pct_work_from_home,0.08734705927041064,-0.15201
pct_work_from_home,0.0876303305786188,-0.15065
pct_work_from_home,0.0878647332749358,-0.15049
pct_work_from_home,0.08846920258394014,-0.14915
pct_work_from_home,0.08907137071039065,-0.14845
pct_work_from_home,0.08956066889833164,-0.1452
pct_work_from_home,0.09063401821113964,-0.14498
pct_work_from_home,0.0913374333061305,-0.14327
pct_work_from_home,0.09138570726559975,-0.14245
pct_work_from_home,0.0914356285508455,-0.14155
pct_work_from_home,0.09150224729457646,-0.13916
pct_work_from_home,0.0916679412607477,-0.13814
pct_work_from_home,0.0918639510706015,-0.13682
pct_work_from_home,0.09203410991655314,-0.13608
pct_work_from_home,0.09213470305582075,-0.13575
pct_work_from_home,0.09262811453185946,-0.13552
pct_work_from_home,0.0931929673709654,-0.13476
pct_work_from_home,0.09343527478264155,-0.13413
pct_work_from_home,0.09361089364205169,-0.13046
pct_work_from_home,0.09377738766584925,-0.12937
pct_work_from_home,0.09416369805316595,-0.12695
pct_work_from_home,0.09446666674433245,-0.12555
pct_work_from_home,0.094701884038649,-0.12254
pct_work_from_home,0.09488868256636646,-0.12135
pct_work_from_home,0.09541456393241315,-0.11936
pct_work_from_home,0.09602019198856555,-0.11902
pct_work_from_home,0.0961621056010124,-0.11774
pct_work_from_home,0.0963096138347534,-0.11675
pct_work_from_home,0.09643548871904405,-0.11575
pct_work_from_home,0.09658859051335669,-0.1119
pct_work_from_home,0.0970200991608248,-0.11063
pct_work_from_home,0.09731423157165905,-0.10982
pct_work_from_home,0.09789121560415055,-0.10862
pct_work_from_home,0.09868756378812345,-0.10702
pct_work_from_home,0.09900660242406414,-0.1053
pct_work_from_home,0.09930747995671335,-0.10197
pct_work_from_home,0.09954641166462094,-0.05635
pct_work_from_home,0.0996275580039658,-0.0551
pct_work_from_home,0.09979311202642385,-0.05295
pct_work_from_home,0.09997747261481875,-0.04911
pct_work_from_home,0.1001442972921654,-0.04557
pct_work_from_home,0.10043259630303154,-0.04349
pct_work_from_home,0.10063767590232894,-0.04229
pct_work_from_home,0.1006607336044674,-0.03993
pct_work_from_home,0.10114754186437344,-0.03892
pct_work_from_home,0.10163911131500215,-0.0298
pct_work_from_home,0.10197099809332975,-0.02858
pct_work_from_home,0.1023978639578346,-0.02731
pct_work_from_home,0.10261328437628026,-0.02615
pct_work_from_home,0.10280338030351899,-0.02524
pct_work_from_home,0.1029083147317986,-0.02437
pct_work_from_home,0.10337202693295836,-0.02249
pct_work_from_home,0.1041776160730976,-0.02054
pct_work_from_home,0.10456244437132176,-0.01943
pct_work_from_home,0.10482630006836195,-0.01734
pct_work_from_home,0.105415064158496,-0.01453
pct_work_from_home,0.10638951735073801,-0.01264
pct_work_from_home,0.10721273582248475,-0.01109
pct_work_from_home,0.10759921370012325,-0.01022
pct_work_from_home,0.10782363486406721,-0.00802
pct_work_from_home,0.10820483833215255,-0.00718
pct_work_from_home,0.10862871151882394,-0.00404
pct_work_from_home,0.10875540116389815,-0.0035
pct_work_from_home,0.10891727866438,-0.00344
pct_work_from_home,0.10924343207085624,-0.00338
pct_work_from_home,0.10951361719147795,-0.0028
pct_work_from_home,0.10978269980168931,-0.00282
pct_work_from_home,0.11089066908533554,-0.00273
pct_work_from_home,0.1121413944266102,-0.00222
pct_work_from_home,0.11284367827309086,-0.00155
pct_work_from_home,0.1131967610466002,-0.00024
pct_work_from_home,0.11337083680272414,0.00112
pct_work_from_home,0.11361447692389959,0.00177
pct_work_from_home,0.1137645780069312,0.00139
pct_work_from_home,0.11404472896351375,0.001
pct_work_from_home,0.1147518119979021,0.00073
pct_work_from_home,0.1155318705910699,0.00153
pct_work_from_home,0.11611602308168706,0.00173
pct_work_from_home,0.116762163566339,0.00175
pct_work_from_home,0.1176874898865071,0.00246
pct_work_from_home,0.11875648190151286,0.00243
pct_work_from_home,0.1198506590482229,0.00445
pct_work_from_home,0.1204765001580652,0.00533
pct_work_from_home,0.12073696331197935,0.00637
pct_work_from_home,0.1218059710998182,0.00678
pct_work_from_home,0.12267365557998515,0.00657
pct_work_from_home,0.1228342742408735,0.00688
pct_work_from_home,0.12313241419513865,0.0071
pct_work_from_home,0.12354595348385945,0.00854
pct_work_from_home,0.12379548314110495,0.00969
pct_work_from_home,0.1239023523221692,0.01004
pct_work_from_home,0.12410546879611964,0.0101
pct_work_from_home,0.1243447865142907,0.01035
pct_work_from_home,0.12457955594305285,0.0104
pct_work_from_home,0.12506373661355025,0.01083
pct_work_from_home,0.12574451857960084,0.01027
pct_work_from_home,0.12631932267112586,0.01096
pct_work_from_home,0.1269532480492386,0.01209
pct_work_from_home,0.12736236393796255,0.01197
pct_work_from_home,0.12780810087542266,0.01307
pct_work_from_home,0.128276713543101,0.01295
pct_work_from_home,0.1287221577325787,0.01255
pct_work_from_home,0.12981386893065366,0.01206
pct_work_from_home,0.1306902983492555,0.01188
pct_work_from_home,0.13111765232432748,0.01184
pct_work_from_home,0.13152151666450662,0.0116
pct_work_from_home,0.13170159300696482,0.01318
pct_work_from_home,0.13226495803922167,0.01262
pct_work_from_home,0.1331282567191259,0.0126
pct_work_from_home,0.1339292044745696,0.01344
pct_work_from_home,0.13493901520448814,0.01464
pct_work_from_home,0.13552800325053854,0.01429
pct_work_from_home,0.13587651382350005,0.01523
pct_work_from_home,0.13622521283564198,0.01631
pct_work_from_home,0.13649769072811369,0.01649
pct_work_from_home,0.13678632860405548,0.01622
pct_work_from_home,0.1369861085838981,0.01623
pct_work_from_home,0.13750298888996254,0.01586
pct_work_from_home,0.1380251204281868,0.01622
pct_work_from_home,0.13843428900592764,0.01624
pct_work_from_home,0.13876918251685683,0.01636
pct_work_from_home,0.13908858079649467,0.01632
pct_work_from_home,0.13938254440177014,0.01619
pct_work_from_home,0.13995028357498865,0.01614
pct_work_from_home,0.1406616730838136,0.01651
pct_work_from_home,0.14102809126668248,0.0162
pct_work_from_home,0.14123911671440664,0.0161
pct_work_from_home,0.1416353928110784,0.01601
pct_work_from_home,0.14204331287240907,0.01576
pct_work_from_home,0.14215214703550666,0.01541
pct_work_from_home,0.14258067455904216,0.0152
pct_work_from_home,0.14301532092338146,0.01645
pct_work_from_home,0.1433310417237536,0.0172
pct_work_from_home,0.144650151199254,0.01942
pct_work_from_home,0.1463372533186338,0.01992
pct_work_from_home,0.14696565346198337,0.01973
pct_work_from_home,0.1471750967518411,0.02023
pct_work_from_home,0.14777807217883449,0.02015
pct_work_from_home,0.14830761353112715,0.02026
pct_work_from_home,0.1484795769873241,0.02105
pct_work_from_home,0.14911232301389626,0.02138
pct_work_from_home,0.1506505688369562,0.02191
pct_work_from_home,0.15168442391224934,0.02307
pct_work_from_home,0.1521967646938959,0.02435
pct_work_from_home,0.15341507078484723,0.02484
pct_work_from_home,0.1542737230362585,0.02553
pct_work_from_home,0.15480794325663177,0.02711
pct_work_from_home,0.15540516194102266,0.02861
pct_work_from_home,0.15573228388478144,0.02911
pct_work_from_home,0.15602673863543426,0.03075
pct_work_from_home,0.15657607201638418,0.03943
pct_work_from_home,0.1572045673633825,0.05352
pct_work_from_home,0.15741946650287894,0.05352
pct_work_from_home,0.1575554663115845,0.05387
pct_work_from_home,0.1577733113951367,0.05646
pct_work_from_home,0.15822431589573285,0.05775
pct_work_from_home,0.1587266634856585,0.06004
pct_work_from_home,0.1593497339486039,0.06051
pct_work_from_home,0.16051238165571902,0.06046
pct_work_from_home,0.1615615307870804,0.06055
pct_work_from_home,0.1620150167526056,0.06121
pct_work_from_home,0.16254102379361363,0.06139
pct_work_from_home,0.1634994495194682,0.06155
pct_work_from_home,0.16434247692906184,0.0619
pct_work_from_home,0.16464362763807966,0.06229
pct_work_from_home,0.16532524713822971,0.06254
pct_work_from_home,0.16657722938620695,0.06246
pct_work_from_home,0.168065075558744,0.06202
pct_work_from_home,0.1691055614761644,0.06107
pct_work_from_home,0.1695527542171672,0.06135
pct_work_from_home,0.17006047069731217,0.06101
pct_work_from_home,0.17047115208836056,0.06043
pct_work_from_home,0.17075644168026605,0.05991
pct_work_from_home,0.1711677333726658,0.0597
pct_work_from_home,0.17193241291253836,0.05977
pct_work_from_home,0.1724030797065098,0.0621
pct_work_from_home,0.17250725327699054,0.06191
pct_work_from_home,0.17257113115503545,0.0611
pct_work_from_home,0.1727356433500868,0.05957
pct_work_from_home,0.17303880945915173,0.05776
pct_work_from_home,0.173232284398654,0.05537
pct_work_from_home,0.17420864913894846,0.05376
pct_work_from_home,0.1752535792416275,0.05373
pct_work_from_home,0.17627670812911334,0.05402
pct_work_from_home,0.177195548032959,0.05421
pct_work_from_home,0.17778434329324294,0.05398
pct_work_from_home,0.1784193262711351,0.05341
pct_work_from_home,0.17888788650734144,0.05365
pct_work_from_home,0.1798255756979312,0.05526
pct_work_from_home,0.18047862453922645,0.05558
pct_work_from_home,0.18192303915585512,0.05752
pct_work_from_home,0.18333166110387436,0.0589
pct_work_from_home,0.18495292726264456,0.05908
pct_work_from_home,0.18848001946682486,0.06078
pct_work_from_home,0.19119936970657544,0.06339
pct_work_from_home,0.19221838578972045,0.06329
pct_work_from_home,0.1926315280539573,0.06335
pct_work_from_home,0.19318783696783395,0.06437
pct_work_from_home,0.19403686412023155,0.06507
pct_work_from_home,0.1963319407039269,0.06586
pct_work_from_home,0.1999156561200533,0.06599
pct_work_from_home,0.20175428799502654,0.09115
pct_work_from_home,0.2024567197181282,0.0924
pct_work_from_home,0.20461251955021825,0.09267
pct_work_from_home,0.20845015815679802,0.09561
pct_work_from_home,0.21363488626892185,0.09662
pct_work_from_home,0.21670218399477076,0.09784
pct_work_from_home,0.21767524931283394,0.09957
pct_work_from_home,0.21965069542578697,0.09991
pct_work_from_home,0.2216091826411979,0.10194
pct_work_from_home,0.22603388813943953,0.10427
pct_work_from_home,0.23049657819493546,0.10126
pct_work_from_home,0.23181196282338926,0.09912
pct_work_from_home,0.23242277688387447,0.10355
pct_work_from_home,0.23837023176472266,0.10616
pct_work_from_home,0.24781831176267669,0.10494
pct_work_from_home,0.2517977137775569,0.10387
pct_work_from_home,0.2535346023716477,0.1061
pct_work_from_home,0.25498313860441446,0.10685
pct_work_from_home,0.257637991579113,0.122
pct_work_from_home,0.2606736890294006,0.12293
pct_work_from_home,0.26148452697228763,0.12242
pct_work_from_home,0.26682281887100756,0.12019
pct_work_from_home,0.28309602832871944,0.12025
median_household_income,32131.0,-0.21367
median_household_income,32659.5,-0.21529
median_household_income,35011.0,-0.21823
median_household_income,37375.5,-0.22164
median_household_income,39445.5,-0.22521
median_household_income,41276.0,-0.22667
median_household_income,42061.0,-0.22887
median_household_income,42661.0,-0.23643
median_household_income,42918.5,-0.24215
median_household_income,43132.5,-0.24739
median_household_income,43338.5,-0.2466
median_household_income,43548.5,-0.15762
median_household_income,43832.0,-0.14726
median_household_income,44101.0,-0.14761
median_household_income,44330.0,-0.14843
median_household_income,44812.5,-0.16648
median_household_income,45350.5,-0.19147
median_household_income,46280.5,-0.1924
median_household_income,47003.5,-0.19288
median_household_income,47137.0,-0.19397
median_household_income,47328.0,-0.19468
median_household_income,47527.0,-0.19486
median_household_income,47824.0,-0.19482
median_household_income,48155.0,-0.19498
median_household_income,48489.0,-0.18222
median_household_income,48869.0,-0.18184
median_household_income,49144.5,-0.18152
median_household_income,49387.5,-0.16827
median_household_income,49764.0,-0.16742
median_household_income,49999.5,-0.16758
median_household_income,50220.5,-0.16574
median_household_income,50421.0,-0.1651
median_household_income,50709.5,-0.16505
median_household_income,51064.0,-0.16532
median_household_income,51152.0,-0.16543
median_household_income,51271.0,-0.16572
median_household_income,51427.0,-0.1659
median_household_income,51868.5,-0.16584
median_household_income,52276.0,-0.16527
median_household_income,52450.0,-0.16543
median_household_income,52628.0,-0.16563
median_household_income,52657.5,-0.16573
median_household_income,52671.5,-0.18271
median_household_income,52681.0,-0.18277
median_household_income,52721.0,-0.18254
median_household_income,52786.5,-0.18227
median_household_income,52824.5,-0.18242
median_household_income,52976.5,-0.18195
median_household_income,53208.0,-0.18197
median_household_income,53482.0,-0.18174
median_household_income,53683.0,-0.18113
median_household_income,54100.5,-0.18124
median_household_income,54702.5,-0.18076
median_household_income,54935.0,-0.1808
median_household_income,55066.5,-0.18078
median_household_income,55219.5,-0.18056
median_household_income,55296.0,-0.18058
median_household_income,55326.0,-0.18067
median_household_income,55419.0,-0.17991
median_household_income,55540.0,-0.17904
median_household_income,55690.0,-0.1782
median_household_income,55812.5,-0.17805
median_household_income,55933.0,-0.17757
median_household_income,56066.5,-0.17744
median_household_income,56192.5,-0.17744
median_household_income,56413.5,-0.17874
median_household_income,56592.5,-0.17901
median_household_income,56654.5,-0.17896
median_household_income,56736.0,-0.17894
median_household_income,56970.0,-0.1789
median_household_income,57180.0,-0.17879
median_household_income,57244.5,-0.1786
median_household_income,57324.5,-0.17825
median_household_income,57497.0,-0.17742
median_household_income,57706.0,-0.17716
median_household_income,57965.0,-0.17601
median_household_income,58137.5,-0.1753
median_household_income,58237.0,-0.1748
median_household_income,58470.0,-0.17401
median_household_income,58701.0,-0.17263
median_household_income,58818.0,-0.17075
median_household_income,58857.5,-0.16978
median_household_income,58873.0,-0.16881
median_household_income,58928.5,-0.168
median_household_income,59128.0,-0.16599
median_household_income,59290.5,-0.16539
median_household_income,59324.0,-0.16477
median_household_income,59382.0,-0.16396
median_household_income,59466.0,-0.16204
median_household_income,59567.0,-0.16122
median_household_income,59618.0,-0.16047
median_household_income,59648.0,-0.15941
median_household_income,59738.0,-0.15836
median_household_income,59805.5,-0.15734
median_household_income,59871.0,-0.15665
median_household_income,59967.0,-0.15554
median_household_income,60017.0,-0.15502
median_household_income,60064.5,-0.15438
median_household_income,60163.5,-0.15332
median_household_income,60308.5,-0.15286
median_household_income,60401.0,-0.15193
median_household_income,60457.5,-0.15118
median_household_income,60546.0,-0.15057
median_household_income,60626.5,-0.14883
median_household_income,60660.5,-0.14079
median_household_income,60667.5,-0.12506
median_household_income,60685.5,-0.12184
median_household_income,60701.0,-0.12097
median_household_income,60771.5,-0.1136
median_household_income,61079.0,-0.11273
median_household_income,61367.0,-0.09451
median_household_income,61445.5,-0.09384
median_household_income,61587.5,-0.08712
median_household_income,61766.5,-0.08318
median_household_income,61976.0,-0.07885
median_household_income,62227.5,-0.07748
median_household_income,62388.0,-0.07718
median_household_income,62481.5,-0.07669
median_household_income,62555.0,-0.07617
median_household_income,62628.5,-0.07554
median_household_income,62747.0,-0.07438
median_household_income,62873.0,-0.07288
median_household_income,62981.0,-0.072
median_household_income,63065.0,-0.07098
median_household_income,63121.5,-0.0706
median_household_income,63174.0,-0.0704
median_household_income,63205.0,-0.07018
median_household_income,63332.0,-0.0695
median_household_income,63547.0,-0.0692
median_household_income,63766.0,-0.0689
median_household_income,63917.5,-0.06839
median_household_income,63982.0,-0.06752
median_household_income,64102.5,-0.06665
median_household_income,64191.5,-0.06629
median_household_income,64269.0,-0.06596
median_household_income,64348.5,-0.06563
median_household_income,64399.5,-0.0646
median_household_income,64454.5,-0.06385
median_household_income,64489.5,-0.06358
median_household_income,64552.0,-0.06041
median_household_income,64596.5,-0.05962
median_household_income,64680.0,-0.05932
median_household_income,64767.0,-0.05919
median_household_income,64793.5,-0.05874
median_household_income,64814.0,-0.05849
median_household_income,64852.0,-0.05827
median_household_income,64923.5,-0.05734
median_household_income,64983.0,-0.05655
median_household_income,65050.0,-0.05629
median_household_income,65132.0,-0.05557
median_household_income,65271.0,-0.05523
median_household_income,65401.5,-0.05518
median_household_income,65450.5,-0.05501
median_household_income,65544.5,-0.05485
median_household_income,65648.5,-0.05458
median_household_income,65710.0,-0.0545
median_household_income,65817.0,-0.05429
median_household_income,65941.0,-0.05358
median_household_income,66007.5,-0.05281
median_household_income,66033.5,-0.05491
median_household_income,66041.5,-0.05473
median_household_income,66047.0,-0.05485
median_household_income,66282.5,-0.05453
median_household_income,66542.5,-0.05415
median_household_income,66576.0,-0.05424
median_household_income,66649.5,-0.05303
median_household_income,66769.5,-0.05199
median_household_income,66861.5,-0.05119
median_household_income,67012.5,-0.05077
median_household_income,67150.5,-0.05047
median_household_income,67419.0,-0.06032
median_household_income,67694.0,-0.06003
median_household_income,67768.5,-0.05999
median_household_income,67829.0,-0.06004
median_household_income,67889.0,-0.06011
median_household_income,67970.0,-0.05875
median_household_income,68016.0,-0.05852
median_household_income,68117.0,-0.05788
median_household_income,68269.0,-0.05781
median_household_income,68378.0,-0.0572
median_household_income,68439.0,-0.05676
median_household_income,68448.5,-0.05582
median_household_income,68484.0,-0.05677
median_household_income,68546.0,-0.05608
median_household_income,68634.0,-0.05682
median_household_income,68702.5,-0.05758
median_household_income,68733.5,-0.05739
median_household_income,68787.5,-0.05701
median_household_income,68902.0,-0.05665
median_household_income,69096.5,-0.05492
median_household_income,69259.5,-0.05428
median_household_income,69330.0,-0.05418
median_household_income,69462.0,-0.05299
median_household_income,69632.5,-0.05254
median_household_income,69719.0,-0.05206
median_household_income,69788.5,-0.05118
median_household_income,69870.5,-0.0501
median_household_income,69934.0,-0.04865
median_household_income,70018.0,-0.04793
median_household_income,70139.0,-0.04695
median_household_income,70202.0,-0.04636
median_household_income,70210.5,-0.04576
median_household_income,70307.5,-0.04512
median_household_income,70447.5,-0.04397
median_household_income,70510.0,-0.04262
median_household_income,70530.0,-0.04198
median_household_income,70553.0,-0.04025
median_household_income,70632.0,-0.03921
median_household_income,70698.5,-0.03811
median_household_income,70750.0,-0.03609
median_household_income,70806.0,-0.03431
median_household_income,70965.5,-0.03295
median_household_income,71116.0,-0.03077
median_household_income,71146.0,-0.01347
median_household_income,71251.0,-0.01202
median_household_income,71403.5,-0.01056
median_household_income,71482.5,-0.00918
median_household_income,71708.0,-0.00734
median_household_income,71952.0,-0.00566
median_household_income,72127.0,-0.00348
median_household_income,72311.5,-0.00183
median_household_income,72389.5,-0.00066
median_household_income,72452.5,0.00037
median_household_income,72470.0,0.0018
median_household_income,72518.5,0.00341
median_household_income,72574.5,0.00639
median_household_income,72604.5,0.01228
median_household_income,72778.5,0.02293
median_household_income,73018.0,0.02693
median_household_income,73186.5,0.03209
median_household_income,73271.0,0.04155
median_household_income,73334.5,0.04308
median_household_income,73454.5,0.04406
median_household_income,73813.5,0.04574
median_household_income,74131.5,0.04665
median_household_income,74154.0,0.04727
median_household_income,74284.0,0.04797
median_household_income,74427.5,0.04874
median_household_income,74490.0,0.0499
median_household_income,74579.0,0.05086
median_household_income,74656.5,0.05243
median_household_income,74714.5,0.0545
median_household_income,74770.0,0.05508
median_household_income,74905.5,0.05611
median_household_income,75017.0,0.05812
median_household_income,75135.0,0.05918
median_household_income,75289.0,0.05963
median_household_income,75355.5,0.06072
median_household_income,75393.5,0.06194
median_household_income,75668.0,0.06234
median_household_income,76078.5,0.0634
median_household_income,76310.5,0.06446
median_household_income,76552.5,0.06534
median_household_income,76850.5,0.06689
median_household_income,77000.0,0.06852
median_household_income,77169.5,0.07003
median_household_income,77328.5,0.07163
median_household_income,77379.5,0.07282
median_household_income,77509.0,0.07497
median_household_income,77896.0,0.07884
median_household_income,78255.0,0.07943
median_household_income,78317.5,0.08028
median_household_income,78703.5,0.08057
median_household_income,79079.5,0.08103
median_household_income,79177.0,0.0825
median_household_income,79275.0,0.08293
median_household_income,79389.0,0.08399
median_household_income,79567.5,0.08461
median_household_income,79736.0,0.08489
median_household_income,79845.5,0.08527
median_household_income,79899.5,0.08597
median_household_income,80168.0,0.08638
median_household_income,80689.5,0.08679
median_household_income,80996.5,0.08717
median_household_income,81059.5,0.08766
median_household_income,81203.5,0.08963
median_household_income,81316.0,0.09005
median_household_income,81568.5,0.09046
median_household_income,81811.5,0.09073
median_household_income,81865.5,0.0922
median_household_income,82044.5,0.09243
median_household_income,82466.5,0.09281
median_household_income,82752.0,0.09322
median_household_income,82773.5,0.09375
median_household_income,82814.5,0.09393
median_household_income,82870.5,0.09436
median_household_income,83165.5,0.09489
median_household_income,83523.0,0.09552
median_household_income,83661.0,0.09552
median_household_income,83734.0,0.09543
median_household_income,84042.5,0.09637
median_household_income,84439.0,0.09606
median_household_income,84668.0,0.09623
median_household_income,84841.5,0.09602
median_household_income,85136.5,0.09587
median_household_income,85421.0,0.09546
median_household_income,85537.0,0.09561
median_household_income,85713.5,0.09554
median_household_income,85955.5,0.09653
median_household_income,86128.0,0.0929
median_household_income,86209.5,0.08269
median_household_income,86319.0,0.08236
median_household_income,86394.0,0.08239
median_household_income,86480.5,0.08232
median_household_income,86613.5,0.08198
median_household_income,86903.5,0.08089
median_household_income,87150.0,0.08017
median_household_income,87458.0,0.07805
median_household_income,88119.0,0.07826
median_household_income,88601.0,0.07788
median_household_income,88771.0,0.07777
median_household_income,89245.0,0.07776
median_household_income,89786.5,0.07752
median_household_income,90062.5,0.07701
median_household_income,90857.0,0.07633
median_household_income,91585.5,0.07541
median_household_income,92270.0,0.07078
median_household_income,92921.0,0.06696
median_household_income,93190.5,0.06627
median_household_income,93479.5,0.06586
median_household_income,93773.0,0.06505
median_household_income,94147.5,0.06471
median_household_income,94398.0,0.06424
median_household_income,94572.0,0.06442
median_household_income,94803.0,0.06527
median_household_income,95122.0,0.06497
median_household_income,95409.5,0.06476
median_household_income,95750.0,0.0645
median_household_income,96037.5,0.06338
median_household_income,96215.5,0.06439
median_household_income,96482.5,0.06372
median_household_income,96754.5,0.06401
median_household_income,97023.0,0.06441
median_household_income,97221.0,0.0641
median_household_income,98091.5,0.06365
median_household_income,99170.5,0.06339
median_household_income,99542.0,0.06247
median_household_income,99823.5,0.06191
median_household_income,100177.0,0.06142
median_household_income,100534.0,0.06144
median_household_income,101235.5,0.06152
median_household_income,102024.0,0.0621
median_household_income,102381.5,0.06107
median_household_income,103515.5,0.06123
median_household_income,105420.0,0.05747
median_household_income,106807.0,0.05544
median_household_income,107563.0,0.05065
median_household_income,107890.5,0.0446
median_household_income,108145.5,0.0404
median_household_income,108668.5,0.03722
median_household_income,109266.0,0.03322
median_household_income,109989.0,0.02988
median_household_income,110488.0,0.02722
median_household_income,110909.5,0.02526
median_household_income,111419.0,0.02303
median_household_income,111736.0,0.02143
median_household_income,112794.5,0.01912
median_household_income,113670.0,0.04041
median_household_income,113814.5,0.03827
median_household_income,114302.5,0.03636
median_household_income,116298.5,0.03359
median_household_income,118165.0,0.03112
median_household_income,119367.5,0.03128
median_household_income,121236.0,0.02885
median_household_income,122594.5,0.02494
median_household_income,124384.0,0.02082
median_household_income,125983.5,-0.02119
median_household_income,126368.5,-0.0239
median_household_income,126638.0,-0.13471
median_household_income,127756.0,-0.1422
median_household_income,128803.0,-0.14848
median_household_income,139493.0,-0.15348
median_household_income,154893.5,-0.15852
college_enrollment_15km,0.0,-0.36808
college_enrollment_15km,4.5,-0.36557
college_enrollment_15km,16.0,-0.3647
college_enrollment_15km,25.0,-0.36274
college_enrollment_15km,28.5,-0.35906
college_enrollment_15km,33.0,-0.35689
college_enrollment_15km,37.0,-0.35603
college_enrollment_15km,53.0,-0.3519
college_enrollment_15km,78.0,-0.34932
college_enrollment_15km,90.5,-0.34799
college_enrollment_15km,107.0,-0.34628
college_enrollment_15km,128.0,-0.34091
college_enrollment_15km,141.0,-0.33908
college_enrollment_15km,151.5,-0.33821
college_enrollment_15km,170.5,-0.34816
college_enrollment_15km,230.5,-0.34905
college_enrollment_15km,279.0,-0.34666
college_enrollment_15km,297.5,-0.34395
college_enrollment_15km,351.0,-0.34112
college_enrollment_15km,404.0,-0.33989
college_enrollment_15km,424.5,-0.33746
college_enrollment_15km,472.0,-0.33626
college_enrollment_15km,577.5,-0.33463
college_enrollment_15km,657.5,-0.33327
college_enrollment_15km,684.0,-0.32984
college_enrollment_15km,702.5,-0.32851
college_enrollment_15km,732.0,-0.32673
college_enrollment_15km,774.0,-0.32483
college_enrollment_15km,802.5,-0.32368
college_enrollment_15km,813.5,-0.31942
college_enrollment_15km,825.5,-0.31606
college_enrollment_15km,873.0,-0.3142
college_enrollment_15km,942.0,-0.31297
college_enrollment_15km,987.0,-0.31064
college_enrollment_15km,1006.5,-0.30855
college_enrollment_15km,1016.0,-0.3067
college_enrollment_15km,1022.5,-0.30497
college_enrollment_15km,1056.5,-0.29934
college_enrollment_15km,1125.0,-0.29511
college_enrollment_15km,1224.5,-0.29437
college_enrollment_15km,1289.0,-0.2905
college_enrollment_15km,1291.0,-0.28707
college_enrollment_15km,1323.0,-0.28591
college_enrollment_15km,1430.0,-0.28367
college_enrollment_15km,1525.0,-0.28133
college_enrollment_15km,1588.5,-0.27886
college_enrollment_15km,1634.5,-0.26777
college_enrollment_15km,1656.5,-0.26456
college_enrollment_15km,1686.5,-0.26027
college_enrollment_15km,1720.0,-0.25938
college_enrollment_15km,1748.0,-0.25809
college_enrollment_15km,1754.5,-0.25411
college_enrollment_15km,1759.0,-0.25326
college_enrollment_15km,1769.5,-0.25548
college_enrollment_15km,1794.0,-0.25076
college_enrollment_15km,1813.5,-0.24808
college_enrollment_15km,1821.0,-0.24445
college_enrollment_15km,1837.5,-0.2453
college_enrollment_15km,1868.5,-0.23998
college_enrollment_15km,1895.5,-0.24022
college_enrollment_15km,1923.0,-0.23849
college_enrollment_15km,1947.5,-0.23683
college_enrollment_15km,1990.5,-0.2343
college_enrollment_15km,2133.5,-0.23335
college_enrollment_15km,2325.0,-0.22942
college_enrollment_15km,2417.0,-0.22747
college_enrollment_15km,2446.0,-0.22602
college_enrollment_15km,2472.5,-0.22448
college_enrollment_15km,2477.5,-0.22288
college_enrollment_15km,2499.5,-0.21888
college_enrollment_15km,2526.0,-0.21695
college_enrollment_15km,2544.0,-0.21468
college_enrollment_15km,2559.0,-0.21236
college_enrollment_15km,2570.5,-0.21138
college_enrollment_15km,2622.0,-0.21024
college_enrollment_15km,2674.0,-0.20846
college_enrollment_15km,2684.5,-0.20481
college_enrollment_15km,2687.5,-0.19254
college_enrollment_15km,2692.5,-0.19025
college_enrollment_15km,2718.5,-0.18923
college_enrollment_15km,2750.5,-0.18839
college_enrollment_15km,2789.5,-0.18607
college_enrollment_15km,2826.5,-0.18479
college_enrollment_15km,2843.5,-0.18308
college_enrollment_15km,2855.0,-0.18215
college_enrollment_15km,2889.5,-0.17992
college_enrollment_15km,2929.0,-0.17893
college_enrollment_15km,2968.0,-0.17573
college_enrollment_15km,3055.0,-0.17296
college_enrollment_15km,3131.5,-0.17243
college_enrollment_15km,3163.0,-0.16974
college_enrollment_15km,3192.0,-0.16924
college_enrollment_15km,3223.5,-0.16534
college_enrollment_15km,3246.0,-0.16186
college_enrollment_15km,3319.5,-0.15913
college_enrollment_15km,3383.5,-0.15844
college_enrollment_15km,3394.5,-0.15805
college_enrollment_15km,3426.0,-0.16175
college_enrollment_15km,3509.0,-0.1655
college_enrollment_15km,3620.0,-0.16264
college_enrollment_15km,3681.0,-0.16198
college_enrollment_15km,3696.0,-0.16133
college_enrollment_15km,3734.5,-0.1607
college_enrollment_15km,3785.0,-0.15872
college_enrollment_15km,3812.0,-0.15648
college_enrollment_15km,3844.0,-0.15404
college_enrollment_15km,3907.5,-0.15335
college_enrollment_15km,3972.0,-0.14756
college_enrollment_15km,4009.0,-0.1443
college_enrollment_15km,4037.5,-0.14291
college_enrollment_15km,4074.0,-0.14065
college_enrollment_15km,4159.5,-0.13939
college_enrollment_15km,4240.0,-0.13903
college_enrollment_15km,4277.5,-0.13839
college_enrollment_15km,4360.5,-0.13779
college_enrollment_15km,4496.5,-0.13701
college_enrollment_15km,4615.0,-0.136
college_enrollment_15km,4671.0,-0.13438
college_enrollment_15km,4780.5,-0.1336
college_enrollment_15km,4904.5,-0.13311
college_enrollment_15km,4955.5,-0.13223
college_enrollment_15km,5045.5,-0.13044
college_enrollment_15km,5122.0,-0.12789
college_enrollment_15km,5290.5,-0.12707
college_enrollment_15km,5465.5,-0.12619
college_enrollment_15km,5580.0,-0.12458
college_enrollment_15km,5676.5,-0.12182
college_enrollment_15km,5761.0,-0.12129
college_enrollment_15km,5998.0,-0.12083
college_enrollment_15km,6334.5,-0.11848
college_enrollment_15km,6631.5,-0.11544
college_enrollment_15km,6766.0,-0.11409
college_enrollment_15km,6794.0,-0.1136
college_enrollment_15km,6843.5,-0.11067
college_enrollment_15km,6910.5,-0.10858
college_enrollment_15km,6988.0,-0.10775
college_enrollment_15km,7039.5,-0.10705
college_enrollment_15km,7053.0,-0.10543
college_enrollment_15km,7069.5,-0.10194
college_enrollment_15km,7123.5,-0.1016
college_enrollment_15km,7194.5,-0.10068
college_enrollment_15km,7222.5,-0.09861
college_enrollment_15km,7387.0,-0.09812
college_enrollment_15km,7631.0,-0.09737
college_enrollment_15km,7746.5,-0.0965
college_enrollment_15km,7811.5,-0.09473
college_enrollment_15km,7943.0,-0.09255
college_enrollment_15km,8123.5,-0.09179
college_enrollment_15km,8279.0,-0.08993
college_enrollment_15km,8360.5,-0.08981
college_enrollment_15km,8383.0,-0.08872
college_enrollment_15km,8503.0,-0.08767
college_enrollment_15km,8645.5,-0.08511
college_enrollment_15km,8843.0,-0.0829
college_enrollment_15km,9028.0,-0.0816
college_enrollment_15km,9078.5,-0.0803
college_enrollment_15km,9110.5,-0.07985
college_enrollment_15km,9125.0,-0.07881
college_enrollment_15km,9195.5,-0.0751
college_enrollment_15km,9275.5,-0.07262
college_enrollment_15km,9413.0,-0.07174
college_enrollment_15km,9645.5,-0.0708
college_enrollment_15km,9793.5,-0.06915
college_enrollment_15km,9841.0,-0.06693
college_enrollment_15km,10006.0,-0.06431
college_enrollment_15km,10355.0,-0.06311
college_enrollment_15km,10775.0,-0.06258
college_enrollment_15km,11011.5,-0.06154
college_enrollment_15km,11154.5,-0.05772
college_enrollment_15km,11340.5,-0.05625
college_enrollment_15km,11445.5,-0.05598
college_enrollment_15km,11610.0,-0.05432
college_enrollment_15km,11922.5,-0.05318
college_enrollment_15km,12166.5,-0.05674
college_enrollment_15km,12269.0,-0.05655
college_enrollment_15km,12333.0,-0.0563
college_enrollment_15km,12405.0,-0.05515
college_enrollment_15km,12557.5,-0.05529
college_enrollment_15km,12730.5,-0.0534
college_enrollment_15km,12865.0,-0.05005
college_enrollment_15km,13109.5,-0.04846
college_enrollment_15km,13547.0,-0.04816
college_enrollment_15km,13859.0,-0.04535
college_enrollment_15km,13972.0,-0.04479
college_enrollment_15km,14118.0,-0.04454
college_enrollment_15km,14323.0,-0.0424
college_enrollment_15km,14439.0,-0.04188
college_enrollment_15km,14463.5,-0.04171
college_enrollment_15km,14544.0,-0.0397
college_enrollment_15km,14708.0,-0.03829
college_enrollment_15km,14974.5,-0.03811
college_enrollment_15km,15188.0,-0.03787
college_enrollment_15km,15343.0,-0.0359
college_enrollment_15km,15480.0,-0.03552
college_enrollment_15km,15730.5,-0.03368
college_enrollment_15km,15985.5,-0.03146
college_enrollment_15km,16025.0,-0.03142
college_enrollment_15km,16094.0,-0.03134
college_enrollment_15km,16250.5,-0.03106
college_enrollment_15km,16436.0,-0.03054
college_enrollment_15km,16554.5,-0.03053
college_enrollment_15km,16635.5,-0.02924
college_enrollment_15km,16765.5,-0.02612
college_enrollment_15km,17002.5,-0.0244
college_enrollment_15km,17178.5,-0.02409
college_enrollment_15km,17272.5,-0.02312
college_enrollment_15km,17427.5,-0.02284
college_enrollment_15km,17552.0,-0.02104
college_enrollment_15km,17602.0,-0.01904
college_enrollment_15km,18079.0,-0.01849
college_enrollment_15km,18593.0,-0.01793
college_enrollment_15km,18891.0,-0.01799
college_enrollment_15km,19175.0,-0.01679
college_enrollment_15km,19243.0,-0.01551
college_enrollment_15km,19313.5,-0.01412
college_enrollment_15km,19346.0,-0.01255
college_enrollment_15km,19455.0,-0.01218
college_enrollment_15km,19606.0,-0.01131
college_enrollment_15km,19669.0,-0.01129
college_enrollment_15km,19766.5,-0.0113
college_enrollment_15km,20055.0,-0.00981
college_enrollment_15km,20474.5,-0.00924
college_enrollment_15km,20692.5,-0.0085
college_enrollment_15km,20765.0,-0.00831
college_enrollment_15km,20884.0,-0.00812
college_enrollment_15km,20995.5,-0.00642
college_enrollment_15km,21123.5,-0.00474
college_enrollment_15km,21310.0,-0.00402
college_enrollment_15km,21822.5,-0.00329
college_enrollment_15km,22354.0,-0.00273
college_enrollment_15km,22512.5,-0.00187
college_enrollment_15km,22648.5,-0.00125
college_enrollment_15km,22826.5,-0.00072
college_enrollment_15km,23667.0,0.00228
college_enrollment_15km,24452.5,0.0028
college_enrollment_15km,24556.0,0.00553
college_enrollment_15km,24683.0,0.00677
college_enrollment_15km,24727.5,0.00772
college_enrollment_15km,25097.0,0.01026
college_enrollment_15km,25679.0,0.01395
college_enrollment_15km,26143.5,0.0188
college_enrollment_15km,26753.0,0.01947
college_enrollment_15km,27155.5,0.02133
college_enrollment_15km,27362.0,0.02237
college_enrollment_15km,27572.0,0.02465
college_enrollment_15km,28464.5,0.02621
college_enrollment_15km,29587.0,0.02645
college_enrollment_15km,30255.0,0.02719
college_enrollment_15km,30663.0,0.02916
college_enrollment_15km,30676.5,0.03058
college_enrollment_15km,30799.5,0.03116
college_enrollment_15km,31006.5,0.03441
college_enrollment_15km,31156.5,0.03528
college_enrollment_15km,31344.5,0.03771
college_enrollment_15km,31699.5,0.03867
college_enrollment_15km,32143.5,0.03923
college_enrollment_15km,32670.0,0.04088
college_enrollment_15km,32996.0,0.04187
college_enrollment_15km,33166.0,0.04397
college_enrollment_15km,33553.0,0.0465
college_enrollment_15km,33825.0,0.04745
college_enrollment_15km,33873.5,0.0483
college_enrollment_15km,34075.0,0.05319
college_enrollment_15km,34387.5,0.05469
college_enrollment_15km,34860.5,0.05597
college_enrollment_15km,35463.0,0.05675
college_enrollment_15km,35735.0,0.05831
college_enrollment_15km,35767.0,0.05945
college_enrollment_15km,36051.5,0.06205
college_enrollment_15km,36762.5,0.06278
college_enrollment_15km,37434.0,0.06435
college_enrollment_15km,37710.0,0.06484
college_enrollment_15km,38265.5,0.06652
college_enrollment_15km,38797.0,0.06729
college_enrollment_15km,38960.5,0.06757
college_enrollment_15km,39381.0,0.06931
college_enrollment_15km,39683.5,0.07019
college_enrollment_15km,40251.0,0.072
college_enrollment_15km,40840.5,0.07504
college_enrollment_15km,41395.5,0.0973
college_enrollment_15km,42163.0,0.09857
college_enrollment_15km,42642.0,0.09932
college_enrollment_15km,43009.0,0.10083
college_enrollment_15km,43239.5,0.1013
college_enrollment_15km,43346.0,0.10342
college_enrollment_15km,43440.0,0.11627
college_enrollment_15km,43577.0,0.11956
college_enrollment_15km,43742.5,0.12036
college_enrollment_15km,43892.5,0.12349
college_enrollment_15km,44159.0,0.12471
college_enrollment_15km,44638.0,0.12496
college_enrollment_15km,44939.0,0.12593
college_enrollment_15km,45222.0,0.12802
college_enrollment_15km,45876.0,0.1286
college_enrollment_15km,47566.0,0.12972
college_enrollment_15km,49431.5,0.13102
college_enrollment_15km,50069.5,0.13206
college_enrollment_15km,50127.0,0.13213
college_enrollment_15km,50356.0,0.1323
college_enrollment_15km,50741.0,0.1331
college_enrollment_15km,50928.0,0.13328
college_enrollment_15km,50989.0,0.13316
college_enrollment_15km,51362.0,0.13291
college_enrollment_15km,52689.5,0.13318
college_enrollment_15km,53755.5,0.1342
college_enrollment_15km,53836.0,0.13591
college_enrollment_15km,53903.5,0.13757
college_enrollment_15km,54714.0,0.13739
college_enrollment_15km,55848.5,0.13972
college_enrollment_15km,56286.5,0.14134
college_enrollment_15km,56491.5,0.14274
college_enrollment_15km,57657.0,0.14244
college_enrollment_15km,59523.5,0.14238
college_enrollment_15km,60531.5,0.14141
college_enrollment_15km,61408.0,0.14032
college_enrollment_15km,62220.0,0.141
college_enrollment_15km,62528.5,0.14011
college_enrollment_15km,62760.5,0.13742
college_enrollment_15km,62825.5,0.1386
college_enrollment_15km,62936.0,0.13808
college_enrollment_15km,63348.5,0.13807
college_enrollment_15km,63933.5,0.13721
college_enrollment_15km,64754.0,0.13684
college_enrollment_15km,65741.5,0.13701
college_enrollment_15km,66171.0,0.13644
college_enrollment_15km,66273.0,0.13751
college_enrollment_15km,66798.5,0.13666
college_enrollment_15km,67268.0,0.13865
college_enrollment_15km,67769.5,0.13817
college_enrollment_15km,69255.0,0.13759
college_enrollment_15km,70300.0,0.13716
college_enrollment_15km,72014.0,0.13796
college_enrollment_15km,73779.5,0.13815
college_enrollment_15km,75705.5,0.13888
college_enrollment_15km,78281.5,0.13791
college_enrollment_15km,79126.0,0.13721
college_enrollment_15km,79749.5,0.13774
college_enrollment_15km,80423.0,0.13882
college_enrollment_15km,81662.0,0.13794
college_enrollment_15km,82832.0,0.13818
college_enrollment_15km,83445.5,0.13965
college_enrollment_15km,85286.5,0.14134
college_enrollment_15km,86992.5,0.14137
college_enrollment_15km,87550.5,0.14272
college_enrollment_15km,88441.0,0.14241
college_enrollment_15km,89626.0,0.14252
college_enrollment_15km,90643.0,0.14344
college_enrollment_15km,91292.0,0.14361
college_enrollment_15km,92225.5,0.1433
college_enrollment_15km,94157.0,0.1425
college_enrollment_15km,95983.0,0.14376
college_enrollment_15km,97014.0,0.14486
college_enrollment_15km,97297.0,0.14483
college_enrollment_15km,97429.0,0.12189
college_enrollment_15km,97606.5,0.11467
college_enrollment_15km,98177.5,0.11576
college_enrollment_15km,98930.0,0.11665
college_enrollment_15km,99285.0,0.11868
college_enrollment_15km,99495.0,0.11874
college_enrollment_15km,99618.0,0.11936
college_enrollment_15km,100236.0,0.12079
college_enrollment_15km,102120.0,0.12108
college_enrollment_15km,103491.5,0.12146
college_enrollment_15km,107199.0,0.12315
college_enrollment_15km,114646.5,0.1239
college_enrollment_15km,118506.0,0.12661
college_enrollment_15km,124416.0,0.12775
college_enrollment_15km,131122.0,0.13462
college_enrollment_15km,134041.0,0.13549
college_enrollment_15km,139193.5,0.13734
college_enrollment_15km,143988.5,0.14091
college_enrollment_15km,146508.5,0.14264
college_enrollment_15km,150894.5,0.14466
college_enrollment_15km,156188.5,0.14573
college_enrollment_15km,158038.0,0.14851
college_enrollment_15km,158694.5,0.14996
college_enrollment_15km,161302.5,0.15339
college_enrollment_15km,165607.5,0.1692
college_enrollment_15km,171965.0,0.17529
college_enrollment_15km,187657.5,0.17753
college_enrollment_15km,201470.5,0.17417
college_enrollment_15km,207989.0,0.17106
college_enrollment_15km,221872.5,0.16475
college_enrollment_15km,236105.5,0.16674
college_enrollment_15km,241568.0,0.16943
college_enrollment_15km,246048.5,0.16997
college_enrollment_15km,249721.5,0.17119
college_enrollment_15km,253454.0,0.17851
college_enrollment_15km,259170.0,0.17977
college_enrollment_15km,346716.5,0.19017
overseas_visitors_thousands,130.0,-0.08817
overseas_visitors_thousands,140.5,-0.0822
overseas_visitors_thousands,154.5,-0.07219
overseas_visitors_thousands,160.0,-0.07112
overseas_visitors_thousands,163.5,-0.07427
overseas_visitors_thousands,167.0,-0.07515
overseas_visitors_thousands,170.5,-0.07564
overseas_visitors_thousands,174.0,-0.06355
overseas_visitors_thousands,186.5,-0.05742
overseas_visitors_thousands,218.0,-0.0341
overseas_visitors_thousands,241.0,-0.03334
overseas_visitors_thousands,253.5,-0.03131
overseas_visitors_thousands,271.0,-0.02661
overseas_visitors_thousands,281.5,-0.02469
overseas_visitors_thousands,290.0,-0.02814
overseas_visitors_thousands,314.5,-0.02708
overseas_visitors_thousands,336.0,-0.0248
overseas_visitors_thousands,359.0,-0.01587
overseas_visitors_thousands,383.5,-0.00731
overseas_visitors_thousands,388.5,0.02224
overseas_visitors_thousands,430.5,0.04191
overseas_visitors_thousands,476.5,0.06065
overseas_visitors_thousands,548.5,0.06996
overseas_visitors_thousands,622.0,0.07956
overseas_visitors_thousands,689.0,0.08352
overseas_visitors_thousands,772.0,0.08729
overseas_visitors_thousands,812.5,0.09376
overseas_visitors_thousands,845.5,0.09555
overseas_visitors_thousands,880.5,0.09815
overseas_visitors_thousands,928.0,0.10041
overseas_visitors_thousands,1163.5,0.10512
overseas_visitors_thousands,1380.0,0.10303
overseas_visitors_thousands,1575.0,0.03079
overseas_visitors_thousands,2846.0,0.02219
overseas_visitors_thousands,4180.5,0.01787
overseas_visitors_thousands,4795.5,0.05603
overseas_visitors_thousands,7343.0,0.08741
dest_metro_pop_weighted_sum,8565032.0,0.0721
dest_metro_pop_weighted_sum,9446465.0,0.06559
dest_metro_pop_weighted_sum,10500357.0,0.06743
dest_metro_pop_weighted_sum,14462738.5,0.07094
dest_metro_pop_weighted_sum,19554300.5,0.07242
dest_metro_pop_weighted_sum,21256252.5,0.07541
dest_metro_pop_weighted_sum,21882731.5,0.11039
dest_metro_pop_weighted_sum,22384040.0,0.11118
dest_metro_pop_weighted_sum,24324930.0,0.05705
dest_metro_pop_weighted_sum,26224429.0,0.05765
dest_metro_pop_weighted_sum,37446787.0,0.05633
dest_metro_pop_weighted_sum,48589926.0,0.05564
dest_metro_pop_weighted_sum,50895915.0,0.05724
dest_metro_pop_weighted_sum,55190114.5,0.08822
dest_metro_pop_weighted_sum,57355546.5,0.08805
dest_metro_pop_weighted_sum,57660390.5,0.08751
dest_metro_pop_weighted_sum,58074363.0,0.09632
dest_metro_pop_weighted_sum,58444208.5,0.09587
dest_metro_pop_weighted_sum,63717820.5,0.09555
dest_metro_pop_weighted_sum,69753334.0,0.09336
dest_metro_pop_weighted_sum,72613842.0,0.0906
dest_metro_pop_weighted_sum,74545107.0,0.08914
dest_metro_pop_weighted_sum,74769289.0,0.06474
dest_metro_pop_weighted_sum,74971673.0,0.05778
dest_metro_pop_weighted_sum,76287969.5,-0.17179
dest_metro_pop_weighted_sum,78201013.0,-0.20299
dest_metro_pop_weighted_sum,80792561.0,-0.20609
dest_metro_pop_weighted_sum,82838126.0,-0.20963
dest_metro_pop_weighted_sum,83219577.0,-0.21475
dest_metro_pop_weighted_sum,85412985.0,-0.21538
dest_metro_pop_weighted_sum,87716051.5,-0.21717
dest_metro_pop_weighted_sum,88771760.0,-0.22119
dest_metro_pop_weighted_sum,90021263.5,-0.22335
dest_metro_pop_weighted_sum,90615024.5,-0.22413
dest_metro_pop_weighted_sum,90757926.5,-0.22645
dest_metro_pop_weighted_sum,90905337.0,-0.22775
dest_metro_pop_weighted_sum,90960118.5,-0.22997
dest_metro_pop_weighted_sum,91064008.0,-0.23083
dest_metro_pop_weighted_sum,91157705.5,-0.23204
dest_metro_pop_weighted_sum,91306272.0,-0.23272
dest_metro_pop_weighted_sum,91505223.5,-0.23304
dest_metro_pop_weighted_sum,91614071.5,-0.23415
dest_metro_pop_weighted_sum,91689118.5,-0.23441
dest_metro_pop_weighted_sum,91771722.0,-0.23497
dest_metro_pop_weighted_sum,91916170.5,-0.23555
dest_metro_pop_weighted_sum,92061581.5,-0.23705
dest_metro_pop_weighted_sum,92160421.5,-0.23978
dest_metro_pop_weighted_sum,92246490.0,-0.24086
dest_metro_pop_weighted_sum,92291356.5,-0.24225
dest_metro_pop_weighted_sum,92338270.5,-0.2421
dest_metro_pop_weighted_sum,92364615.0,-0.24354
dest_metro_pop_weighted_sum,92371394.5,-0.24485
dest_metro_pop_weighted_sum,92383021.5,-0.24531
dest_metro_pop_weighted_sum,92390109.0,-0.24751
dest_metro_pop_weighted_sum,92416964.5,-0.25272
dest_metro_pop_weighted_sum,94241045.5,-0.27731
dest_metro_pop_weighted_sum,99767283.0,-0.27983
dest_metro_pop_weighted_sum,103580393.0,-0.28039
dest_metro_pop_weighted_sum,104882302.0,-0.28104
dest_metro_pop_weighted_sum,110101054.0,-0.28138
dest_metro_pop_weighted_sum,114690985.5,-0.282
dest_metro_pop_weighted_sum,115376037.0,-0.28096
dest_metro_pop_weighted_sum,115633885.5,-0.2819
dest_metro_pop_weighted_sum,115970326.5,-0.2823
dest_metro_pop_weighted_sum,116313200.5,-0.28318
dest_metro_pop_weighted_sum,116606815.5,-0.28329
dest_metro_pop_weighted_sum,116900976.5,-0.28345
dest_metro_pop_weighted_sum,117103745.5,-0.28334
dest_metro_pop_weighted_sum,117311222.0,-0.28353
dest_metro_pop_weighted_sum,117493460.0,-0.28154
dest_metro_pop_weighted_sum,117549134.5,-0.27906
dest_metro_pop_weighted_sum,117633057.5,-0.27895
dest_metro_pop_weighted_sum,117673059.0,-0.27503
dest_metro_pop_weighted_sum,117681714.5,-0.26693
dest_metro_pop_weighted_sum,117692547.0,-0.26648
dest_metro_pop_weighted_sum,117733885.5,-0.24632
dest_metro_pop_weighted_sum,117789654.5,-0.24347
dest_metro_pop_weighted_sum,117825645.0,-0.24364
dest_metro_pop_weighted_sum,117857260.5,-0.24425
dest_metro_pop_weighted_sum,117887773.5,-0.24339
dest_metro_pop_weighted_sum,119295658.5,-0.24258
dest_metro_pop_weighted_sum,121125815.5,-0.24206
dest_metro_pop_weighted_sum,121866790.5,-0.24176
dest_metro_pop_weighted_sum,122285044.0,-0.24192
dest_metro_pop_weighted_sum,122710259.0,-0.24201
dest_metro_pop_weighted_sum,123076446.5,-0.24208
dest_metro_pop_weighted_sum,123500485.5,-0.24206
dest_metro_pop_weighted_sum,123887893.5,-0.24118
dest_metro_pop_weighted_sum,124331214.0,-0.24077
dest_metro_pop_weighted_sum,126652246.0,-0.2402
dest_metro_pop_weighted_sum,130700545.5,-0.23937
dest_metro_pop_weighted_sum,132931883.0,-0.23882
dest_metro_pop_weighted_sum,136166061.5,-0.23876
dest_metro_pop_weighted_sum,142054977.0,-0.23896
dest_metro_pop_weighted_sum,145247778.0,-0.23851
dest_metro_pop_weighted_sum,150085404.0,-0.23794
dest_metro_pop_weighted_sum,154913651.0,-0.23775
dest_metro_pop_weighted_sum,156746051.0,-0.23713
dest_metro_pop_weighted_sum,158480652.0,-0.23709
dest_metro_pop_weighted_sum,158838999.0,-0.23622
dest_metro_pop_weighted_sum,158870228.0,-0.23612
dest_metro_pop_weighted_sum,158930255.0,-0.23339
dest_metro_pop_weighted_sum,158982527.0,-0.23197
dest_metro_pop_weighted_sum,158998554.0,-0.23175
dest_metro_pop_weighted_sum,161541329.5,-0.23139
dest_metro_pop_weighted_sum,164301627.0,-0.22959
dest_metro_pop_weighted_sum,164532557.0,-0.22815
dest_metro_pop_weighted_sum,164689889.0,-0.2267
dest_metro_pop_weighted_sum,164919314.0,-0.22664
dest_metro_pop_weighted_sum,165051901.0,-0.22667
dest_metro_pop_weighted_sum,165125880.5,-0.22689
dest_metro_pop_weighted_sum,165461222.5,-0.2265
dest_metro_pop_weighted_sum,166793203.5,-0.22608
dest_metro_pop_weighted_sum,169730659.0,-0.22571
dest_metro_pop_weighted_sum,172681285.0,-0.22444
dest_metro_pop_weighted_sum,173940039.0,-0.22367
dest_metro_pop_weighted_sum,174638786.0,-0.22358
dest_metro_pop_weighted_sum,175346815.0,-0.22764
dest_metro_pop_weighted_sum,175660835.0,-0.23218
dest_metro_pop_weighted_sum,175980441.0,-0.23224
dest_metro_pop_weighted_sum,176248849.0,-0.23168
dest_metro_pop_weighted_sum,176282673.0,-0.23141
dest_metro_pop_weighted_sum,176296603.0,-0.23146
dest_metro_pop_weighted_sum,176320389.0,-0.23089
dest_metro_pop_weighted_sum,179908767.5,-0.22914
dest_metro_pop_weighted_sum,193407374.5,-0.22852
dest_metro_pop_weighted_sum,209328757.0,-0.22528
dest_metro_pop_weighted_sum,216339500.0,-0.22431
dest_metro_pop_weighted_sum,218171897.0,-0.22326
dest_metro_pop_weighted_sum,221101826.5,-0.22133
dest_metro_pop_weighted_sum,223222051.5,-0.21961
dest_metro_pop_weighted_sum,224430855.5,-0.21753
dest_metro_pop_weighted_sum,231706477.5,-0.21569
dest_metro_pop_weighted_sum,238970114.0,-0.21543
dest_metro_pop_weighted_sum,240412796.0,-0.22612
dest_metro_pop_weighted_sum,240730370.0,-0.22486
dest_metro_pop_weighted_sum,241576838.0,-0.22451
dest_metro_pop_weighted_sum,242571175.0,-0.22535
dest_metro_pop_weighted_sum,247155356.0,-0.22482
dest_metro_pop_weighted_sum,252948696.0,-0.22394
dest_metro_pop_weighted_sum,254952236.0,-0.2238
dest_metro_pop_weighted_sum,255721746.0,-0.22265
dest_metro_pop_weighted_sum,256041702.0,-0.2225
dest_metro_pop_weighted_sum,256496590.0,-0.22257
dest_metro_pop_weighted_sum,256856404.0,-0.22675
dest_metro_pop_weighted_sum,256950498.0,-0.28959
dest_metro_pop_weighted_sum,257061378.0,-0.28827
dest_metro_pop_weighted_sum,257128172.0,-0.28711
dest_metro_pop_weighted_sum,257156914.0,-0.28499
dest_metro_pop_weighted_sum,257179034.0,-0.28395
dest_metro_pop_weighted_sum,257282452.0,-0.28345
dest_metro_pop_weighted_sum,258618682.0,-0.28234
dest_metro_pop_weighted_sum,261737547.0,-0.28126
dest_metro_pop_weighted_sum,270696005.5,-0.27885
dest_metro_pop_weighted_sum,277798937.0,-0.27834
dest_metro_pop_weighted_sum,277881630.0,-0.27724
dest_metro_pop_weighted_sum,277981238.0,-0.27694
dest_metro_pop_weighted_sum,278156283.0,-0.27608
dest_metro_pop_weighted_sum,278626350.5,-0.27553
dest_metro_pop_weighted_sum,285452977.5,-0.27499
dest_metro_pop_weighted_sum,295006073.0,-0.27418
dest_metro_pop_weighted_sum,298423297.5,-0.27363
dest_metro_pop_weighted_sum,298885010.0,-0.27232
dest_metro_pop_weighted_sum,299486150.0,-0.27053
dest_metro_pop_weighted_sum,300030417.5,-0.26904
dest_metro_pop_weighted_sum,300100442.0,-0.26733
dest_metro_pop_weighted_sum,301345699.0,-0.26659
dest_metro_pop_weighted_sum,302988552.0,-0.26579
dest_metro_pop_weighted_sum,303591536.0,-0.26555
dest_metro_pop_weighted_sum,303803263.0,-0.26516
dest_metro_pop_weighted_sum,303924131.0,-0.26135
dest_metro_pop_weighted_sum,304281220.0,-0.25985
dest_metro_pop_weighted_sum,304547626.0,-0.25928
dest_metro_pop_weighted_sum,304590567.0,-0.25825
dest_metro_pop_weighted_sum,304661367.0,-0.25706
dest_metro_pop_weighted_sum,304717427.5,-0.25533
dest_metro_pop_weighted_sum,304752827.5,-0.25429
dest_metro_pop_weighted_sum,304802967.0,-0.25149
dest_metro_pop_weighted_sum,304887087.0,-0.25015
dest_metro_pop_weighted_sum,304965287.0,-0.2498
dest_metro_pop_weighted_sum,305134007.5,-0.24848
dest_metro_pop_weighted_sum,306703549.0,-0.2461
dest_metro_pop_weighted_sum,308905700.5,-0.24269
dest_metro_pop_weighted_sum,310724309.5,-0.24211
dest_metro_pop_weighted_sum,312000038.0,-0.2414
dest_metro_pop_weighted_sum,312286320.5,-0.23941
dest_metro_pop_weighted_sum,312743490.5,-0.23584
dest_metro_pop_weighted_sum,313185855.5,-0.23508
dest_metro_pop_weighted_sum,316035327.5,-0.23276
dest_metro_pop_weighted_sum,319825698.0,-0.23191
dest_metro_pop_weighted_sum,321830327.0,-0.23012
dest_metro_pop_weighted_sum,325567312.0,-0.22975
dest_metro_pop_weighted_sum,328308064.0,-0.22751
dest_metro_pop_weighted_sum,329029932.0,-0.22684
dest_metro_pop_weighted_sum,330472044.0,-0.22399
dest_metro_pop_weighted_sum,333036382.0,-0.2222
dest_metro_pop_weighted_sum,334884816.0,-0.22127
dest_metro_pop_weighted_sum,335017361.0,-0.21908
dest_metro_pop_weighted_sum,335151705.0,-0.21721
dest_metro_pop_weighted_sum,336404192.0,-0.21624
dest_metro_pop_weighted_sum,339885450.0,-0.21619
dest_metro_pop_weighted_sum,344405250.0,-0.21507
dest_metro_pop_weighted_sum,350602227.0,-0.21133
dest_metro_pop_weighted_sum,354769086.5,-0.20977
dest_metro_pop_weighted_sum,355289464.0,-0.20764
dest_metro_pop_weighted_sum,356026731.0,-0.20635
dest_metro_pop_weighted_sum,357579397.0,-0.20485
dest_metro_pop_weighted_sum,363557586.0,-0.20451
dest_metro_pop_weighted_sum,370571096.0,-0.20387
dest_metro_pop_weighted_sum,376030471.5,-0.20309
dest_metro_pop_weighted_sum,380397130.0,-0.20289
dest_metro_pop_weighted_sum,381653136.0,-0.20217
dest_metro_pop_weighted_sum,382636702.0,-0.20313
dest_metro_pop_weighted_sum,384000758.0,-0.20312
dest_metro_pop_weighted_sum,384905134.0,-0.3126
dest_metro_pop_weighted_sum,386549571.5,-0.31624
dest_metro_pop_weighted_sum,388033337.0,-0.31544
dest_metro_pop_weighted_sum,389307204.5,-0.31426
dest_metro_pop_weighted_sum,391129102.0,-0.31274
dest_metro_pop_weighted_sum,391936341.5,-0.3111
dest_metro_pop_weighted_sum,394629633.0,-0.31009
dest_metro_pop_weighted_sum,397356094.5,-0.30768
dest_metro_pop_weighted_sum,397683271.5,-0.3073
dest_metro_pop_weighted_sum,398050708.5,-0.30609
dest_metro_pop_weighted_sum,398333697.0,-0.30439
dest_metro_pop_weighted_sum,398662410.0,-0.30255
dest_metro_pop_weighted_sum,398953270.5,-0.30163
dest_metro_pop_weighted_sum,399362321.0,-0.30082
dest_metro_pop_weighted_sum,399738948.5,-0.29779
dest_metro_pop_weighted_sum,401529324.0,-0.29693
dest_metro_pop_weighted_sum,405692383.5,-0.29533
dest_metro_pop_weighted_sum,408757525.0,-0.29464
dest_metro_pop_weighted_sum,410913806.5,-0.29367
dest_metro_pop_weighted_sum,414840677.0,-0.29306
dest_metro_pop_weighted_sum,419808185.0,-0.29208
dest_metro_pop_weighted_sum,423700359.0,-0.29108
dest_metro_pop_weighted_sum,425489235.0,-0.2892
dest_metro_pop_weighted_sum,430892718.0,-0.28758
dest_metro_pop_weighted_sum,436775016.0,-0.28643
dest_metro_pop_weighted_sum,438063718.0,-0.2899
dest_metro_pop_weighted_sum,440607597.0,-0.30238
dest_metro_pop_weighted_sum,443005587.0,-0.30132
dest_metro_pop_weighted_sum,443845216.0,-0.30049
dest_metro_pop_weighted_sum,444484661.0,-0.29989
dest_metro_pop_weighted_sum,444858277.0,-0.29884
dest_metro_pop_weighted_sum,445340497.0,-0.29764
dest_metro_pop_weighted_sum,445500591.0,-0.29685
dest_metro_pop_weighted_sum,447927433.0,-0.29577
dest_metro_pop_weighted_sum,451424665.0,-0.29529
dest_metro_pop_weighted_sum,453010180.0,-0.2943
dest_metro_pop_weighted_sum,453788965.0,-0.29245
dest_metro_pop_weighted_sum,460077427.5,-0.28914
dest_metro_pop_weighted_sum,472903012.0,-0.28862
dest_metro_pop_weighted_sum,480213926.5,-0.28755
dest_metro_pop_weighted_sum,492066709.0,-0.28705
dest_metro_pop_weighted_sum,518539911.0,-0.28457
dest_metro_pop_weighted_sum,534419004.5,-0.27963
dest_metro_pop_weighted_sum,536131022.5,-0.27873
dest_metro_pop_weighted_sum,544463329.0,-0.27795
dest_metro_pop_weighted_sum,557681645.0,-0.27731
dest_metro_pop_weighted_sum,564266038.0,-0.27608
dest_metro_pop_weighted_sum,566324104.0,-0.27281
dest_metro_pop_weighted_sum,580941178.0,-0.27148
dest_metro_pop_weighted_sum,607901311.5,-0.26806
dest_metro_pop_weighted_sum,623051085.5,-0.26706
dest_metro_pop_weighted_sum,627003356.0,-0.26434
dest_metro_pop_weighted_sum,631885902.5,-0.26268
dest_metro_pop_weighted_sum,634464562.0,-0.26066
dest_metro_pop_weighted_sum,634821755.5,-0.25521
dest_metro_pop_weighted_sum,636305908.0,-0.25446
dest_metro_pop_weighted_sum,639287195.0,-0.25257
dest_metro_pop_weighted_sum,652382009.5,-0.24824
dest_metro_pop_weighted_sum,664141251.5,-0.24515
dest_metro_pop_weighted_sum,665509063.5,-0.2434
dest_metro_pop_weighted_sum,667918803.5,-0.24171
dest_metro_pop_weighted_sum,679542127.5,-0.24064
dest_metro_pop_weighted_sum,700419224.5,-0.23957
dest_metro_pop_weighted_sum,711164146.5,-0.23849
dest_metro_pop_weighted_sum,717401670.0,-0.23677
dest_metro_pop_weighted_sum,725779397.5,-0.23542
dest_metro_pop_weighted_sum,771898794.0,-0.23454
dest_metro_pop_weighted_sum,852463506.0,-0.23237
dest_metro_pop_weighted_sum,891903325.0,-0.23103
dest_metro_pop_weighted_sum,894894117.5,-0.2343
dest_metro_pop_weighted_sum,910582148.5,-0.23192
dest_metro_pop_weighted_sum,974958233.0,-0.23005
dest_metro_pop_weighted_sum,1024472174.0,-0.22781
dest_metro_pop_weighted_sum,1025227565.5,-0.2262
dest_metro_pop_weighted_sum,1025729283.5,-0.22455
dest_metro_pop_weighted_sum,1026211510.0,-0.22209
dest_metro_pop_weighted_sum,1027395161.0,-0.21919
dest_metro_pop_weighted_sum,1028717332.0,-0.21782
dest_metro_pop_weighted_sum,1029215986.5,-0.21743
dest_metro_pop_weighted_sum,1029471586.5,-0.21266
dest_metro_pop_weighted_sum,1029490114.0,-0.21086
dest_metro_pop_weighted_sum,1044423942.0,-0.2097
dest_metro_pop_weighted_sum,1061457551.0,-0.20809
dest_metro_pop_weighted_sum,1064777739.5,-0.20604
dest_metro_pop_weighted_sum,1066269920.0,-0.20499
dest_metro_pop_weighted_sum,1093212170.0,-0.20329
dest_metro_pop_weighted_sum,1124115335.5,-0.20237
dest_metro_pop_weighted_sum,1128689427.0,-0.20159
dest_metro_pop_weighted_sum,1133755307.0,-0.20036
dest_metro_pop_weighted_sum,1138623113.0,-0.19813
dest_metro_pop_weighted_sum,1138869542.0,-0.19412
dest_metro_pop_weighted_sum,1139264259.5,-0.19214
dest_metro_pop_weighted_sum,1139596297.0,-0.19111
dest_metro_pop_weighted_sum,1139865342.0,-0.18993
dest_metro_pop_weighted_sum,1140107973.0,-0.18872
dest_metro_pop_weighted_sum,1140138635.5,-0.18691
dest_metro_pop_weighted_sum,1140224879.5,-0.18581
dest_metro_pop_weighted_sum,1140386693.0,-0.18329
dest_metro_pop_weighted_sum,1140505024.0,-0.18205
dest_metro_pop_weighted_sum,1141438136.5,-0.18064
dest_metro_pop_weighted_sum,1144659020.5,-0.17628
dest_metro_pop_weighted_sum,1150316450.5,-0.17514
dest_metro_pop_weighted_sum,1206631728.0,-0.17407
dest_metro_pop_weighted_sum,1270232855.0,-0.17227
dest_metro_pop_weighted_sum,1283832199.0,-0.1709
dest_metro_pop_weighted_sum,1300345462.0,-0.1679
dest_metro_pop_weighted_sum,1314295240.0,-0.16502
dest_metro_pop_weighted_sum,1315120116.0,-0.1629
dest_metro_pop_weighted_sum,1317976985.0,-0.16202
dest_metro_pop_weighted_sum,1320665203.0,-0.15768
dest_metro_pop_weighted_sum,1321152777.0,-0.15608
dest_metro_pop_weighted_sum,1323873204.0,-0.1532
dest_metro_pop_weighted_sum,1326518889.0,-0.1523
dest_metro_pop_weighted_sum,1327753060.0,-0.15024
dest_metro_pop_weighted_sum,1328973400.0,-0.14826
dest_metro_pop_weighted_sum,1329413249.0,-0.14405
dest_metro_pop_weighted_sum,1329750307.0,-0.14094
dest_metro_pop_weighted_sum,1332136457.0,-0.13888
dest_metro_pop_weighted_sum,1339729680.0,-0.13734
dest_metro_pop_weighted_sum,1355313700.0,-0.13429
dest_metro_pop_weighted_sum,1370461915.0,-0.13307
dest_metro_pop_weighted_sum,1398198485.5,-0.13096
dest_metro_pop_weighted_sum,1423914793.5,-0.12924
dest_metro_pop_weighted_sum,1426773959.5,-0.12629
dest_metro_pop_weighted_sum,1465085327.0,-0.12398
dest_metro_pop_weighted_sum,1537851249.5,-0.11458
dest_metro_pop_weighted_sum,1575806538.5,-0.11303
dest_metro_pop_weighted_sum,1580192908.0,-0.10608
dest_metro_pop_weighted_sum,1586343422.0,-0.09646
dest_metro_pop_weighted_sum,1613264095.0,-0.04866
dest_metro_pop_weighted_sum,1644064289.5,0.03483
dest_metro_pop_weighted_sum,1693454138.5,0.038
dest_metro_pop_weighted_sum,1742926600.0,0.04216
dest_metro_pop_weighted_sum,1757220397.0,0.04618
dest_metro_pop_weighted_sum,1763764329.5,0.04928
dest_metro_pop_weighted_sum,1765986176.0,0.05306
dest_metro_pop_weighted_sum,1770852162.0,0.05548
dest_metro_pop_weighted_sum,1775073888.0,0.05724
dest_metro_pop_weighted_sum,1800182090.5,0.05913
dest_metro_pop_weighted_sum,1836907810.0,0.06161
dest_metro_pop_weighted_sum,1857025725.5,0.06321
dest_metro_pop_weighted_sum,1867076352.5,0.065
dest_metro_pop_weighted_sum,1869897628.5,0.06619
dest_metro_pop_weighted_sum,1903036683.0,0.0676
dest_metro_pop_weighted_sum,1952407041.0,0.07004
dest_metro_pop_weighted_sum,1988749746.0,0.07256
dest_metro_pop_weighted_sum,2032114529.0,0.07527
dest_metro_pop_weighted_sum,2092837285.5,0.07685
dest_metro_pop_weighted_sum,2143532522.0,0.07773
dest_metro_pop_weighted_sum,2186897305.0,0.07892
dest_metro_pop_weighted_sum,2216274923.0,0.07991
dest_metro_pop_weighted_sum,2231033774.5,0.08293
dest_metro_pop_weighted_sum,2279443087.5,0.08352
dest_metro_pop_weighted_sum,2375237665.5,0.08703
dest_metro_pop_weighted_sum,2486008918.0,0.0876
dest_metro_pop_weighted_sum,2539578840.0,0.08184
dest_metro_pop_weighted_sum,2559781778.5,0.0832
dest_metro_pop_weighted_sum,2586566739.5,0.08542
dest_metro_pop_weighted_sum,2603356324.0,0.08885
dest_metro_pop_weighted_sum,2632362525.0,0.09023
dest_metro_pop_weighted_sum,2660619102.5,0.09184
dest_metro_pop_weighted_sum,2668994497.5,0.09265
dest_metro_pop_weighted_sum,2739064799.0,0.09534
dest_metro_pop_weighted_sum,2817433967.5,0.09616
dest_metro_pop_weighted_sum,2832469309.0,0.09766
dest_metro_pop_weighted_sum,3045762175.5,0.09855
dest_metro_pop_weighted_sum,3269217722.5,0.09962
dest_metro_pop_weighted_sum,3323255521.0,0.10026
dest_metro_pop_weighted_sum,3382238154.5,0.1056
dest_metro_pop_weighted_sum,3410523602.5,0.10644
dest_metro_pop_weighted_sum,3425095291.0,0.10809
dest_metro_pop_weighted_sum,3475033705.5,0.11022
dest_metro_pop_weighted_sum,3569323720.5,0.11236
dest_metro_pop_weighted_sum,3623625160.0,0.11325
dest_metro_pop_weighted_sum,3634758258.0,0.1138
dest_metro_pop_weighted_sum,3649548750.5,0.11451
dest_metro_pop_weighted_sum,3665610732.5,0.11488
dest_metro_pop_weighted_sum,3674334381.0,0.11769
dest_metro_pop_weighted_sum,3713007347.5,0.11949
dest_metro_pop_weighted_sum,3796038092.5,0.12164
dest_metro_pop_weighted_sum,3948474506.5,0.12245
dest_metro_pop_weighted_sum,4180599052.5,0.12474
dest_metro_pop_weighted_sum,4310235277.0,0.12761
dest_metro_pop_weighted_sum,4315418078.0,0.12966
dest_metro_pop_weighted_sum,4322919356.5,0.13124
dest_metro_pop_weighted_sum,4330700513.0,0.13198
dest_metro_pop_weighted_sum,4536248730.0,0.13427
dest_metro_pop_weighted_sum,4750706541.5,0.13467
dest_metro_pop_weighted_sum,4811730511.5,0.13701
dest_metro_pop_weighted_sum,5100672081.5,0.13857
dest_metro_pop_weighted_sum,5339773007.0,0.14077
dest_metro_pop_weighted_sum,5348883619.0,0.14514
dest_metro_pop_weighted_sum,5384201384.5,0.14697
dest_metro_pop_weighted_sum,5429998578.5,0.14883
dest_metro_pop_weighted_sum,5468787265.0,0.15101
dest_metro_pop_weighted_sum,5535182268.0,0.15584
dest_metro_pop_weighted_sum,5857287373.5,0.15889
dest_metro_pop_weighted_sum,6293691692.0,0.1606
dest_metro_pop_weighted_sum,7056736555.5,0.16485
dest_metro_pop_weighted_sum,7703018892.0,0.16656
dest_metro_pop_weighted_sum,7764253170.0,0.16792
dest_metro_pop_weighted_sum,7883114115.5,0.17144
dest_metro_pop_weighted_sum,8135328718.0,0.1731
dest_metro_pop_weighted_sum,8347528085.5,0.17551
dest_metro_pop_weighted_sum,8630712289.0,0.18154
dest_metro_pop_weighted_sum,9113953404.5,0.18494
dest_metro_pop_weighted_sum,9626005010.0,0.19307
dest_metro_pop_weighted_sum,9876807435.0,0.19852
dest_metro_pop_weighted_sum,9897621306.5,0.20129
dest_metro_pop_weighted_sum,9952460080.0,0.20333
dest_metro_pop_weighted_sum,10689837285.0,0.20576
dest_metro_pop_weighted_sum,12114276623.5,0.21074
dest_metro_pop_weighted_sum,13186069371.5,0.21669
dest_metro_pop_weighted_sum,14017510865.0,0.22044
dest_metro_pop_weighted_sum,14797024259.0,0.22692
dest_metro_pop_weighted_sum,15561616796.5,0.23021
dest_metro_pop_weighted_sum,17819264401.5,0.23308
dest_metro_pop_weighted_sum,20018888956.5,0.25559
dest_metro_pop_weighted_sum,20711821640.0,0.389
dest_metro_pop_weighted_sum,21077244201.5,0.40072
dest_metro_pop_weighted_sum,21179814420.0,0.40601
dest_metro_pop_weighted_sum,21256257493.5,0.40694
dest_metro_pop_weighted_sum,23647962814.0,0.41398
dest_metro_pop_weighted_sum,26046422540.0,0.41531
dest_metro_pop_weighted_sum,27337361244.5,0.41777
dest_metro_pop_weighted_sum,30616305410.5,0.42153
dest_metro_pop_weighted_sum,32980876316.0,0.42546
dest_metro_pop_weighted_sum,33469749417.0,0.43208
dest_metro_pop_weighted_sum,33783288560.0,0.43595
dest_metro_pop_weighted_sum,36394503188.5,0.43816
dest_metro_pop_weighted_sum,40583250982.5,0.44294
dest_metro_pop_weighted_sum,43326822693.0,0.44293
n_distinct_destinations,4.0,-0.0393
n_distinct_destinations,4.5,-0.03501
n_distinct_destinations,5.5,-0.02398
n_distinct_destinations,7.5,-0.0274
n_distinct_destinations,9.5,-0.04506
n_distinct_destinations,10.5,-0.04694
n_distinct_destinations,11.5,-0.05164
n_distinct_destinations,12.5,-0.05947
n_distinct_destinations,13.5,-0.06657
n_distinct_destinations,15.0,-0.06974
n_distinct_destinations,16.5,-0.06955
n_distinct_destinations,17.5,-0.06312
n_distinct_destinations,18.5,-0.05021
n_distinct_destinations,19.5,-0.05452
n_distinct_destinations,20.5,-0.05551
n_distinct_destinations,21.5,-0.0469
n_distinct_destinations,22.5,-0.04285
n_distinct_destinations,24.0,-0.04474
n_distinct_destinations,25.5,-0.04496
n_distinct_destinations,26.5,-0.04175
n_distinct_destinations,27.5,-0.0395
n_distinct_destinations,28.5,-0.04269
n_distinct_destinations,29.5,-0.04466
n_distinct_destinations,30.5,-0.04814
n_distinct_destinations,31.5,-0.04591
n_distinct_destinations,32.5,-0.05115
n_distinct_destinations,33.5,-0.05434
n_distinct_destinations,35.0,-0.05287
n_distinct_destinations,36.5,-0.05248
n_distinct_destinations,37.5,-0.09194
n_distinct_destinations,38.5,-0.09106
n_distinct_destinations,39.5,-0.08958
n_distinct_destinations,40.5,-0.08768
n_distinct_destinations,41.5,-0.08255
n_distinct_destinations,42.5,-0.07964
n_distinct_destinations,43.5,-0.07342
n_distinct_destinations,44.5,-0.08423
n_distinct_destinations,45.5,-0.08058
n_distinct_destinations,46.5,-0.08743
n_distinct_destinations,47.5,-0.11606
n_distinct_destinations,48.5,-0.13262
n_distinct_destinations,50.0,-0.12715
n_distinct_destinations,51.5,-0.12366
n_distinct_destinations,52.5,-0.1146
n_distinct_destinations,55.0,-0.10719
n_distinct_destinations,57.5,-0.10074
n_distinct_destinations,59.0,-0.0918
n_distinct_destinations,60.5,-0.08387
n_distinct_destinations,61.5,-0.07749
n_distinct_destinations,62.5,-0.06786
n_distinct_destinations,63.5,-0.05609
n_distinct_destinations,64.5,-0.04265
n_distinct_destinations,66.0,-0.03073
n_distinct_destinations,68.5,-0.02236
n_distinct_destinations,71.0,-0.01163
n_distinct_destinations,73.0,-0.0008
n_distinct_destinations,74.5,0.03827
n_distinct_destinations,77.0,0.08333
n_distinct_destinations,84.5,0.10014
n_distinct_destinations,92.0,0.1306
n_distinct_destinations,95.0,0.1703
n_distinct_destinations,98.5,0.18814
n_distinct_destinations,115.0,0.20722
n_distinct_destinations,133.0,0.22667
n_distinct_destinations,138.0,0.24295
n_distinct_destinations,148.5,0.3193
n_distinct_destinations,159.0,0.36272
n_distinct_destinations,179.5,0.41163
n_distinct_destinations,250.0,0.45529
eigenvector_centrality,0.0,-0.01391
eigenvector_centrality,8.982729142518021e-09,-0.01728
eigenvector_centrality,1.796545829168762e-08,-0.0205
eigenvector_centrality,4.098778299496903e-08,-0.02539
eigenvector_centrality,6.989072307468777e-08,-0.03028
eigenvector_centrality,7.948505958020328e-08,-0.03331
eigenvector_centrality,9.170235774259112e-08,-0.03502
eigenvector_centrality,1.0026259178428888e-07,-0.03659
eigenvector_centrality,1.199830411703449e-07,-0.03619
eigenvector_centrality,1.424803769923258e-07,-0.03571
eigenvector_centrality,1.7810327241170836e-07,-0.03448
eigenvector_centrality,2.1582557557781746e-07,-0.03324
eigenvector_centrality,2.415765465968534e-07,-0.0324
eigenvector_centrality,2.6239456643150135e-07,-0.0055
eigenvector_centrality,2.743219738129435e-07,-0.0022
eigenvector_centrality,2.931471885888887e-07,-0.00254
eigenvector_centrality,3.1881186499789096e-07,-0.00061
eigenvector_centrality,3.5237785657765766e-07,-0.00034
eigenvector_centrality,4.127239705122259e-07,0.00102
eigenvector_centrality,4.623436117289051e-07,-0.00025
eigenvector_centrality,5.415115139543275e-07,-0.00245
eigenvector_centrality,6.538571131532824e-07,-0.00423
eigenvector_centrality,9.32697680166148e-07,-0.00486
eigenvector_centrality,1.2109260747126508e-06,-0.00597
eigenvector_centrality,4.286997952630162e-06,-0.00561
eigenvector_centrality,7.419736437314359e-06,-0.00575
eigenvector_centrality,7.513041218435593e-06,-0.00552
eigenvector_centrality,7.519196796553927e-06,-0.00621
eigenvector_centrality,7.5253523747435046e-06,-0.00676
eigenvector_centrality,7.5253523748147485e-06,-0.00778
eigenvector_centrality,7.562960384331843e-06,-0.0066
eigenvector_centrality,7.715647772681676e-06,-0.00588
eigenvector_centrality,7.830727151514414e-06,-0.00568
eigenvector_centrality,7.872679975675318e-06,-0.00876
eigenvector_centrality,8.212476416565398e-06,-0.00937
eigenvector_centrality,8.544697495291808e-06,-0.00978
eigenvector_centrality,8.57907495728904e-06,-0.03305
eigenvector_centrality,1.0809683076763278e-05,-0.03453
eigenvector_centrality,1.393993949769768e-05,-0.03695
eigenvector_centrality,1.5090688941960975e-05,-0.03933
eigenvector_centrality,1.5382122090330693e-05,-0.04405
eigenvector_centrality,1.5428016015682692e-05,-0.04677
eigenvector_centrality,1.54335779354681e-05,-0.04739
eigenvector_centrality,1.5832105325096105e-05,-0.04918
eigenvector_centrality,1.6235720432409692e-05,-0.05022
eigenvector_centrality,1.624080815009528e-05,-0.0516
eigenvector_centrality,1.6245895867780863e-05,-0.0531
eigenvector_centrality,1.625098358546645e-05,-0.05294
eigenvector_centrality,1.628238865431398e-05,-0.05356
eigenvector_centrality,1.6379816172758013e-05,-0.05466
eigenvector_centrality,1.6466223192595558e-05,-0.05555
eigenvector_centrality,1.877783684186488e-05,-0.05595
eigenvector_centrality,2.170766981185163e-05,-0.06054
eigenvector_centrality,2.2519756549889073e-05,-0.0854
eigenvector_centrality,2.3363791338951862e-05,-0.0911
eigenvector_centrality,2.5201195666666193e-05,-0.09133
eigenvector_centrality,2.6612873411975453e-05,-0.09147
eigenvector_centrality,2.745846814848302e-05,-0.0904
eigenvector_centrality,2.8341609808447633e-05,-0.08894
eigenvector_centrality,2.862401568081683e-05,-0.0884
eigenvector_centrality,2.9227675389967355e-05,-0.08642
eigenvector_centrality,2.9831301509784475e-05,-0.08426
eigenvector_centrality,2.992227408762728e-05,-0.08351
eigenvector_centrality,3.087216402804612e-05,-0.08263
eigenvector_centrality,3.2086076753904967e-05,-0.08088
eigenvector_centrality,3.44890867381952e-05,-0.07716
eigenvector_centrality,3.830793691438814e-05,-0.07396
eigenvector_centrality,4.0838353354524586e-05,-0.07007
eigenvector_centrality,4.270097945780384e-05,-0.06893
eigenvector_centrality,4.380402467619843e-05,-0.06768
eigenvector_centrality,4.3804024676264724e-05,-0.06498
eigenvector_centrality,4.380402467626474e-05,-0.06057
eigenvector_centrality,4.7542421318496834e-05,-0.05791
eigenvector_centrality,5.368275549938807e-05,-0.05522
eigenvector_centrality,5.760223572519881e-05,-0.05436
eigenvector_centrality,6.0998204569789874e-05,-0.05255
eigenvector_centrality,6.667612364904255e-05,-0.04921
eigenvector_centrality,7.151091634734349e-05,-0.04851
eigenvector_centrality,7.337510720108528e-05,-0.04663
eigenvector_centrality,7.42282525151354e-05,-0.05538
eigenvector_centrality,7.560684212905655e-05,-0.05428
eigenvector_centrality,8.020867510735491e-05,-0.05443
eigenvector_centrality,8.345617270852818e-05,-0.05319
eigenvector_centrality,8.565761326163174e-05,-0.05146
eigenvector_centrality,0.0003753419032772177,-0.05237
eigenvector_centrality,0.00087844899636,-0.05257
eigenvector_centrality,0.00126466357931805,-0.05286
eigenvector_centrality,0.0015953941625963999,-0.05154
eigenvector_centrality,0.0019513254846274001,-0.05061
eigenvector_centrality,0.0022558625596041998,-0.04892
eigenvector_centrality,0.0025387703769033498,-0.04766
eigenvector_centrality,0.00304304580465275,-0.04647
eigenvector_centrality,0.003937576195916,-0.04249
eigenvector_centrality,0.0046767820404918,-0.0425
eigenvector_centrality,0.0051980419075377,-0.04272
eigenvector_centrality,0.0058935375698591,-0.0414
eigenvector_centrality,0.006349935581433,-0.03992
eigenvector_centrality,0.006628082504478,-0.03579
eigenvector_centrality,0.00752299704017285,-0.03344
eigenvector_centrality,0.0086430740681992,-0.0302
eigenvector_centrality,0.00906203650860865,-0.02649
eigenvector_centrality,0.0094019584125472,-0.02391
eigenvector_centrality,0.0104337376346386,-0.02326
eigenvector_centrality,0.011418174462942101,-0.02153
eigenvector_centrality,0.01439246669423855,-0.02279
eigenvector_centrality,0.01735093069954655,-0.02373
eigenvector_centrality,0.017630441236331403,-0.02546
eigenvector_centrality,0.01770025442805895,-0.02861
eigenvector_centrality,0.019083503128143352,-0.16655
eigenvector_centrality,0.02049023957200545,-0.18848
eigenvector_centrality,0.02219820075422065,-0.22381
eigenvector_centrality,0.0238517080259823,-0.22139
eigenvector_centrality,0.026034945091724,-0.22075
eigenvector_centrality,0.028205120565718847,-0.22119
eigenvector_centrality,0.0284500713641255,-0.21965
eigenvector_centrality,0.03002867577452875,-0.21972
eigenvector_centrality,0.0321276938677731,-0.21696
eigenvector_centrality,0.0352915854628274,-0.20865
eigenvector_centrality,0.0380136664469434,-0.20497
eigenvector_centrality,0.0398438809542215,-0.20269
eigenvector_centrality,0.04138708683514495,-0.19739
eigenvector_centrality,0.045268250673879296,-0.19613
eigenvector_centrality,0.05043082128271635,-0.19365
eigenvector_centrality,0.053764308597936294,-0.19154
eigenvector_centrality,0.0586082411821319,-0.19014
eigenvector_centrality,0.06414181368940235,-0.18564
eigenvector_centrality,0.06778988026078075,-0.19977
eigenvector_centrality,0.06941347977423955,-0.19746
eigenvector_centrality,0.07471277389397696,-0.19566
eigenvector_centrality,0.08217274604334834,-0.19259
eigenvector_centrality,0.08550553666408481,-0.18967
eigenvector_centrality,0.0867714713963946,-0.18604
eigenvector_centrality,0.0888418347998822,-0.18283
eigenvector_centrality,0.0910072336175458,-0.17786
eigenvector_centrality,0.10032520760024655,-0.17069
eigenvector_centrality,0.10964127030180335,-0.16648
eigenvector_centrality,0.1114979988827102,-0.16187
eigenvector_centrality,0.11318600087612254,-0.15806
eigenvector_centrality,0.1144124067937331,-0.15423
eigenvector_centrality,0.11794651604984215,-0.14922
eigenvector_centrality,0.1212325858132475,-0.14391
eigenvector_centrality,0.1244687173832426,-0.13746
eigenvector_centrality,0.12805178733607114,-0.13073
eigenvector_centrality,0.128872978409003,-0.12578
eigenvector_centrality,0.13138887608663063,-0.11682
eigenvector_centrality,0.13414507991834268,-0.10708
eigenvector_centrality,0.1366376004337405,-0.08539
eigenvector_centrality,0.14168942340632085,0.01153
eigenvector_centrality,0.1457038479279959,0.02338
eigenvector_centrality,0.1517612662889917,0.03084
eigenvector_centrality,0.1582407655765778,0.04796
eigenvector_centrality,0.1655887592133351,0.05448
eigenvector_centrality,0.1715714961714657,0.06553
eigenvector_centrality,0.18724832374936984,0.06999
eigenvector_centrality,0.22165830646809745,0.07884
eigenvector_centrality,0.26286330108154377,0.08522
eigenvector_centrality,0.30086712902108476,0.09439
eigenvector_centrality,0.31740091389713243,0.10143
eigenvector_centrality,0.3227316961310835,0.10937
eigenvector_centrality,0.3409426309137841,0.11486
eigenvector_centrality,0.38220888609787496,0.12484
eigenvector_centrality,0.4120901289177117,0.13251
eigenvector_centrality,0.4430689303717734,0.18825
eigenvector_centrality,0.47162762127232793,0.19725
eigenvector_centrality,0.47203206543319753,0.20253
eigenvector_centrality,0.5090231932471123,0.20958
eigenvector_centrality,0.5508669100430562,0.21981
eigenvector_centrality,0.569755081102945,0.22794
eigenvector_centrality,0.6547460950215069,0.23893
eigenvector_centrality,0.7288034819525978,0.26591
eigenvector_centrality,0.7840089817676078,0.27198
eigenvector_centrality,0.8440376162694234,0.28045
eigenvector_centrality,0.8523054268224277,0.2881
eigenvector_centrality,0.9124679458584258,0.30495
eigenvector_centrality,0.9818459118846027,0.31437
eigenvector_centrality,0.9959042619057306,0.3202
