label,rmse_log,r2
Fold 1,0.7829644240672825,0.7942304266496956
Fold 2,0.8065005584626891,0.7966646526902782
Fold 3,0.7159325012070256,0.8074553816702114
Fold 4,0.8481990937075602,0.7507875951130718
Fold 5,1.0601264888192663,0.6168083463814076
CV (OOF),0.843825597792924,0.7596797003729262
