label,rmse_log,r2,mape
Fold 1,0.9014486611774261,0.7046897141229709,123.41118504852552
Fold 2,0.9769528137524957,0.735911833809697,84.61713256161737
Fold 3,0.7936359216843013,0.7676140809994209,90.47723116521165
Fold 4,0.8833720863000862,0.7426976907881062,80.34912365016324
Fold 5,0.7231992923603552,0.8244574234748008,63.49973941170883
CV (OOF),0.8604563827517465,0.754785162536143,88.53297036307951
