label,rmse_log,r2
Fold 1,0.8661321340759872,0.7014752515789628
Fold 2,0.7469658109298584,0.8197283375225666
Fold 3,0.7640436965233159,0.8073033889027383
Fold 4,0.8328532400877788,0.7872956717199754
Fold 5,0.7483753234644623,0.8077232995090433
CV (OOF),0.7932559053226313,0.7876209406137502
