label,rmse_log,r2,mape
Fold 1,0.8534760123175588,0.7226111467176892,100.89528020405685
Fold 2,0.6904254077319056,0.8570899501611455,67.28652056949323
Fold 3,0.7178797347854318,0.8415270897657146,55.80146762191225
Fold 4,0.8506088629866317,0.7522919093718491,126.78363399571735
Fold 5,0.6791553147293758,0.8267832713115023,65.19672315748105
CV (OOF),0.7622375394940627,0.8038298370041654,83.14378647314757
