label,rmse_log,r2,mape
Fold 1,0.8898250152605827,0.7122563161704701,118.44962103627552
Fold 2,0.9798552824239102,0.7343403223869795,87.17238292061582
Fold 3,0.7933024610059929,0.7678093223797857,89.8522364920735
Fold 4,0.8919217500380572,0.7376930187895968,80.18155251445761
Fold 5,0.7261416745459813,0.8230261054712721,64.20145133149676
CV (OOF),0.8608750942694708,0.7545464537293396,88.03066066737411
